{
    "6NMvkr": {
        "average": null,
        "count": 0,
        "total": 0.0
    },
    "CalculatingResidual": {
        "average": 0.00014964713576259592,
        "count": 26318,
        "total": 3.9384133189999995
    },
    "CreatePrediction": {
        "average": 2.7424735922183064e-07,
        "count": 26318,
        "total": 0.007217642000000139
    },
    "ErrorMPI": {
        "average": 3.533863656,
        "count": 1,
        "total": 3.533863656
    },
    "InitPrediction": {
        "average": 0.0004679221383463764,
        "count": 26318,
        "total": 12.314774836999934
    },
    "Predict": {
        "average": 0.7573482843836205,
        "count": 26318,
        "total": 19931.892148408122
    },
    "RenderingDatabase": {
        "average": 1.443456999012095e-05,
        "count": 26318,
        "total": 0.37988901300000316
    },
    "RenderingProperty": {
        "average": 7.395025153887063e-06,
        "count": 26318,
        "total": 0.19462227199999974
    },
    "comput-rank-115": {
        "average": 0.7581382425182782,
        "count": 26318,
        "total": 19952.682266596046
    },
    "recv-rank-115": {
        "average": 0.07298919807511643,
        "count": 26319,
        "total": 1921.0027041389892
    },
    "send-rank-115": {
        "average": 3.22253529903486e-06,
        "count": 26318,
        "total": 0.08481068399999944
    }
}
