{
    "8olk0W": {
        "average": null,
        "count": 0,
        "total": 0.0
    },
    "CalculatingResidual": {
        "average": 0.00015296035699132132,
        "count": 25925,
        "total": 3.965497255000005
    },
    "CreatePrediction": {
        "average": 2.6362279652844205e-07,
        "count": 25925,
        "total": 0.006834420999999861
    },
    "ErrorMPI": {
        "average": 3.608544785,
        "count": 1,
        "total": 3.608544785
    },
    "InitPrediction": {
        "average": 0.0004770810876374157,
        "count": 25925,
        "total": 12.368327197000001
    },
    "Predict": {
        "average": 0.7670558541627759,
        "count": 25925,
        "total": 19885.923019169964
    },
    "RenderingDatabase": {
        "average": 1.4946810530376124e-05,
        "count": 25925,
        "total": 0.387496063000001
    },
    "RenderingProperty": {
        "average": 7.355747926711683e-06,
        "count": 25925,
        "total": 0.19069776500000038
    },
    "comput-rank-45": {
        "average": 0.7678653440241051,
        "count": 25925,
        "total": 19906.909043824926
    },
    "recv-rank-45": {
        "average": 0.07585999730332449,
        "count": 25926,
        "total": 1966.7462900859907
    },
    "send-rank-45": {
        "average": 2.037277222757959e-06,
        "count": 25925,
        "total": 0.05281641200000009
    }
}
