{
    "2s2Ndl": {
        "average": null,
        "count": 0,
        "total": 0.0
    },
    "CalculatingResidual": {
        "average": 0.00015389870433107894,
        "count": 25444,
        "total": 3.9157986329999726
    },
    "CreatePrediction": {
        "average": 2.690542760572405e-07,
        "count": 25444,
        "total": 0.006845817000000427
    },
    "ErrorMPI": {
        "average": 3.640714916,
        "count": 1,
        "total": 3.640714916
    },
    "InitPrediction": {
        "average": 0.00048115507703191414,
        "count": 25444,
        "total": 12.242509780000024
    },
    "Predict": {
        "average": 0.7835531014673014,
        "count": 25444,
        "total": 19936.725113734017
    },
    "RenderingDatabase": {
        "average": 1.5148646635749196e-05,
        "count": 25444,
        "total": 0.38544216500000256
    },
    "RenderingProperty": {
        "average": 7.085581197924852e-06,
        "count": 25444,
        "total": 0.18028552799999994
    },
    "comput-rank-8": {
        "average": 0.7843647056009705,
        "count": 25444,
        "total": 19957.375569311094
    },
    "recv-rank-8": {
        "average": 0.07530984576207535,
        "count": 25445,
        "total": 1916.2590254160073
    },
    "send-rank-8": {
        "average": 1.6930067599433988e-06,
        "count": 25444,
        "total": 0.04307686399999984
    }
}
