{
    "B0UwFj": {
        "average": null,
        "count": 0,
        "total": 0.0
    },
    "CalculatingResidual": {
        "average": 0.00014924360135595938,
        "count": 26402,
        "total": 3.9403295630000397
    },
    "CreatePrediction": {
        "average": 2.54540186349514e-07,
        "count": 26402,
        "total": 0.006720369999999869
    },
    "ErrorMPI": {
        "average": 3.480667317,
        "count": 1,
        "total": 3.480667317
    },
    "InitPrediction": {
        "average": 0.0004701294285281415,
        "count": 26402,
        "total": 12.412357171999991
    },
    "Predict": {
        "average": 0.7555647757889976,
        "count": 26402,
        "total": 19948.421210381115
    },
    "RenderingDatabase": {
        "average": 1.4584698091053786e-05,
        "count": 26402,
        "total": 0.3850651990000021
    },
    "RenderingProperty": {
        "average": 7.156062987652449e-06,
        "count": 26402,
        "total": 0.18893437499999996
    },
    "comput-rank-108": {
        "average": 0.7563562639856537,
        "count": 26402,
        "total": 19969.31808174923
    },
    "recv-rank-108": {
        "average": 0.07212975843729823,
        "count": 26403,
        "total": 1904.442012019985
    },
    "send-rank-108": {
        "average": 2.758241799863624e-06,
        "count": 26402,
        "total": 0.0728230999999994
    }
}
