{
    "CalculatingResidual": {
        "average": 0.00015206405525811857,
        "count": 25589,
        "total": 3.891167109999996
    },
    "CreatePrediction": {
        "average": 2.740906639571871e-07,
        "count": 25589,
        "total": 0.007013706000000461
    },
    "ErrorMPI": {
        "average": 3.51553487,
        "count": 1,
        "total": 3.51553487
    },
    "InitPrediction": {
        "average": 0.00047315933819219437,
        "count": 25589,
        "total": 12.107674305000062
    },
    "Predict": {
        "average": 0.7793075873004769,
        "count": 25589,
        "total": 19941.701851431902
    },
    "Q3jhlL": {
        "average": null,
        "count": 0,
        "total": 0.0
    },
    "RenderingDatabase": {
        "average": 1.4521770213763797e-05,
        "count": 25589,
        "total": 0.3715975780000018
    },
    "RenderingProperty": {
        "average": 7.326525460158674e-06,
        "count": 25589,
        "total": 0.18747846000000032
    },
    "comput-rank-120": {
        "average": 0.7801068641330672,
        "count": 25589,
        "total": 19962.154546301055
    },
    "recv-rank-120": {
        "average": 0.07469692554521241,
        "count": 25590,
        "total": 1911.4943247019858
    },
    "send-rank-120": {
        "average": 2.886374575012693e-06,
        "count": 25589,
        "total": 0.0738594389999998
    }
}
