{
    "6aESj2": {
        "average": null,
        "count": 0,
        "total": 0.0
    },
    "CalculatingResidual": {
        "average": 0.00014899800202043329,
        "count": 26232,
        "total": 3.908515589000006
    },
    "CreatePrediction": {
        "average": 3.0737942207991085e-07,
        "count": 26232,
        "total": 0.008063177000000222
    },
    "ErrorMPI": {
        "average": 3.573032908,
        "count": 1,
        "total": 3.573032908
    },
    "InitPrediction": {
        "average": 0.0004717941588517832,
        "count": 26232,
        "total": 12.376104374999978
    },
    "Predict": {
        "average": 0.7599590587381402,
        "count": 26232,
        "total": 19935.246028818892
    },
    "RenderingDatabase": {
        "average": 1.4545019861238248e-05,
        "count": 26232,
        "total": 0.38154496100000174
    },
    "RenderingProperty": {
        "average": 7.237465576395251e-06,
        "count": 26232,
        "total": 0.18985319700000022
    },
    "comput-rank-69": {
        "average": 0.7607534546542352,
        "count": 26232,
        "total": 19956.084622489896
    },
    "recv-rank-69": {
        "average": 0.07309756945522747,
        "count": 26233,
        "total": 1917.568539518982
    },
    "send-rank-69": {
        "average": 2.847040904239071e-06,
        "count": 26232,
        "total": 0.07468357699999931
    }
}
