{
    "BIixjz": {
        "average": null,
        "count": 0,
        "total": 0.0
    },
    "CalculatingResidual": {
        "average": 0.00015492943338803013,
        "count": 25596,
        "total": 3.9655737770000195
    },
    "CreatePrediction": {
        "average": 2.839467885607322e-07,
        "count": 25596,
        "total": 0.007267902000000502
    },
    "ErrorMPI": {
        "average": 3.680484809,
        "count": 1,
        "total": 3.680484809
    },
    "InitPrediction": {
        "average": 0.0004836793771292398,
        "count": 25596,
        "total": 12.380257337000023
    },
    "Predict": {
        "average": 0.7783804752826982,
        "count": 25596,
        "total": 19923.42664533594
    },
    "RenderingDatabase": {
        "average": 1.505798945147679e-05,
        "count": 25596,
        "total": 0.3854242979999999
    },
    "RenderingProperty": {
        "average": 7.303214017815346e-06,
        "count": 25596,
        "total": 0.1869330660000016
    },
    "comput-rank-36": {
        "average": 0.7791976803087962,
        "count": 25596,
        "total": 19944.343825183947
    },
    "recv-rank-36": {
        "average": 0.07536996523842708,
        "count": 25597,
        "total": 1929.245000208018
    },
    "send-rank-36": {
        "average": 1.7487641819034022e-06,
        "count": 25596,
        "total": 0.04476136799999948
    }
}
