{
    "07ZsOm": {
        "average": null,
        "count": 0,
        "total": 0.0
    },
    "CalculatingResidual": {
        "average": 0.00015094135407111244,
        "count": 25509,
        "total": 3.8503630010000074
    },
    "CreatePrediction": {
        "average": 2.512758634207535e-07,
        "count": 25509,
        "total": 0.0064097960000000015
    },
    "ErrorMPI": {
        "average": 3.546366779,
        "count": 1,
        "total": 3.546366779
    },
    "InitPrediction": {
        "average": 0.00047710198047747445,
        "count": 25509,
        "total": 12.170394419999896
    },
    "Predict": {
        "average": 0.7820494576974393,
        "count": 25509,
        "total": 19949.29961640398
    },
    "RenderingDatabase": {
        "average": 1.4434614410600308e-05,
        "count": 25509,
        "total": 0.36821257900000326
    },
    "RenderingProperty": {
        "average": 7.356119408836106e-06,
        "count": 25509,
        "total": 0.18764725000000024
    },
    "comput-rank-118": {
        "average": 0.7828506781415644,
        "count": 25509,
        "total": 19969.737948713166
    },
    "recv-rank-118": {
        "average": 0.07463557103931687,
        "count": 25510,
        "total": 1903.9534172129731
    },
    "send-rank-118": {
        "average": 2.9920409267317203e-06,
        "count": 25509,
        "total": 0.07632397199999945
    }
}
