{
    "3T6NJZ": {
        "average": null,
        "count": 0,
        "total": 0.0
    },
    "CalculatingResidual": {
        "average": 0.00014746534151547475,
        "count": 26236,
        "total": 3.8689006999999953
    },
    "CreatePrediction": {
        "average": 2.587599862784183e-07,
        "count": 26236,
        "total": 0.006788827000000583
    },
    "ErrorMPI": {
        "average": 3.384914982,
        "count": 1,
        "total": 3.384914982
    },
    "InitPrediction": {
        "average": 0.00046551273380088335,
        "count": 26236,
        "total": 12.213192083999976
    },
    "Predict": {
        "average": 0.760287766509491,
        "count": 26236,
        "total": 19946.909842143006
    },
    "RenderingDatabase": {
        "average": 1.429621264674494e-05,
        "count": 26236,
        "total": 0.37507543500000023
    },
    "RenderingProperty": {
        "average": 6.738692331148043e-06,
        "count": 26236,
        "total": 0.17679633200000006
    },
    "comput-rank-109": {
        "average": 0.7610666307552597,
        "count": 26236,
        "total": 19967.344124494994
    },
    "recv-rank-109": {
        "average": 0.07266532589846328,
        "count": 26237,
        "total": 1906.520155597981
    },
    "send-rank-109": {
        "average": 2.790140913248955e-06,
        "count": 26236,
        "total": 0.07320213699999958
    }
}
