{
    "8mY7RO": {
        "average": null,
        "count": 0,
        "total": 0.0
    },
    "CalculatingResidual": {
        "average": 0.00015578383346342804,
        "count": 25622,
        "total": 3.991493380999953
    },
    "CreatePrediction": {
        "average": 2.991108812739372e-07,
        "count": 25622,
        "total": 0.0076638190000008185
    },
    "ErrorMPI": {
        "average": 3.742718484,
        "count": 1,
        "total": 3.742718484
    },
    "InitPrediction": {
        "average": 0.0004862870549527722,
        "count": 25622,
        "total": 12.45964692199993
    },
    "Predict": {
        "average": 0.7788349714076923,
        "count": 25622,
        "total": 19955.309637407892
    },
    "RenderingDatabase": {
        "average": 1.5234402739832982e-05,
        "count": 25622,
        "total": 0.39033586700000067
    },
    "RenderingProperty": {
        "average": 7.5444318554367244e-06,
        "count": 25622,
        "total": 0.19330343299999975
    },
    "comput-rank-14": {
        "average": 0.7796569865219338,
        "count": 25622,
        "total": 19976.371308664988
    },
    "recv-rank-14": {
        "average": 0.07404060220395785,
        "count": 25623,
        "total": 1897.1423502720118
    },
    "send-rank-14": {
        "average": 1.856123448598836e-06,
        "count": 25622,
        "total": 0.04755759499999938
    }
}
