{
    "4wkHdv": {
        "average": null,
        "count": 0,
        "total": 0.0
    },
    "CalculatingResidual": {
        "average": 0.00015133886215372522,
        "count": 25630,
        "total": 3.878815036999977
    },
    "CreatePrediction": {
        "average": 2.774840421381335e-07,
        "count": 25630,
        "total": 0.007111916000000362
    },
    "ErrorMPI": {
        "average": 3.53407698,
        "count": 1,
        "total": 3.53407698
    },
    "InitPrediction": {
        "average": 0.0004670198183378842,
        "count": 25630,
        "total": 11.969717943999973
    },
    "Predict": {
        "average": 0.7785645044714432,
        "count": 25630,
        "total": 19954.60824960309
    },
    "RenderingDatabase": {
        "average": 1.4387634529847842e-05,
        "count": 25630,
        "total": 0.3687550730000002
    },
    "RenderingProperty": {
        "average": 7.332482130316034e-06,
        "count": 25630,
        "total": 0.18793151699999994
    },
    "comput-rank-121": {
        "average": 0.77935471111151,
        "count": 25630,
        "total": 19974.861245788
    },
    "recv-rank-121": {
        "average": 0.07408301390203162,
        "count": 25631,
        "total": 1898.8217293229725
    },
    "send-rank-121": {
        "average": 3.276975380413599e-06,
        "count": 25630,
        "total": 0.08398887900000054
    }
}
