{
    "0unxDH": {
        "average": null,
        "count": 0,
        "total": 0.0
    },
    "CalculatingResidual": {
        "average": 0.00015324520344747532,
        "count": 25874,
        "total": 3.9650663939999764
    },
    "CreatePrediction": {
        "average": 2.5822698461777397e-07,
        "count": 25874,
        "total": 0.006681365000000284
    },
    "ErrorMPI": {
        "average": 3.627051141,
        "count": 1,
        "total": 3.627051141
    },
    "InitPrediction": {
        "average": 0.0004762566634459293,
        "count": 25874,
        "total": 12.322664909999975
    },
    "Predict": {
        "average": 0.770112140282527,
        "count": 25874,
        "total": 19925.881517670103
    },
    "RenderingDatabase": {
        "average": 1.487028975032862e-05,
        "count": 25874,
        "total": 0.3847538770000027
    },
    "RenderingProperty": {
        "average": 7.19549443456749e-06,
        "count": 25874,
        "total": 0.18617622299999922
    },
    "comput-rank-35": {
        "average": 0.7709192261048976,
        "count": 25874,
        "total": 19946.76405623812
    },
    "recv-rank-35": {
        "average": 0.07446878535408717,
        "count": 25875,
        "total": 1926.8798210370055
    },
    "send-rank-35": {
        "average": 1.916845443302145e-06,
        "count": 25874,
        "total": 0.0495964589999997
    }
}
