{
    "CalculatingResidual": {
        "average": 0.00015186358604540295,
        "count": 25196,
        "total": 3.826354913999973
    },
    "CreatePrediction": {
        "average": 2.929756310525499e-07,
        "count": 25196,
        "total": 0.007381814000000047
    },
    "ECHM7o": {
        "average": null,
        "count": 0,
        "total": 0.0
    },
    "ErrorMPI": {
        "average": 3.486087995,
        "count": 1,
        "total": 3.486087995
    },
    "InitPrediction": {
        "average": 0.0004950096680822376,
        "count": 25196,
        "total": 12.472263597000056
    },
    "Predict": {
        "average": 0.7915925984103858,
        "count": 25196,
        "total": 19944.96710954808
    },
    "RenderingDatabase": {
        "average": 1.4695521312906894e-05,
        "count": 25196,
        "total": 0.3702683550000021
    },
    "RenderingProperty": {
        "average": 8.286550682648033e-06,
        "count": 25196,
        "total": 0.20878793099999984
    },
    "comput-rank-99": {
        "average": 0.7924211606028702,
        "count": 25196,
        "total": 19965.843562549915
    },
    "recv-rank-99": {
        "average": 0.07571903194237392,
        "count": 25197,
        "total": 1907.8924478519957
    },
    "send-rank-99": {
        "average": 3.4170704476900887e-06,
        "count": 25196,
        "total": 0.08609650699999948
    }
}
