{
    "45Kf4L": {
        "average": null,
        "count": 0,
        "total": 0.0
    },
    "CalculatingResidual": {
        "average": 0.00015388946368935155,
        "count": 25392,
        "total": 3.907561262000015
    },
    "CreatePrediction": {
        "average": 2.664731017643459e-07,
        "count": 25392,
        "total": 0.006766285000000272
    },
    "ErrorMPI": {
        "average": 3.716415395,
        "count": 1,
        "total": 3.716415395
    },
    "InitPrediction": {
        "average": 0.0004830621854127287,
        "count": 25392,
        "total": 12.265915012000008
    },
    "Predict": {
        "average": 0.7848120483319978,
        "count": 25392,
        "total": 19927.94753124609
    },
    "RenderingDatabase": {
        "average": 1.5093637917454277e-05,
        "count": 25392,
        "total": 0.383257653999999
    },
    "RenderingProperty": {
        "average": 7.236776858853209e-06,
        "count": 25392,
        "total": 0.18375623800000068
    },
    "comput-rank-42": {
        "average": 0.7856259723701919,
        "count": 25392,
        "total": 19948.614690423914
    },
    "recv-rank-42": {
        "average": 0.07580495796058001,
        "count": 25393,
        "total": 1924.9152974930082
    },
    "send-rank-42": {
        "average": 1.6389945652173825e-06,
        "count": 25392,
        "total": 0.041617349999999775
    }
}
