{
    "CalculatingResidual": {
        "average": 0.0001540387765484117,
        "count": 25397,
        "total": 3.912122808000012
    },
    "CreatePrediction": {
        "average": 2.532396739772505e-07,
        "count": 25397,
        "total": 0.0064315280000002304
    },
    "ErrorMPI": {
        "average": 3.647689972,
        "count": 1,
        "total": 3.647689972
    },
    "FZfTUh": {
        "average": null,
        "count": 0,
        "total": 0.0
    },
    "InitPrediction": {
        "average": 0.0004814592115210479,
        "count": 25397,
        "total": 12.227619595000053
    },
    "Predict": {
        "average": 0.7848361319448348,
        "count": 25397,
        "total": 19932.48324300297
    },
    "RenderingDatabase": {
        "average": 1.5297047722172073e-05,
        "count": 25397,
        "total": 0.38849912100000417
    },
    "RenderingProperty": {
        "average": 7.161856794109496e-06,
        "count": 25397,
        "total": 0.18188967699999886
    },
    "comput-rank-52": {
        "average": 0.785649669544201,
        "count": 25397,
        "total": 19953.144657414072
    },
    "recv-rank-52": {
        "average": 0.07561423751771817,
        "count": 25398,
        "total": 1920.450404475006
    },
    "send-rank-52": {
        "average": 1.6437835571130355e-06,
        "count": 25397,
        "total": 0.041747170999999764
    }
}
