{
    "8doEFK": {
        "average": null,
        "count": 0,
        "total": 0.0
    },
    "CalculatingResidual": {
        "average": 0.0001541252500583606,
        "count": 25702,
        "total": 3.9613271769999843
    },
    "CreatePrediction": {
        "average": 2.805353279900355e-07,
        "count": 25702,
        "total": 0.007210318999999892
    },
    "ErrorMPI": {
        "average": 3.561420479,
        "count": 1,
        "total": 3.561420479
    },
    "InitPrediction": {
        "average": 0.0004792840922885365,
        "count": 25702,
        "total": 12.318559739999964
    },
    "Predict": {
        "average": 0.7756658706118161,
        "count": 25702,
        "total": 19936.1642064649
    },
    "RenderingDatabase": {
        "average": 1.4796787993152365e-05,
        "count": 25702,
        "total": 0.38030704500000206
    },
    "RenderingProperty": {
        "average": 8.128606567582368e-06,
        "count": 25702,
        "total": 0.20892144600000204
    },
    "comput-rank-15": {
        "average": 0.7764876563521532,
        "count": 25702,
        "total": 19957.285743563043
    },
    "recv-rank-15": {
        "average": 0.07455823918694306,
        "count": 25703,
        "total": 1916.3704218219973
    },
    "send-rank-15": {
        "average": 2.5508858454594936e-06,
        "count": 25702,
        "total": 0.0655628679999999
    }
}
