{
    "52gL1a": {
        "average": null,
        "count": 0,
        "total": 0.0
    },
    "CalculatingResidual": {
        "average": 0.00015431689394358893,
        "count": 25279,
        "total": 3.9009767619999844
    },
    "CreatePrediction": {
        "average": 2.707105898176506e-07,
        "count": 25279,
        "total": 0.006843293000000389
    },
    "ErrorMPI": {
        "average": 3.598609103,
        "count": 1,
        "total": 3.598609103
    },
    "InitPrediction": {
        "average": 0.00048410980347324007,
        "count": 25279,
        "total": 12.237811722000036
    },
    "Predict": {
        "average": 0.7893923790793526,
        "count": 25279,
        "total": 19955.049950746954
    },
    "RenderingDatabase": {
        "average": 1.5152175442066602e-05,
        "count": 25279,
        "total": 0.38303184300000165
    },
    "RenderingProperty": {
        "average": 7.1846746311167576e-06,
        "count": 25279,
        "total": 0.18162139000000052
    },
    "comput-rank-12": {
        "average": 0.7902085175105481,
        "count": 25279,
        "total": 19975.681114149145
    },
    "recv-rank-12": {
        "average": 0.0750790394652295,
        "count": 25280,
        "total": 1897.9981176810015
    },
    "send-rank-12": {
        "average": 1.6955555599509372e-06,
        "count": 25279,
        "total": 0.04286194899999974
    }
}
