{
    "79xzIi": {
        "average": null,
        "count": 0,
        "total": 0.0
    },
    "CalculatingResidual": {
        "average": 0.00015019851261300444,
        "count": 25331,
        "total": 3.8046785230000153
    },
    "CreatePrediction": {
        "average": 2.90838616714704e-07,
        "count": 25331,
        "total": 0.007367233000000167
    },
    "ErrorMPI": {
        "average": 3.515385096,
        "count": 1,
        "total": 3.515385096
    },
    "InitPrediction": {
        "average": 0.00048754812830129106,
        "count": 25331,
        "total": 12.350081638000004
    },
    "Predict": {
        "average": 0.7864415399692857,
        "count": 25331,
        "total": 19921.350648961976
    },
    "RenderingDatabase": {
        "average": 1.4434112391930844e-05,
        "count": 25331,
        "total": 0.3656305010000002
    },
    "RenderingProperty": {
        "average": 7.843736844182975e-06,
        "count": 25331,
        "total": 0.19868969799999897
    },
    "comput-rank-103": {
        "average": 0.7872575582711312,
        "count": 25331,
        "total": 19942.021208566024
    },
    "recv-rank-103": {
        "average": 0.07625523552913248,
        "count": 25332,
        "total": 1931.697626423984
    },
    "send-rank-103": {
        "average": 3.111090600450037e-06,
        "count": 25331,
        "total": 0.07880703599999989
    }
}
