{
    "2a27Kn": {
        "average": null,
        "count": 0,
        "total": 0.0
    },
    "CalculatingResidual": {
        "average": 0.00015089192926866425,
        "count": 26226,
        "total": 3.9572917369999883
    },
    "CreatePrediction": {
        "average": 3.353747807519451e-07,
        "count": 26226,
        "total": 0.008795539000000512
    },
    "ErrorMPI": {
        "average": 3.491237778,
        "count": 1,
        "total": 3.491237778
    },
    "InitPrediction": {
        "average": 0.00047384543693281336,
        "count": 26226,
        "total": 12.427070428999963
    },
    "Predict": {
        "average": 0.7594914953139196,
        "count": 26226,
        "total": 19918.423956102855
    },
    "RenderingDatabase": {
        "average": 1.4534500266910684e-05,
        "count": 26226,
        "total": 0.3811818039999996
    },
    "RenderingProperty": {
        "average": 7.78188606726151e-06,
        "count": 26226,
        "total": 0.20408774400000035
    },
    "comput-rank-116": {
        "average": 0.7602929667345404,
        "count": 26226,
        "total": 19939.443345580057
    },
    "recv-rank-116": {
        "average": 0.07375082536801708,
        "count": 26227,
        "total": 1934.262896926984
    },
    "send-rank-116": {
        "average": 3.3534255700449962e-06,
        "count": 26226,
        "total": 0.08794693900000007
    }
}
