{
    "3AV2rl": {
        "average": null,
        "count": 0,
        "total": 0.0
    },
    "CalculatingResidual": {
        "average": 0.0001548828999372149,
        "count": 25484,
        "total": 3.9470358219999846
    },
    "CreatePrediction": {
        "average": 2.733253021503772e-07,
        "count": 25484,
        "total": 0.006965422000000211
    },
    "ErrorMPI": {
        "average": 3.717739457,
        "count": 1,
        "total": 3.717739457
    },
    "InitPrediction": {
        "average": 0.0004859419582483141,
        "count": 25484,
        "total": 12.383744864000036
    },
    "Predict": {
        "average": 0.7826294932404259,
        "count": 25484,
        "total": 19944.530005739012
    },
    "RenderingDatabase": {
        "average": 1.5149207620467875e-05,
        "count": 25484,
        "total": 0.3860624070000033
    },
    "RenderingProperty": {
        "average": 7.16593513577141e-06,
        "count": 25484,
        "total": 0.1826166909999986
    },
    "comput-rank-20": {
        "average": 0.7834478974280307,
        "count": 25484,
        "total": 19965.386218055934
    },
    "recv-rank-20": {
        "average": 0.07487295282939019,
        "count": 25485,
        "total": 1908.137202857009
    },
    "send-rank-20": {
        "average": 1.6368315021189684e-06,
        "count": 25484,
        "total": 0.04171301399999979
    }
}
