{
    "4wv0ij": {
        "average": null,
        "count": 0,
        "total": 0.0
    },
    "CalculatingResidual": {
        "average": 0.00015028221709295118,
        "count": 25648,
        "total": 3.854438304000012
    },
    "CreatePrediction": {
        "average": 3.0454109482222806e-07,
        "count": 25648,
        "total": 0.007810870000000505
    },
    "ErrorMPI": {
        "average": 3.516591661,
        "count": 1,
        "total": 3.516591661
    },
    "InitPrediction": {
        "average": 0.00047511109033842626,
        "count": 25648,
        "total": 12.185649244999956
    },
    "Predict": {
        "average": 0.776690398887472,
        "count": 25648,
        "total": 19920.555350665883
    },
    "RenderingDatabase": {
        "average": 1.4618870906113578e-05,
        "count": 25648,
        "total": 0.37494480100000105
    },
    "RenderingProperty": {
        "average": 8.33294954772298e-06,
        "count": 25648,
        "total": 0.213723489999999
    },
    "comput-rank-101": {
        "average": 0.7774944389998433,
        "count": 25648,
        "total": 19941.17737146798
    },
    "recv-rank-101": {
        "average": 0.07534180650524229,
        "count": 25649,
        "total": 1932.4419950529596
    },
    "send-rank-101": {
        "average": 3.7705273315657992e-06,
        "count": 25648,
        "total": 0.09670648499999962
    }
}
