{
    "5v58fa": {
        "average": null,
        "count": 0,
        "total": 0.0
    },
    "CalculatingResidual": {
        "average": 0.00015179721708433582,
        "count": 25778,
        "total": 3.9130286620000088
    },
    "CreatePrediction": {
        "average": 2.636066801148349e-07,
        "count": 25778,
        "total": 0.006795253000000214
    },
    "ErrorMPI": {
        "average": 3.598374769,
        "count": 1,
        "total": 3.598374769
    },
    "InitPrediction": {
        "average": 0.0004769510523314431,
        "count": 25778,
        "total": 12.29484422699994
    },
    "Predict": {
        "average": 0.7739099770398061,
        "count": 25778,
        "total": 19949.851388132123
    },
    "RenderingDatabase": {
        "average": 1.481945042284117e-05,
        "count": 25778,
        "total": 0.3820157929999997
    },
    "RenderingProperty": {
        "average": 6.962868414927411e-06,
        "count": 25778,
        "total": 0.1794888219999988
    },
    "comput-rank-21": {
        "average": 0.7747142506960586,
        "count": 25778,
        "total": 19970.583954443
    },
    "recv-rank-21": {
        "average": 0.073823287675589,
        "count": 25779,
        "total": 1903.0905329890088
    },
    "send-rank-21": {
        "average": 1.8562563038249335e-06,
        "count": 25778,
        "total": 0.04785057499999914
    }
}
