{
    "2kWnWp": {
        "average": null,
        "count": 0,
        "total": 0.0
    },
    "CalculatingResidual": {
        "average": 0.00015283925171971543,
        "count": 25731,
        "total": 3.932706785999998
    },
    "CreatePrediction": {
        "average": 2.756307178112148e-07,
        "count": 25731,
        "total": 0.007092254000000367
    },
    "ErrorMPI": {
        "average": 3.587680397,
        "count": 1,
        "total": 3.587680397
    },
    "InitPrediction": {
        "average": 0.0004756811598072341,
        "count": 25731,
        "total": 12.239751922999941
    },
    "Predict": {
        "average": 0.7743122399105816,
        "count": 25731,
        "total": 19923.828245139175
    },
    "RenderingDatabase": {
        "average": 1.4851581283277082e-05,
        "count": 25731,
        "total": 0.38214603800000263
    },
    "RenderingProperty": {
        "average": 7.2459079709300145e-06,
        "count": 25731,
        "total": 0.1864444580000002
    },
    "comput-rank-43": {
        "average": 0.7751204875899094,
        "count": 25731,
        "total": 19944.625266175957
    },
    "recv-rank-43": {
        "average": 0.07496712531808614,
        "count": 25732,
        "total": 1929.0540686849924
    },
    "send-rank-43": {
        "average": 1.9105208891997562e-06,
        "count": 25731,
        "total": 0.04915961299999892
    }
}
