{
    "CalculatingResidual": {
        "average": 0.00014811775356158105,
        "count": 26112,
        "total": 3.867650781000004
    },
    "CreatePrediction": {
        "average": 2.494112668504926e-07,
        "count": 26112,
        "total": 0.0065126270000000624
    },
    "ErrorMPI": {
        "average": 3.608684485,
        "count": 1,
        "total": 3.608684485
    },
    "InitPrediction": {
        "average": 0.0004624069103094354,
        "count": 26112,
        "total": 12.074369241999978
    },
    "Predict": {
        "average": 0.7614847945596348,
        "count": 26112,
        "total": 19883.890955541185
    },
    "RenderingDatabase": {
        "average": 1.4323309474571015e-05,
        "count": 26112,
        "total": 0.37401025699999835
    },
    "RenderingProperty": {
        "average": 6.914569814644683e-06,
        "count": 26112,
        "total": 0.18055324700000197
    },
    "comput-rank-110": {
        "average": 0.7622658151752476,
        "count": 26112,
        "total": 19904.284965856066
    },
    "qXQtvI": {
        "average": null,
        "count": 0,
        "total": 0.0
    },
    "recv-rank-110": {
        "average": 0.07541659800421174,
        "count": 26113,
        "total": 1969.3536236839811
    },
    "send-rank-110": {
        "average": 2.868517080269592e-06,
        "count": 26112,
        "total": 0.07490271799999958
    }
}
