{
    "4WB6lF": {
        "average": null,
        "count": 0,
        "total": 0.0
    },
    "CalculatingResidual": {
        "average": 0.00015206802896200136,
        "count": 25896,
        "total": 3.937953677999987
    },
    "CreatePrediction": {
        "average": 2.570135928328772e-07,
        "count": 25896,
        "total": 0.006655624000000187
    },
    "ErrorMPI": {
        "average": 3.686910892,
        "count": 1,
        "total": 3.686910892
    },
    "InitPrediction": {
        "average": 0.00048055034190608894,
        "count": 25896,
        "total": 12.444331654000079
    },
    "Predict": {
        "average": 0.7691751936457425,
        "count": 25896,
        "total": 19918.560814650147
    },
    "RenderingDatabase": {
        "average": 1.4889578351869176e-05,
        "count": 25896,
        "total": 0.3855805210000042
    },
    "RenderingProperty": {
        "average": 7.144356657398804e-06,
        "count": 25896,
        "total": 0.18501025999999943
    },
    "comput-rank-53": {
        "average": 0.7699828732601971,
        "count": 25896,
        "total": 19939.476485946063
    },
    "recv-rank-53": {
        "average": 0.07468481732208326,
        "count": 25897,
        "total": 1934.1127141899904
    },
    "send-rank-53": {
        "average": 1.9010695474204535e-06,
        "count": 25896,
        "total": 0.04923009700000006
    }
}
