{
    "CalculatingResidual": {
        "average": 0.00016011246445421133,
        "count": 24799,
        "total": 3.970629005999987
    },
    "CreatePrediction": {
        "average": 3.906264768740846e-07,
        "count": 24799,
        "total": 0.009687146000000424
    },
    "ErrorMPI": {
        "average": 3.641033832,
        "count": 1,
        "total": 3.641033832
    },
    "InitPrediction": {
        "average": 0.0005308490626638161,
        "count": 24799,
        "total": 13.164525904999977
    },
    "Predict": {
        "average": 0.8023547826980494,
        "count": 24799,
        "total": 19897.596256128927
    },
    "RenderingDatabase": {
        "average": 1.5998716036936993e-05,
        "count": 24799,
        "total": 0.3967521590000005
    },
    "RenderingProperty": {
        "average": 1.0113872615831286e-05,
        "count": 24799,
        "total": 0.25081392700000005
    },
    "comput-rank-1": {
        "average": 0.8032616367860405,
        "count": 24799,
        "total": 19920.085330657017
    },
    "recv-rank-1": {
        "average": 0.07876644210689558,
        "count": 24800,
        "total": 1953.4077642510103
    },
    "send-rank-1": {
        "average": 3.4311985160691903e-06,
        "count": 24799,
        "total": 0.08509029199999985
    },
    "v2w8mc": {
        "average": null,
        "count": 0,
        "total": 0.0
    }
}
