{
    "ByldlT": {
        "average": null,
        "count": 0,
        "total": 0.0
    },
    "CalculatingResidual": {
        "average": 0.00015078014482514942,
        "count": 25479,
        "total": 3.8417273099999822
    },
    "CreatePrediction": {
        "average": 2.7890749244477124e-07,
        "count": 25479,
        "total": 0.007106284000000326
    },
    "ErrorMPI": {
        "average": 3.578688449,
        "count": 1,
        "total": 3.578688449
    },
    "InitPrediction": {
        "average": 0.00047548279335923817,
        "count": 25479,
        "total": 12.11482609200003
    },
    "Predict": {
        "average": 0.7823114935117529,
        "count": 25479,
        "total": 19932.514543185953
    },
    "RenderingDatabase": {
        "average": 1.4723229561599918e-05,
        "count": 25479,
        "total": 0.3751331660000043
    },
    "RenderingProperty": {
        "average": 7.238202362730085e-06,
        "count": 25479,
        "total": 0.18442215799999984
    },
    "comput-rank-82": {
        "average": 0.7831149888341388,
        "count": 25479,
        "total": 19952.986800505023
    },
    "recv-rank-82": {
        "average": 0.07537867504968497,
        "count": 25480,
        "total": 1920.6486402659732
    },
    "send-rank-82": {
        "average": 3.052327917108194e-06,
        "count": 25479,
        "total": 0.07777026299999967
    }
}
