{
    "AGFZ1y": {
        "average": null,
        "count": 0,
        "total": 0.0
    },
    "CalculatingResidual": {
        "average": 0.00015812673210951998,
        "count": 25712,
        "total": 4.065754535999978
    },
    "CreatePrediction": {
        "average": 3.462615899191058e-07,
        "count": 25712,
        "total": 0.008903078000000049
    },
    "ErrorMPI": {
        "average": 3.642033429,
        "count": 1,
        "total": 3.642033429
    },
    "InitPrediction": {
        "average": 0.0005043861754433752,
        "count": 25712,
        "total": 12.968777343000063
    },
    "Predict": {
        "average": 0.7753793970609438,
        "count": 25712,
        "total": 19936.555057230988
    },
    "RenderingDatabase": {
        "average": 1.5336688977909294e-05,
        "count": 25712,
        "total": 0.39433694700000377
    },
    "RenderingProperty": {
        "average": 8.996653663658975e-06,
        "count": 25712,
        "total": 0.23132195899999958
    },
    "comput-rank-6": {
        "average": 0.7762391220856052,
        "count": 25712,
        "total": 19958.66030706508
    },
    "recv-rank-6": {
        "average": 0.07447305423665097,
        "count": 25713,
        "total": 1914.9256435870063
    },
    "send-rank-6": {
        "average": 1.8787877255755823e-06,
        "count": 25712,
        "total": 0.048307389999999374
    }
}
