{
    "391NSS": {
        "average": null,
        "count": 0,
        "total": 0.0
    },
    "CalculatingResidual": {
        "average": 0.00014808745172005612,
        "count": 26191,
        "total": 3.87855844799999
    },
    "CreatePrediction": {
        "average": 2.8280623114812204e-07,
        "count": 26191,
        "total": 0.007406978000000464
    },
    "ErrorMPI": {
        "average": 3.59489166,
        "count": 1,
        "total": 3.59489166
    },
    "InitPrediction": {
        "average": 0.00047257602588675823,
        "count": 26191,
        "total": 12.377238694000084
    },
    "Predict": {
        "average": 0.7619928948365087,
        "count": 26191,
        "total": 19957.355908662998
    },
    "RenderingDatabase": {
        "average": 1.460564121263027e-05,
        "count": 26191,
        "total": 0.38253634899999944
    },
    "RenderingProperty": {
        "average": 7.192449658279558e-06,
        "count": 26191,
        "total": 0.1883774489999999
    },
    "comput-rank-66": {
        "average": 0.7627920714062869,
        "count": 26191,
        "total": 19978.28714220206
    },
    "recv-rank-66": {
        "average": 0.07236400783368903,
        "count": 26192,
        "total": 1895.3580931799831
    },
    "send-rank-66": {
        "average": 2.975077202092326e-06,
        "count": 26191,
        "total": 0.07792024700000011
    }
}
