{
    "9vrcNz": {
        "average": null,
        "count": 0,
        "total": 0.0
    },
    "CalculatingResidual": {
        "average": 0.0001554901575638499,
        "count": 25450,
        "total": 3.95722450999998
    },
    "CreatePrediction": {
        "average": 2.8804994106090965e-07,
        "count": 25450,
        "total": 0.00733087100000015
    },
    "ErrorMPI": {
        "average": 3.70210958,
        "count": 1,
        "total": 3.70210958
    },
    "InitPrediction": {
        "average": 0.0004821115276620848,
        "count": 25450,
        "total": 12.269738379000058
    },
    "Predict": {
        "average": 0.7826080429994083,
        "count": 25450,
        "total": 19917.374694334943
    },
    "RenderingDatabase": {
        "average": 1.5121375009823192e-05,
        "count": 25450,
        "total": 0.38483899400000027
    },
    "RenderingProperty": {
        "average": 7.2437578388998045e-06,
        "count": 25450,
        "total": 0.18435363700000001
    },
    "comput-rank-40": {
        "average": 0.7834233374818862,
        "count": 25450,
        "total": 19938.123938914003
    },
    "recv-rank-40": {
        "average": 0.07604624819633861,
        "count": 25451,
        "total": 1935.453062845014
    },
    "send-rank-40": {
        "average": 1.6305985068762263e-06,
        "count": 25450,
        "total": 0.04149873199999996
    }
}
