{
    "CalculatingResidual": {
        "average": 0.0001508891621379641,
        "count": 25688,
        "total": 3.876040797000022
    },
    "CreatePrediction": {
        "average": 2.6850848645283475e-07,
        "count": 25688,
        "total": 0.00689744600000042
    },
    "ErrorMPI": {
        "average": 3.533949369,
        "count": 1,
        "total": 3.533949369
    },
    "InitPrediction": {
        "average": 0.0004690784378698207,
        "count": 25688,
        "total": 12.049686911999954
    },
    "Predict": {
        "average": 0.7766761659236958,
        "count": 25688,
        "total": 19951.2573502479
    },
    "RenderingDatabase": {
        "average": 1.4584006462161375e-05,
        "count": 25688,
        "total": 0.37463395800000143
    },
    "RenderingProperty": {
        "average": 7.451743654624752e-06,
        "count": 25688,
        "total": 0.19142039100000063
    },
    "comput-rank-87": {
        "average": 0.7774728954827166,
        "count": 25688,
        "total": 19971.723739160025
    },
    "ddTPC6": {
        "average": null,
        "count": 0,
        "total": 0.0
    },
    "recv-rank-87": {
        "average": 0.07403796040340162,
        "count": 25689,
        "total": 1901.961164802984
    },
    "send-rank-87": {
        "average": 3.366386795390828e-06,
        "count": 25688,
        "total": 0.08647574399999959
    }
}
