{
    "C2IZ7t": {
        "average": null,
        "count": 0,
        "total": 0.0
    },
    "CalculatingResidual": {
        "average": 0.0001506105901458417,
        "count": 25370,
        "total": 3.8209906720000038
    },
    "CreatePrediction": {
        "average": 2.8179877808436814e-07,
        "count": 25370,
        "total": 0.00714923500000042
    },
    "ErrorMPI": {
        "average": 3.52350171,
        "count": 1,
        "total": 3.52350171
    },
    "InitPrediction": {
        "average": 0.000468432050137959,
        "count": 25370,
        "total": 11.88412111200002
    },
    "Predict": {
        "average": 0.7848868934098179,
        "count": 25370,
        "total": 19912.58048580708
    },
    "RenderingDatabase": {
        "average": 1.4525341781631868e-05,
        "count": 25370,
        "total": 0.3685079210000005
    },
    "RenderingProperty": {
        "average": 7.044589672841958e-06,
        "count": 25370,
        "total": 0.17872124000000048
    },
    "comput-rank-88": {
        "average": 0.7856789891035438,
        "count": 25370,
        "total": 19932.675953556907
    },
    "recv-rank-88": {
        "average": 0.07650636096700857,
        "count": 25371,
        "total": 1941.0428840939744
    },
    "send-rank-88": {
        "average": 2.8890447772960273e-06,
        "count": 25370,
        "total": 0.07329506600000021
    }
}
