{
    "C5sSyj": {
        "average": null,
        "count": 0,
        "total": 0.0
    },
    "CalculatingResidual": {
        "average": 0.00015355146980756436,
        "count": 25619,
        "total": 3.933835104999991
    },
    "CreatePrediction": {
        "average": 2.780813068425916e-07,
        "count": 25619,
        "total": 0.007124165000000355
    },
    "ErrorMPI": {
        "average": 3.64989741,
        "count": 1,
        "total": 3.64989741
    },
    "InitPrediction": {
        "average": 0.000478218739958627,
        "count": 25619,
        "total": 12.251485899000066
    },
    "Predict": {
        "average": 0.7775854967673245,
        "count": 25619,
        "total": 19920.962841682085
    },
    "RenderingDatabase": {
        "average": 1.510874237870337e-05,
        "count": 25619,
        "total": 0.38707087100000165
    },
    "RenderingProperty": {
        "average": 7.239980912603953e-06,
        "count": 25619,
        "total": 0.18548107100000066
    },
    "comput-rank-58": {
        "average": 0.7783958856920272,
        "count": 25619,
        "total": 19941.724195544044
    },
    "recv-rank-58": {
        "average": 0.07540582451682322,
        "count": 25620,
        "total": 1931.8972241210108
    },
    "send-rank-58": {
        "average": 1.806113002068758e-06,
        "count": 25619,
        "total": 0.04627080899999951
    }
}
