{
    "2b2qJV": {
        "average": null,
        "count": 0,
        "total": 0.0
    },
    "CalculatingResidual": {
        "average": 0.0001498939225393824,
        "count": 25329,
        "total": 3.796663164000017
    },
    "CreatePrediction": {
        "average": 2.57547514706473e-07,
        "count": 25329,
        "total": 0.006523421000000256
    },
    "ErrorMPI": {
        "average": 3.531634624,
        "count": 1,
        "total": 3.531634624
    },
    "InitPrediction": {
        "average": 0.0004748083425322693,
        "count": 25329,
        "total": 12.02642050799985
    },
    "Predict": {
        "average": 0.7877223323477449,
        "count": 25329,
        "total": 19952.21895603603
    },
    "RenderingDatabase": {
        "average": 1.4244589482411437e-05,
        "count": 25329,
        "total": 0.3608012069999993
    },
    "RenderingProperty": {
        "average": 6.852350151999689e-06,
        "count": 25329,
        "total": 0.17356317700000012
    },
    "comput-rank-127": {
        "average": 0.788515770791538,
        "count": 25329,
        "total": 19972.315958378866
    },
    "recv-rank-127": {
        "average": 0.07506527569143263,
        "count": 25330,
        "total": 1901.4034332639887
    },
    "send-rank-127": {
        "average": 2.968379249082068e-06,
        "count": 25329,
        "total": 0.0751860779999997
    }
}
