{
    "4u1HDK": {
        "average": null,
        "count": 0,
        "total": 0.0
    },
    "CalculatingResidual": {
        "average": 0.00015025971894678803,
        "count": 25408,
        "total": 3.8177989389999905
    },
    "CreatePrediction": {
        "average": 3.2197732997482674e-07,
        "count": 25408,
        "total": 0.008180800000000397
    },
    "ErrorMPI": {
        "average": 3.497955041,
        "count": 1,
        "total": 3.497955041
    },
    "InitPrediction": {
        "average": 0.0004838555324700881,
        "count": 25408,
        "total": 12.293801368999999
    },
    "Predict": {
        "average": 0.7853384257396011,
        "count": 25408,
        "total": 19953.878721191784
    },
    "RenderingDatabase": {
        "average": 1.4539073716939663e-05,
        "count": 25408,
        "total": 0.36940878500000296
    },
    "RenderingProperty": {
        "average": 8.957418529596997e-06,
        "count": 25408,
        "total": 0.22759009000000052
    },
    "comput-rank-97": {
        "average": 0.7861546223612289,
        "count": 25408,
        "total": 19974.616644954105
    },
    "recv-rank-97": {
        "average": 0.0747401633055204,
        "count": 25409,
        "total": 1899.0728094299677
    },
    "send-rank-97": {
        "average": 3.802903573677563e-06,
        "count": 25408,
        "total": 0.09662417399999952
    }
}
