{
    "264Jpp": {
        "average": null,
        "count": 0,
        "total": 0.0
    },
    "CalculatingResidual": {
        "average": 0.00015430469553990716,
        "count": 25560,
        "total": 3.944028018000027
    },
    "CreatePrediction": {
        "average": 2.734374413145626e-07,
        "count": 25560,
        "total": 0.00698906100000022
    },
    "ErrorMPI": {
        "average": 3.622184175,
        "count": 1,
        "total": 3.622184175
    },
    "InitPrediction": {
        "average": 0.000488504379773087,
        "count": 25560,
        "total": 12.486171947000104
    },
    "Predict": {
        "average": 0.7797603526546951,
        "count": 25560,
        "total": 19930.674613854007
    },
    "RenderingDatabase": {
        "average": 1.5397207042253556e-05,
        "count": 25560,
        "total": 0.39355261200000086
    },
    "RenderingProperty": {
        "average": 7.37491756651021e-06,
        "count": 25560,
        "total": 0.18850289300000098
    },
    "comput-rank-62": {
        "average": 0.7805830910835698,
        "count": 25560,
        "total": 19951.703808096045
    },
    "recv-rank-62": {
        "average": 0.07518976731900257,
        "count": 25561,
        "total": 1921.9256424410246
    },
    "send-rank-62": {
        "average": 1.949028677621266e-06,
        "count": 25560,
        "total": 0.04981717299999956
    }
}
