{
    "CalculatingResidual": {
        "average": 0.0001507366137016321,
        "count": 26464,
        "total": 3.989093744999992
    },
    "CreatePrediction": {
        "average": 2.9378381952843597e-07,
        "count": 26464,
        "total": 0.007774695000000529
    },
    "ErrorMPI": {
        "average": 3.510744005,
        "count": 1,
        "total": 3.510744005
    },
    "InitPrediction": {
        "average": 0.00046930714234431805,
        "count": 26464,
        "total": 12.419744215000033
    },
    "Predict": {
        "average": 0.7531832711322958,
        "count": 26464,
        "total": 19932.242087245075
    },
    "RenderingDatabase": {
        "average": 1.4453282232466766e-05,
        "count": 26464,
        "total": 0.3824916610000005
    },
    "RenderingProperty": {
        "average": 7.7319486094317e-06,
        "count": 26464,
        "total": 0.20461828800000054
    },
    "comput-rank-113": {
        "average": 0.7539779488431194,
        "count": 26464,
        "total": 19953.27243818431
    },
    "fkeMa7": {
        "average": null,
        "count": 0,
        "total": 0.0
    },
    "recv-rank-113": {
        "average": 0.07256440796950628,
        "count": 26465,
        "total": 1920.4170569129835
    },
    "send-rank-113": {
        "average": 3.4716789600967067e-06,
        "count": 26464,
        "total": 0.09187451199999924
    }
}
