{
    "0fytco": {
        "average": null,
        "count": 0,
        "total": 0.0
    },
    "CalculatingResidual": {
        "average": 0.00015244624186172705,
        "count": 25804,
        "total": 3.9337228250000047
    },
    "CreatePrediction": {
        "average": 2.736949697721355e-07,
        "count": 25804,
        "total": 0.0070624250000001845
    },
    "ErrorMPI": {
        "average": 3.635544356,
        "count": 1,
        "total": 3.635544356
    },
    "InitPrediction": {
        "average": 0.0004804150655324753,
        "count": 25804,
        "total": 12.396630350999994
    },
    "Predict": {
        "average": 0.7725534878277028,
        "count": 25804,
        "total": 19934.970199906045
    },
    "RenderingDatabase": {
        "average": 1.4958007983258755e-05,
        "count": 25804,
        "total": 0.3859764380000089
    },
    "RenderingProperty": {
        "average": 7.403137304293929e-06,
        "count": 25804,
        "total": 0.19103055500000055
    },
    "comput-rank-29": {
        "average": 0.7733660851165746,
        "count": 25804,
        "total": 19955.93846034809
    },
    "recv-rank-29": {
        "average": 0.07431504181910498,
        "count": 25805,
        "total": 1917.699654142004
    },
    "send-rank-29": {
        "average": 1.9063671136257986e-06,
        "count": 25804,
        "total": 0.04919189700000011
    }
}
