{
    "282tg7": {
        "average": null,
        "count": 0,
        "total": 0.0
    },
    "CalculatingResidual": {
        "average": 0.0001490812161856912,
        "count": 25677,
        "total": 3.8279583879999928
    },
    "CreatePrediction": {
        "average": 2.9633687736108265e-07,
        "count": 25677,
        "total": 0.0076090420000005194
    },
    "ErrorMPI": {
        "average": 3.482033825,
        "count": 1,
        "total": 3.482033825
    },
    "InitPrediction": {
        "average": 0.00046801453507029904,
        "count": 25677,
        "total": 12.017209217000069
    },
    "Predict": {
        "average": 0.7761602233113264,
        "count": 25677,
        "total": 19929.466053964927
    },
    "RenderingDatabase": {
        "average": 1.443661689449705e-05,
        "count": 25677,
        "total": 0.37068901200000076
    },
    "RenderingProperty": {
        "average": 7.342255208941859e-06,
        "count": 25677,
        "total": 0.18852708700000012
    },
    "comput-rank-83": {
        "average": 0.7769517491983466,
        "count": 25677,
        "total": 19949.790064165947
    },
    "recv-rank-83": {
        "average": 0.07492565148208513,
        "count": 25678,
        "total": 1923.9408787569819
    },
    "send-rank-83": {
        "average": 3.4001829652996832e-06,
        "count": 25677,
        "total": 0.08730649799999997
    }
}
