{
    "5DYROs": {
        "average": null,
        "count": 0,
        "total": 0.0
    },
    "CalculatingResidual": {
        "average": 0.00014885691206961712,
        "count": 26430,
        "total": 3.9342881859999808
    },
    "CreatePrediction": {
        "average": 2.990958380628263e-07,
        "count": 26430,
        "total": 0.0079051030000005
    },
    "ErrorMPI": {
        "average": 3.56957636,
        "count": 1,
        "total": 3.56957636
    },
    "InitPrediction": {
        "average": 0.00046655478471433707,
        "count": 26430,
        "total": 12.331042959999928
    },
    "Predict": {
        "average": 0.7552229295385918,
        "count": 26430,
        "total": 19960.54202770498
    },
    "RenderingDatabase": {
        "average": 1.4516122663639928e-05,
        "count": 26430,
        "total": 0.3836611220000033
    },
    "RenderingProperty": {
        "average": 7.196274763526377e-06,
        "count": 26430,
        "total": 0.19019754200000213
    },
    "comput-rank-71": {
        "average": 0.7560113728385912,
        "count": 26430,
        "total": 19981.380584123966
    },
    "recv-rank-71": {
        "average": 0.07159358521576836,
        "count": 26431,
        "total": 1892.2900508379737
    },
    "send-rank-71": {
        "average": 2.88276416950434e-06,
        "count": 26430,
        "total": 0.07619145699999971
    }
}
