{
    "CalculatingResidual": {
        "average": 0.00014927161842620838,
        "count": 25518,
        "total": 3.8091131589999856
    },
    "CreatePrediction": {
        "average": 2.710326436241068e-07,
        "count": 25518,
        "total": 0.006916210999999958
    },
    "ErrorMPI": {
        "average": 3.571490436,
        "count": 1,
        "total": 3.571490436
    },
    "HjJO7O": {
        "average": null,
        "count": 0,
        "total": 0.0
    },
    "InitPrediction": {
        "average": 0.00047432404122580427,
        "count": 25518,
        "total": 12.103800884000073
    },
    "Predict": {
        "average": 0.7800460675937372,
        "count": 25518,
        "total": 19905.215552856986
    },
    "RenderingDatabase": {
        "average": 1.4468259150403627e-05,
        "count": 25518,
        "total": 0.36920103699999973
    },
    "RenderingProperty": {
        "average": 7.170933066854797e-06,
        "count": 25518,
        "total": 0.18298787000000072
    },
    "comput-rank-91": {
        "average": 0.7808437780669748,
        "count": 25518,
        "total": 19925.571528713062
    },
    "recv-rank-91": {
        "average": 0.07633888538249824,
        "count": 25519,
        "total": 1948.0920160759724
    },
    "send-rank-91": {
        "average": 3.131442158476346e-06,
        "count": 25518,
        "total": 0.07990814099999939
    }
}
