{
    "66XezF": {
        "average": null,
        "count": 0,
        "total": 0.0
    },
    "CalculatingResidual": {
        "average": 0.0001498624378771956,
        "count": 25683,
        "total": 3.848916992000015
    },
    "CreatePrediction": {
        "average": 3.064068449947689e-07,
        "count": 25683,
        "total": 0.007869447000000649
    },
    "ErrorMPI": {
        "average": 3.616230397,
        "count": 1,
        "total": 3.616230397
    },
    "InitPrediction": {
        "average": 0.00046592482291788314,
        "count": 25683,
        "total": 11.966347226999993
    },
    "Predict": {
        "average": 0.7759449859033215,
        "count": 25683,
        "total": 19928.595072955006
    },
    "RenderingDatabase": {
        "average": 1.4842724603823554e-05,
        "count": 25683,
        "total": 0.3812056960000003
    },
    "RenderingProperty": {
        "average": 7.435091461277886e-06,
        "count": 25683,
        "total": 0.19095545399999994
    },
    "comput-rank-90": {
        "average": 0.7767376696812237,
        "count": 25683,
        "total": 19948.95357042287
    },
    "recv-rank-90": {
        "average": 0.07493327851958342,
        "count": 25684,
        "total": 1924.5863254969806
    },
    "send-rank-90": {
        "average": 3.2656613323988782e-06,
        "count": 25683,
        "total": 0.08387198000000039
    }
}
