{
    "CalculatingResidual": {
        "average": 0.00015513545720989309,
        "count": 25146,
        "total": 3.9010362069999713
    },
    "CreatePrediction": {
        "average": 2.742425833134704e-07,
        "count": 25146,
        "total": 0.006896104000000526
    },
    "ErrorMPI": {
        "average": 3.553530408,
        "count": 1,
        "total": 3.553530408
    },
    "InitPrediction": {
        "average": 0.00048615175447386976,
        "count": 25146,
        "total": 12.224772017999928
    },
    "Predict": {
        "average": 0.7930575482406733,
        "count": 25146,
        "total": 19942.22510805997
    },
    "RenderingDatabase": {
        "average": 1.5305832736816986e-05,
        "count": 25146,
        "total": 0.3848804699999999
    },
    "RenderingProperty": {
        "average": 7.305228744134321e-06,
        "count": 25146,
        "total": 0.18369728200000163
    },
    "comput-rank-18": {
        "average": 0.7938792604434471,
        "count": 25146,
        "total": 19962.88788311092
    },
    "recv-rank-18": {
        "average": 0.07598626174649065,
        "count": 25147,
        "total": 1910.8265241390004
    },
    "send-rank-18": {
        "average": 1.7734441660701328e-06,
        "count": 25146,
        "total": 0.04459502699999956
    },
    "vKJsD8": {
        "average": null,
        "count": 0,
        "total": 0.0
    }
}
