{
    "CalculatingResidual": {
        "average": 0.00015065019750454042,
        "count": 25326,
        "total": 3.8153669019999907
    },
    "CreatePrediction": {
        "average": 2.7218068388219607e-07,
        "count": 25326,
        "total": 0.006893248000000497
    },
    "ErrorMPI": {
        "average": 3.499977091,
        "count": 1,
        "total": 3.499977091
    },
    "InitPrediction": {
        "average": 0.0004736540251520183,
        "count": 25326,
        "total": 11.995761841000014
    },
    "Predict": {
        "average": 0.7871895736382033,
        "count": 25326,
        "total": 19936.363141961137
    },
    "RenderingDatabase": {
        "average": 1.4635672549948689e-05,
        "count": 25326,
        "total": 0.37066304300000047
    },
    "RenderingProperty": {
        "average": 7.15061837637212e-06,
        "count": 25326,
        "total": 0.1810965610000003
    },
    "comput-rank-96": {
        "average": 0.7879893774498218,
        "count": 25326,
        "total": 19956.618973294186
    },
    "jkUAUm": {
        "average": null,
        "count": 0,
        "total": 0.0
    },
    "recv-rank-96": {
        "average": 0.07569484954526727,
        "count": 25327,
        "total": 1917.123454432984
    },
    "send-rank-96": {
        "average": 2.868029337439776e-06,
        "count": 25326,
        "total": 0.07263571099999977
    }
}
