{
    "6mDhcW": {
        "average": null,
        "count": 0,
        "total": 0.0
    },
    "CalculatingResidual": {
        "average": 0.0001527876502221368,
        "count": 25885,
        "total": 3.9549083260000115
    },
    "CreatePrediction": {
        "average": 2.827900328375726e-07,
        "count": 25885,
        "total": 0.007320020000000567
    },
    "ErrorMPI": {
        "average": 3.630364978,
        "count": 1,
        "total": 3.630364978
    },
    "InitPrediction": {
        "average": 0.0004759266355804515,
        "count": 25885,
        "total": 12.319360961999987
    },
    "Predict": {
        "average": 0.7704302277565845,
        "count": 25885,
        "total": 19942.58644547919
    },
    "RenderingDatabase": {
        "average": 1.4902080046359087e-05,
        "count": 25885,
        "total": 0.38574034200000495
    },
    "RenderingProperty": {
        "average": 7.5152846049835445e-06,
        "count": 25885,
        "total": 0.19453314199999905
    },
    "comput-rank-41": {
        "average": 0.7712376346134067,
        "count": 25885,
        "total": 19963.48617196803
    },
    "recv-rank-41": {
        "average": 0.0737903821648765,
        "count": 25886,
        "total": 1910.1378327199932
    },
    "send-rank-41": {
        "average": 2.084170484836773e-06,
        "count": 25885,
        "total": 0.05394875299999986
    }
}
