{
    "AjzSWT": {
        "average": null,
        "count": 0,
        "total": 0.0
    },
    "CalculatingResidual": {
        "average": 0.00014985257096896329,
        "count": 10568,
        "total": 1.583641970000004
    },
    "CreatePrediction": {
        "average": 2.462022142316446e-07,
        "count": 10568,
        "total": 0.0026018650000000205
    },
    "ErrorMPI": {
        "average": 1.052042368,
        "count": 1,
        "total": 1.052042368
    },
    "InitPrediction": {
        "average": 0.00032586479456850993,
        "count": 10568,
        "total": 3.4437391490000127
    },
    "Predict": {
        "average": 0.4354035698392305,
        "count": 10568,
        "total": 4601.344926060988
    },
    "RenderingDatabase": {
        "average": 5.9124964988645025e-06,
        "count": 10568,
        "total": 0.06248326300000006
    },
    "RenderingProperty": {
        "average": 6.288418716881138e-06,
        "count": 10568,
        "total": 0.06645600899999987
    },
    "comput-rank-32": {
        "average": 0.43595804411345385,
        "count": 10568,
        "total": 4607.20461019098
    },
    "recv-rank-32": {
        "average": 0.0813843833804524,
        "count": 10569,
        "total": 860.1515479480014
    },
    "send-rank-32": {
        "average": 1.6989202308856912e-06,
        "count": 10568,
        "total": 0.017954188999999985
    }
}
