{
    "7xT1da": {
        "average": null,
        "count": 0,
        "total": 0.0
    },
    "CalculatingResidual": {
        "average": 0.00015251226382133928,
        "count": 10075,
        "total": 1.5365610579999933
    },
    "CreatePrediction": {
        "average": 2.493625806451592e-07,
        "count": 10075,
        "total": 0.002512327999999979
    },
    "ErrorMPI": {
        "average": 1.034461931,
        "count": 1,
        "total": 1.034461931
    },
    "InitPrediction": {
        "average": 0.0003339975603970229,
        "count": 10075,
        "total": 3.3650254210000057
    },
    "Predict": {
        "average": 0.45577832291176207,
        "count": 10075,
        "total": 4591.966603336003
    },
    "RenderingDatabase": {
        "average": 6.2104981637716854e-06,
        "count": 10075,
        "total": 0.06257076899999973
    },
    "RenderingProperty": {
        "average": 6.604391960297762e-06,
        "count": 10075,
        "total": 0.06653924899999995
    },
    "comput-rank-85": {
        "average": 0.456347863842876,
        "count": 10075,
        "total": 4597.704728216976
    },
    "recv-rank-85": {
        "average": 0.08633290303414004,
        "count": 10076,
        "total": 869.890330971995
    },
    "send-rank-85": {
        "average": 2.4002227295285436e-06,
        "count": 10075,
        "total": 0.024182244000000075
    }
}
