{
    "CalculatingResidual": {
        "average": 0.00015068201242766327,
        "count": 10541,
        "total": 1.5883390929999985
    },
    "CreatePrediction": {
        "average": 2.1291993169528347e-07,
        "count": 10541,
        "total": 0.002244388999999983
    },
    "ErrorMPI": {
        "average": 1.025772693,
        "count": 1,
        "total": 1.025772693
    },
    "InitPrediction": {
        "average": 0.00032423454700692425,
        "count": 10541,
        "total": 3.4177563599999883
    },
    "Predict": {
        "average": 0.43602849392486465,
        "count": 10541,
        "total": 4596.176354461998
    },
    "RenderingDatabase": {
        "average": 5.996397780096734e-06,
        "count": 10541,
        "total": 0.06320802899999967
    },
    "RenderingProperty": {
        "average": 6.3350305473864066e-06,
        "count": 10541,
        "total": 0.06677755700000011
    },
    "comput-rank-109": {
        "average": 0.43657946815453863,
        "count": 10541,
        "total": 4601.984173816992
    },
    "qun3Aa": {
        "average": null,
        "count": 0,
        "total": 0.0
    },
    "recv-rank-109": {
        "average": 0.08211188341035833,
        "count": 10542,
        "total": 865.6234749119975
    },
    "send-rank-109": {
        "average": 2.447043354520446e-06,
        "count": 10541,
        "total": 0.025794284000000018
    }
}
