{
    "CalculatingResidual": {
        "average": 0.00014852597938729234,
        "count": 10576,
        "total": 1.570810758000004
    },
    "CreatePrediction": {
        "average": 2.4558925869893657e-07,
        "count": 10576,
        "total": 0.0025973519999999534
    },
    "ErrorMPI": {
        "average": 1.027000796,
        "count": 1,
        "total": 1.027000796
    },
    "InitPrediction": {
        "average": 0.00032492041981845704,
        "count": 10576,
        "total": 3.4363583600000016
    },
    "Predict": {
        "average": 0.4355083305223119,
        "count": 10576,
        "total": 4605.936103603971
    },
    "RenderingDatabase": {
        "average": 5.78790885022693e-06,
        "count": 10576,
        "total": 0.061212924000000016
    },
    "RenderingProperty": {
        "average": 6.183908282904708e-06,
        "count": 10576,
        "total": 0.06540101400000019
    },
    "comput-rank-158": {
        "average": 0.4360560758984479,
        "count": 10576,
        "total": 4611.729058701985
    },
    "o522nP": {
        "average": null,
        "count": 0,
        "total": 0.0
    },
    "recv-rank-158": {
        "average": 0.08090612812867569,
        "count": 10577,
        "total": 855.7441172170028
    },
    "send-rank-158": {
        "average": 2.4207574697428106e-06,
        "count": 10576,
        "total": 0.025601930999999967
    }
}
