{
    "5evuu7": {
        "average": null,
        "count": 0,
        "total": 0.0
    },
    "CalculatingResidual": {
        "average": 0.00015346774989690698,
        "count": 9700,
        "total": 1.4886371739999977
    },
    "CreatePrediction": {
        "average": 2.8397567010309e-07,
        "count": 9700,
        "total": 0.002754563999999973
    },
    "ErrorMPI": {
        "average": 1.034727799,
        "count": 1,
        "total": 1.034727799
    },
    "InitPrediction": {
        "average": 0.000335031306391753,
        "count": 9700,
        "total": 3.2498036720000045
    },
    "Predict": {
        "average": 0.47349289418020424,
        "count": 9700,
        "total": 4592.881073547981
    },
    "RenderingDatabase": {
        "average": 5.842065051546371e-06,
        "count": 9700,
        "total": 0.0566680309999998
    },
    "RenderingProperty": {
        "average": 6.605396494845358e-06,
        "count": 9700,
        "total": 0.06407234599999997
    },
    "comput-rank-228": {
        "average": 0.47405911151556746,
        "count": 9700,
        "total": 4598.373381701004
    },
    "recv-rank-228": {
        "average": 0.08959254891062739,
        "count": 9701,
        "total": 869.1373169819963
    },
    "send-rank-228": {
        "average": 2.3715134020618522e-06,
        "count": 9700,
        "total": 0.023003679999999967
    }
}
