{
    "CalculatingResidual": {
        "average": 0.0001498661145321431,
        "count": 9971,
        "total": 1.4943150279999988
    },
    "CreatePrediction": {
        "average": 2.5569892688798256e-07,
        "count": 9971,
        "total": 0.002549574000000074
    },
    "ErrorMPI": {
        "average": 1.031451727,
        "count": 1,
        "total": 1.031451727
    },
    "InitPrediction": {
        "average": 0.0003325256175910142,
        "count": 9971,
        "total": 3.315612933000003
    },
    "Predict": {
        "average": 0.4604486356549996,
        "count": 9971,
        "total": 4591.133346116001
    },
    "RenderingDatabase": {
        "average": 5.947065891084118e-06,
        "count": 9971,
        "total": 0.05929819399999974
    },
    "RenderingProperty": {
        "average": 6.760122856283222e-06,
        "count": 9971,
        "total": 0.067405185
    },
    "comput-rank-186": {
        "average": 0.46101140779440536,
        "count": 9971,
        "total": 4596.744747118016
    },
    "recv-rank-186": {
        "average": 0.08731568383654223,
        "count": 9972,
        "total": 870.7119992179992
    },
    "send-rank-186": {
        "average": 2.7730144418814497e-06,
        "count": 9971,
        "total": 0.027649726999999936
    },
    "whsRLw": {
        "average": null,
        "count": 0,
        "total": 0.0
    }
}
