{
    "2w1DDn": {
        "average": null,
        "count": 0,
        "total": 0.0
    },
    "CalculatingResidual": {
        "average": 0.00014785309674435716,
        "count": 10812,
        "total": 1.5985876819999896
    },
    "CreatePrediction": {
        "average": 2.294881613022603e-07,
        "count": 10812,
        "total": 0.002481226000000038
    },
    "ErrorMPI": {
        "average": 1.032943255,
        "count": 1,
        "total": 1.032943255
    },
    "InitPrediction": {
        "average": 0.0003247724891786906,
        "count": 10812,
        "total": 3.511440153000003
    },
    "Predict": {
        "average": 0.4246939999168492,
        "count": 10812,
        "total": 4591.791527100973
    },
    "RenderingDatabase": {
        "average": 5.832503144654081e-06,
        "count": 10812,
        "total": 0.06306102399999992
    },
    "RenderingProperty": {
        "average": 6.3450627081020966e-06,
        "count": 10812,
        "total": 0.06860281799999987
    },
    "comput-rank-19": {
        "average": 0.4252440546579713,
        "count": 10812,
        "total": 4597.738718961986
    },
    "recv-rank-19": {
        "average": 0.08042508127846118,
        "count": 10813,
        "total": 869.6364038640007
    },
    "send-rank-19": {
        "average": 1.781064835368108e-06,
        "count": 10812,
        "total": 0.019256872999999983
    }
}
