{
    "4Xxav8": {
        "average": null,
        "count": 0,
        "total": 0.0
    },
    "CalculatingResidual": {
        "average": 0.0001511591497570989,
        "count": 10704,
        "total": 1.6180075389999864
    },
    "CreatePrediction": {
        "average": 2.3899663677130686e-07,
        "count": 10704,
        "total": 0.002558220000000069
    },
    "ErrorMPI": {
        "average": 1.038284972,
        "count": 1,
        "total": 1.038284972
    },
    "InitPrediction": {
        "average": 0.00032635355184977593,
        "count": 10704,
        "total": 3.4932884190000015
    },
    "Predict": {
        "average": 0.42942578637780265,
        "count": 10704,
        "total": 4596.573617388
    },
    "RenderingDatabase": {
        "average": 6.02694544095665e-06,
        "count": 10704,
        "total": 0.06451242399999998
    },
    "RenderingProperty": {
        "average": 6.703249065769808e-06,
        "count": 10704,
        "total": 0.07175157800000002
    },
    "comput-rank-8": {
        "average": 0.429984604124906,
        "count": 10704,
        "total": 4602.555202552994
    },
    "recv-rank-8": {
        "average": 0.08078589238664192,
        "count": 10705,
        "total": 864.8129779990019
    },
    "send-rank-8": {
        "average": 1.6763403400597912e-06,
        "count": 10704,
        "total": 0.017943547000000004
    }
}
