{
    "CalculatingResidual": {
        "average": 0.00015259240382889587,
        "count": 10029,
        "total": 1.5303492179999967
    },
    "CreatePrediction": {
        "average": 2.609124538837454e-07,
        "count": 10029,
        "total": 0.002616691000000083
    },
    "ErrorMPI": {
        "average": 1.033693049,
        "count": 1,
        "total": 1.033693049
    },
    "InitPrediction": {
        "average": 0.0003298503602552603,
        "count": 10029,
        "total": 3.308069263000006
    },
    "Predict": {
        "average": 0.4579789393063103,
        "count": 10029,
        "total": 4593.070782302986
    },
    "RenderingDatabase": {
        "average": 5.8820366935886e-06,
        "count": 10029,
        "total": 0.058990946000000065
    },
    "RenderingProperty": {
        "average": 6.536100707946931e-06,
        "count": 10029,
        "total": 0.06555055399999977
    },
    "comput-rank-120": {
        "average": 0.45854134945468067,
        "count": 10029,
        "total": 4598.711193680992
    },
    "recv-rank-120": {
        "average": 0.08662841251934163,
        "count": 10030,
        "total": 868.8829775689966
    },
    "send-rank-120": {
        "average": 2.8178434539834437e-06,
        "count": 10029,
        "total": 0.02826015199999996
    },
    "v7RKSZ": {
        "average": null,
        "count": 0,
        "total": 0.0
    }
}
