{
    "CalculatingResidual": {
        "average": 0.0001497512412666999,
        "count": 10105,
        "total": 1.5132362930000025
    },
    "CreatePrediction": {
        "average": 2.440335477486407e-07,
        "count": 10105,
        "total": 0.0024659590000000145
    },
    "ErrorMPI": {
        "average": 1.016871778,
        "count": 1,
        "total": 1.016871778
    },
    "InitPrediction": {
        "average": 0.000321136679663534,
        "count": 10105,
        "total": 3.245086148000011
    },
    "Predict": {
        "average": 0.4551505288374106,
        "count": 10105,
        "total": 4599.296093902034
    },
    "RenderingDatabase": {
        "average": 5.66028510638299e-06,
        "count": 10105,
        "total": 0.05719718100000012
    },
    "RenderingProperty": {
        "average": 6.217865611083602e-06,
        "count": 10105,
        "total": 0.0628315319999998
    },
    "comput-rank-191": {
        "average": 0.455695974696686,
        "count": 10105,
        "total": 4604.807824310012
    },
    "recv-rank-191": {
        "average": 0.08536276011547529,
        "count": 10106,
        "total": 862.6760537269934
    },
    "send-rank-191": {
        "average": 2.5182127659574428e-06,
        "count": 10105,
        "total": 0.02544653999999996
    },
    "uOomta": {
        "average": null,
        "count": 0,
        "total": 0.0
    }
}
