{
    "CalculatingResidual": {
        "average": 0.000151046640986133,
        "count": 10384,
        "total": 1.568468320000005
    },
    "CreatePrediction": {
        "average": 2.490731895223391e-07,
        "count": 10384,
        "total": 0.0025863759999999692
    },
    "ErrorMPI": {
        "average": 1.022566987,
        "count": 1,
        "total": 1.022566987
    },
    "InitPrediction": {
        "average": 0.00033019302850539146,
        "count": 10384,
        "total": 3.428724407999985
    },
    "Predict": {
        "average": 0.44338463280970614,
        "count": 10384,
        "total": 4604.106027095989
    },
    "RenderingDatabase": {
        "average": 6.4144061055469965e-06,
        "count": 10384,
        "total": 0.06660719300000001
    },
    "RenderingProperty": {
        "average": 6.354002311248069e-06,
        "count": 10384,
        "total": 0.06597995999999995
    },
    "comput-rank-197": {
        "average": 0.4439453497445112,
        "count": 10384,
        "total": 4609.928511747004
    },
    "iduf6A": {
        "average": null,
        "count": 0,
        "total": 0.0
    },
    "recv-rank-197": {
        "average": 0.08256759645594597,
        "count": 10385,
        "total": 857.4644891949989
    },
    "send-rank-197": {
        "average": 2.4447959360554772e-06,
        "count": 10384,
        "total": 0.025386761000000077
    }
}
