{
    "15AfOD": {
        "average": null,
        "count": 0,
        "total": 0.0
    },
    "CalculatingResidual": {
        "average": 0.0001513883019825231,
        "count": 10643,
        "total": 1.6112256979999935
    },
    "CreatePrediction": {
        "average": 2.5822831908296343e-07,
        "count": 10643,
        "total": 0.00274832399999998
    },
    "ErrorMPI": {
        "average": 1.008808677,
        "count": 1,
        "total": 1.008808677
    },
    "InitPrediction": {
        "average": 0.0003259880337310903,
        "count": 10643,
        "total": 3.469490642999994
    },
    "Predict": {
        "average": 0.43217969676961426,
        "count": 10643,
        "total": 4599.688512719004
    },
    "RenderingDatabase": {
        "average": 5.876261110589112e-06,
        "count": 10643,
        "total": 0.06254104699999992
    },
    "RenderingProperty": {
        "average": 6.543182185474027e-06,
        "count": 10643,
        "total": 0.06963908800000007
    },
    "comput-rank-13": {
        "average": 0.4327369303001983,
        "count": 10643,
        "total": 4605.61914918501
    },
    "recv-rank-13": {
        "average": 0.08096386471824484,
        "count": 10644,
        "total": 861.7793760609981
    },
    "send-rank-13": {
        "average": 1.8393441698769223e-06,
        "count": 10643,
        "total": 0.019576140000000086
    }
}
