{
    "CalculatingResidual": {
        "average": 0.00015383375244065362,
        "count": 9731,
        "total": 1.4969562450000005
    },
    "CreatePrediction": {
        "average": 2.609258041311331e-07,
        "count": 9731,
        "total": 0.0025390690000000565
    },
    "ErrorMPI": {
        "average": 1.031624137,
        "count": 1,
        "total": 1.031624137
    },
    "InitPrediction": {
        "average": 0.00033286738002260907,
        "count": 9731,
        "total": 3.239132475000009
    },
    "Predict": {
        "average": 0.4734752115974709,
        "count": 9731,
        "total": 4607.387284054989
    },
    "RenderingDatabase": {
        "average": 6.503329154249276e-06,
        "count": 9731,
        "total": 0.0632838959999997
    },
    "RenderingProperty": {
        "average": 6.457528722638955e-06,
        "count": 9731,
        "total": 0.06283821199999967
    },
    "comput-rank-97": {
        "average": 0.47404215157404167,
        "count": 9731,
        "total": 4612.904176966999
    },
    "oGQbab": {
        "average": null,
        "count": 0,
        "total": 0.0
    },
    "recv-rank-97": {
        "average": 0.08782312538070292,
        "count": 9732,
        "total": 854.6946562050008
    },
    "send-rank-97": {
        "average": 2.52902599938341e-06,
        "count": 9731,
        "total": 0.024609951999999963
    }
}
