{
    "CalculatingResidual": {
        "average": 0.00015034811283899137,
        "count": 10546,
        "total": 1.5855711980000031
    },
    "CreatePrediction": {
        "average": 2.4424303053290025e-07,
        "count": 10546,
        "total": 0.002575786999999966
    },
    "ErrorMPI": {
        "average": 1.043424116,
        "count": 1,
        "total": 1.043424116
    },
    "InitPrediction": {
        "average": 0.0003288303621278202,
        "count": 10546,
        "total": 3.467844998999992
    },
    "Predict": {
        "average": 0.4360622556021235,
        "count": 10546,
        "total": 4598.712547579995
    },
    "RenderingDatabase": {
        "average": 5.949672482457809e-06,
        "count": 10546,
        "total": 0.06274524600000006
    },
    "RenderingProperty": {
        "average": 6.361798501801611e-06,
        "count": 10546,
        "total": 0.06709152699999979
    },
    "comput-rank-279": {
        "average": 0.4366181503988228,
        "count": 10546,
        "total": 4604.575014105985
    },
    "lpJeK1": {
        "average": null,
        "count": 0,
        "total": 0.0
    },
    "recv-rank-279": {
        "average": 0.08182157570285306,
        "count": 10547,
        "total": 862.9721589379913
    },
    "send-rank-279": {
        "average": 2.531405556609148e-06,
        "count": 10546,
        "total": 0.02669620300000007
    }
}
