{
    "3ohe9c": {
        "average": null,
        "count": 0,
        "total": 0.0
    },
    "CalculatingResidual": {
        "average": 0.0001513779580844185,
        "count": 10211,
        "total": 1.5457203299999973
    },
    "CreatePrediction": {
        "average": 2.3791479776711338e-07,
        "count": 10211,
        "total": 0.002429347999999995
    },
    "ErrorMPI": {
        "average": 1.028688176,
        "count": 1,
        "total": 1.028688176
    },
    "InitPrediction": {
        "average": 0.00033347019253746063,
        "count": 10211,
        "total": 3.4050641360000102
    },
    "Predict": {
        "average": 0.45031480751170294,
        "count": 10211,
        "total": 4598.164499501999
    },
    "RenderingDatabase": {
        "average": 5.863306140436739e-06,
        "count": 10211,
        "total": 0.05987021899999954
    },
    "RenderingProperty": {
        "average": 6.407226422485549e-06,
        "count": 10211,
        "total": 0.06542418899999994
    },
    "comput-rank-242": {
        "average": 0.45087634656860426,
        "count": 10211,
        "total": 4603.898374812018
    },
    "recv-rank-242": {
        "average": 0.08455663601312154,
        "count": 10212,
        "total": 863.4923669659971
    },
    "send-rank-242": {
        "average": 2.305830281069444e-06,
        "count": 10211,
        "total": 0.023544833000000095
    }
}
