{
    "6xUr8Q": {
        "average": null,
        "count": 0,
        "total": 0.0
    },
    "CalculatingResidual": {
        "average": 0.00014966307259528126,
        "count": 10469,
        "total": 1.5668227069999996
    },
    "CreatePrediction": {
        "average": 2.1051389817556627e-07,
        "count": 10469,
        "total": 0.002203870000000003
    },
    "ErrorMPI": {
        "average": 1.019809381,
        "count": 1,
        "total": 1.019809381
    },
    "InitPrediction": {
        "average": 0.00032862038771611416,
        "count": 10469,
        "total": 3.440326838999999
    },
    "Predict": {
        "average": 0.43852668183599247,
        "count": 10469,
        "total": 4590.935832141005
    },
    "RenderingDatabase": {
        "average": 6.338689655172407e-06,
        "count": 10469,
        "total": 0.06635974199999993
    },
    "RenderingProperty": {
        "average": 6.323197822141553e-06,
        "count": 10469,
        "total": 0.06619755799999992
    },
    "comput-rank-201": {
        "average": 0.43908404603830453,
        "count": 10469,
        "total": 4596.77087797501
    },
    "recv-rank-201": {
        "average": 0.08315202225195761,
        "count": 10470,
        "total": 870.6016729779961
    },
    "send-rank-201": {
        "average": 3.6245845830547417e-06,
        "count": 10469,
        "total": 0.03794577600000009
    }
}
