{
    "7Fp3LP": {
        "average": null,
        "count": 0,
        "total": 0.0
    },
    "CalculatingResidual": {
        "average": 0.0001559169472334548,
        "count": 10139,
        "total": 1.5808419279999981
    },
    "CreatePrediction": {
        "average": 2.640660814676007e-07,
        "count": 10139,
        "total": 0.0026773660000000035
    },
    "ErrorMPI": {
        "average": 1.037415747,
        "count": 1,
        "total": 1.037415747
    },
    "InitPrediction": {
        "average": 0.00033369154620771263,
        "count": 10139,
        "total": 3.3832985869999983
    },
    "Predict": {
        "average": 0.45350963467768124,
        "count": 10139,
        "total": 4598.13418599701
    },
    "RenderingDatabase": {
        "average": 6.225614459019607e-06,
        "count": 10139,
        "total": 0.0631215049999998
    },
    "RenderingProperty": {
        "average": 6.629422132360179e-06,
        "count": 10139,
        "total": 0.06721571099999986
    },
    "comput-rank-89": {
        "average": 0.45408431890521883,
        "count": 10139,
        "total": 4603.960909380014
    },
    "recv-rank-89": {
        "average": 0.0851703760984215,
        "count": 10140,
        "total": 863.6276136379939
    },
    "send-rank-89": {
        "average": 2.5336853733109832e-06,
        "count": 10139,
        "total": 0.02568903600000006
    }
}
