{
    "A3xXJK": {
        "average": null,
        "count": 0,
        "total": 0.0
    },
    "CalculatingResidual": {
        "average": 0.00015226127802080296,
        "count": 10287,
        "total": 1.5663117670000002
    },
    "CreatePrediction": {
        "average": 2.5777486147564904e-07,
        "count": 10287,
        "total": 0.002651730000000002
    },
    "ErrorMPI": {
        "average": 1.058515799,
        "count": 1,
        "total": 1.058515799
    },
    "InitPrediction": {
        "average": 0.00033041578730436523,
        "count": 10287,
        "total": 3.398987204000005
    },
    "Predict": {
        "average": 0.4459283043555948,
        "count": 10287,
        "total": 4587.264466906004
    },
    "RenderingDatabase": {
        "average": 5.92490910858363e-06,
        "count": 10287,
        "total": 0.0609495399999998
    },
    "RenderingProperty": {
        "average": 6.419419558666277e-06,
        "count": 10287,
        "total": 0.06603656899999999
    },
    "comput-rank-288": {
        "average": 0.44648851805716133,
        "count": 10287,
        "total": 4593.027385254019
    },
    "recv-rank-288": {
        "average": 0.08500223029286509,
        "count": 10288,
        "total": 874.502945252996
    },
    "send-rank-288": {
        "average": 2.3650737824438643e-06,
        "count": 10287,
        "total": 0.02432951400000003
    }
}
