{
    "CalculatingResidual": {
        "average": 0.00014931710201163129,
        "count": 10489,
        "total": 1.5661870830000006
    },
    "CreatePrediction": {
        "average": 2.3855848984650806e-07,
        "count": 10489,
        "total": 0.002502240000000023
    },
    "ErrorMPI": {
        "average": 1.037807807,
        "count": 1,
        "total": 1.037807807
    },
    "InitPrediction": {
        "average": 0.0003246148804461808,
        "count": 10489,
        "total": 3.40488548099999
    },
    "Predict": {
        "average": 0.43767196500076316,
        "count": 10489,
        "total": 4590.741240893005
    },
    "RenderingDatabase": {
        "average": 5.891625417103623e-06,
        "count": 10489,
        "total": 0.0617972589999999
    },
    "RenderingProperty": {
        "average": 6.3480298407855865e-06,
        "count": 10489,
        "total": 0.06658448500000001
    },
    "comput-rank-289": {
        "average": 0.43822207775727035,
        "count": 10489,
        "total": 4596.5113735960085
    },
    "hrjcPh": {
        "average": null,
        "count": 0,
        "total": 0.0
    },
    "recv-rank-289": {
        "average": 0.08303526262945632,
        "count": 10490,
        "total": 871.0399049829967
    },
    "send-rank-289": {
        "average": 2.570149299265901e-06,
        "count": 10489,
        "total": 0.026958296000000034
    }
}
