{
    "8YYQ6X": {
        "average": null,
        "count": 0,
        "total": 0.0
    },
    "CalculatingResidual": {
        "average": 0.00015159475056539706,
        "count": 10612,
        "total": 1.6087234929999936
    },
    "CreatePrediction": {
        "average": 2.6501799849227915e-07,
        "count": 10612,
        "total": 0.0028123710000000665
    },
    "ErrorMPI": {
        "average": 1.054582855,
        "count": 1,
        "total": 1.054582855
    },
    "InitPrediction": {
        "average": 0.0003271007710139468,
        "count": 10612,
        "total": 3.471193382000003
    },
    "Predict": {
        "average": 0.43382733699387543,
        "count": 10612,
        "total": 4603.775700179006
    },
    "RenderingDatabase": {
        "average": 5.9693453637391625e-06,
        "count": 10612,
        "total": 0.063346693
    },
    "RenderingProperty": {
        "average": 6.685447512250264e-06,
        "count": 10612,
        "total": 0.0709459689999998
    },
    "comput-rank-61": {
        "average": 0.43438999504231124,
        "count": 10612,
        "total": 4609.746627389007
    },
    "recv-rank-61": {
        "average": 0.08080660817987391,
        "count": 10613,
        "total": 857.6005326130017
    },
    "send-rank-61": {
        "average": 2.0067241801733777e-06,
        "count": 10612,
        "total": 0.021295356999999883
    }
}
