{
    "8CwGUC": {
        "average": null,
        "count": 0,
        "total": 0.0
    },
    "CalculatingResidual": {
        "average": 0.00015071741843691267,
        "count": 10121,
        "total": 1.5254109919999932
    },
    "CreatePrediction": {
        "average": 2.447828277838131e-07,
        "count": 10121,
        "total": 0.0024774469999999725
    },
    "ErrorMPI": {
        "average": 1.038232039,
        "count": 1,
        "total": 1.038232039
    },
    "InitPrediction": {
        "average": 0.00032745710730165017,
        "count": 10121,
        "total": 3.3141933830000014
    },
    "Predict": {
        "average": 0.454218393863848,
        "count": 10121,
        "total": 4597.144364296006
    },
    "RenderingDatabase": {
        "average": 5.757676415373962e-06,
        "count": 10121,
        "total": 0.05827344299999987
    },
    "RenderingProperty": {
        "average": 6.213958699733214e-06,
        "count": 10121,
        "total": 0.06289147599999986
    },
    "comput-rank-118": {
        "average": 0.4547712227999219,
        "count": 10121,
        "total": 4602.739545958009
    },
    "recv-rank-118": {
        "average": 0.08544373264562324,
        "count": 10122,
        "total": 864.8614618389985
    },
    "send-rank-118": {
        "average": 2.5264466949906087e-06,
        "count": 10121,
        "total": 0.02557016699999995
    }
}
