{
    "7OE9um": {
        "average": null,
        "count": 0,
        "total": 0.0
    },
    "CalculatingResidual": {
        "average": 0.0001479662302258571,
        "count": 10759,
        "total": 1.5919686709999965
    },
    "CreatePrediction": {
        "average": 2.4532642438887953e-07,
        "count": 10759,
        "total": 0.002639466999999955
    },
    "ErrorMPI": {
        "average": 1.040588739,
        "count": 1,
        "total": 1.040588739
    },
    "InitPrediction": {
        "average": 0.00032339243730829877,
        "count": 10759,
        "total": 3.4793792329999866
    },
    "Predict": {
        "average": 0.4267924610772385,
        "count": 10759,
        "total": 4591.860088730009
    },
    "RenderingDatabase": {
        "average": 5.744257458871646e-06,
        "count": 10759,
        "total": 0.06180246600000004
    },
    "RenderingProperty": {
        "average": 6.0355368528673765e-06,
        "count": 10759,
        "total": 0.0649363410000001
    },
    "comput-rank-155": {
        "average": 0.42733728354642603,
        "count": 10759,
        "total": 4597.721833675998
    },
    "recv-rank-155": {
        "average": 0.0808302938708173,
        "count": 10760,
        "total": 869.7339620499943
    },
    "send-rank-155": {
        "average": 2.4710160795612937e-06,
        "count": 10759,
        "total": 0.026585661999999958
    }
}
