{
    "CalculatingResidual": {
        "average": 0.00014881478724845234,
        "count": 10336,
        "total": 1.5381496410000033
    },
    "CreatePrediction": {
        "average": 2.2637335526315517e-07,
        "count": 10336,
        "total": 0.002339794999999972
    },
    "ErrorMPI": {
        "average": 1.060456583,
        "count": 1,
        "total": 1.060456583
    },
    "InitPrediction": {
        "average": 0.00032906498974458464,
        "count": 10336,
        "total": 3.4012157340000266
    },
    "Predict": {
        "average": 0.4447195673082434,
        "count": 10336,
        "total": 4596.621447698004
    },
    "RenderingDatabase": {
        "average": 5.848085913312696e-06,
        "count": 10336,
        "total": 0.06044581600000002
    },
    "RenderingProperty": {
        "average": 6.0899031540247504e-06,
        "count": 10336,
        "total": 0.06294523899999982
    },
    "comput-rank-258": {
        "average": 0.44527572947300714,
        "count": 10336,
        "total": 4602.369939833002
    },
    "krPbG2": {
        "average": null,
        "count": 0,
        "total": 0.0
    },
    "recv-rank-258": {
        "average": 0.08369620834236256,
        "count": 10337,
        "total": 865.1677056350019
    },
    "send-rank-258": {
        "average": 2.2067068498452044e-06,
        "count": 10336,
        "total": 0.022808522000000032
    }
}
