{
    "5kfNxs": {
        "average": null,
        "count": 0,
        "total": 0.0
    },
    "CalculatingResidual": {
        "average": 0.00015634985711545784,
        "count": 10428,
        "total": 1.6304163099999942
    },
    "CreatePrediction": {
        "average": 3.656916954353704e-07,
        "count": 10428,
        "total": 0.0038134330000000423
    },
    "ErrorMPI": {
        "average": 1.027367086,
        "count": 1,
        "total": 1.027367086
    },
    "InitPrediction": {
        "average": 0.00035825233831990934,
        "count": 10428,
        "total": 3.735855384000015
    },
    "Predict": {
        "average": 0.44052309126601386,
        "count": 10428,
        "total": 4593.774795721993
    },
    "RenderingDatabase": {
        "average": 6.651567510548511e-06,
        "count": 10428,
        "total": 0.06936254599999987
    },
    "RenderingProperty": {
        "average": 9.191170598388998e-06,
        "count": 10428,
        "total": 0.09584552700000047
    },
    "comput-rank-69": {
        "average": 0.44114940703634625,
        "count": 10428,
        "total": 4600.3060165750185
    },
    "recv-rank-69": {
        "average": 0.08315599026426303,
        "count": 10429,
        "total": 867.2338224659991
    },
    "send-rank-69": {
        "average": 4.7648312236287025e-06,
        "count": 10428,
        "total": 0.04968766000000011
    }
}
