{
    "2O7cCy": {
        "average": null,
        "count": 0,
        "total": 0.0
    },
    "CalculatingResidual": {
        "average": 0.00015246420540540468,
        "count": 10360,
        "total": 1.5795291679999923
    },
    "CreatePrediction": {
        "average": 2.7064681467181417e-07,
        "count": 10360,
        "total": 0.002803900999999995
    },
    "ErrorMPI": {
        "average": 1.044658314,
        "count": 1,
        "total": 1.044658314
    },
    "InitPrediction": {
        "average": 0.0003334934634169886,
        "count": 10360,
        "total": 3.454992281000002
    },
    "Predict": {
        "average": 0.4429097364039557,
        "count": 10360,
        "total": 4588.544869144981
    },
    "RenderingDatabase": {
        "average": 5.9947437258687065e-06,
        "count": 10360,
        "total": 0.0621055449999998
    },
    "RenderingProperty": {
        "average": 6.642669884169852e-06,
        "count": 10360,
        "total": 0.06881805999999967
    },
    "comput-rank-33": {
        "average": 0.44347644309922796,
        "count": 10360,
        "total": 4594.4159505080015
    },
    "recv-rank-33": {
        "average": 0.08425341441858901,
        "count": 10361,
        "total": 872.9496267910007
    },
    "send-rank-33": {
        "average": 1.7565532818532666e-06,
        "count": 10360,
        "total": 0.01819789199999984
    }
}
