{
    "6yTdkp": {
        "average": null,
        "count": 0,
        "total": 0.0
    },
    "CalculatingResidual": {
        "average": 0.00015354750548256488,
        "count": 10123,
        "total": 1.5543613980000042
    },
    "CreatePrediction": {
        "average": 2.6128746419045837e-07,
        "count": 10123,
        "total": 0.00264501300000001
    },
    "ErrorMPI": {
        "average": 1.042166568,
        "count": 1,
        "total": 1.042166568
    },
    "InitPrediction": {
        "average": 0.0003377102504198371,
        "count": 10123,
        "total": 3.418640865000011
    },
    "Predict": {
        "average": 0.4539134905687029,
        "count": 10123,
        "total": 4594.966265026979
    },
    "RenderingDatabase": {
        "average": 5.8359521880864925e-06,
        "count": 10123,
        "total": 0.05907734399999957
    },
    "RenderingProperty": {
        "average": 6.279481379037813e-06,
        "count": 10123,
        "total": 0.06356718999999979
    },
    "comput-rank-225": {
        "average": 0.4544816761607206,
        "count": 10123,
        "total": 4600.7180077749745
    },
    "recv-rank-225": {
        "average": 0.08561718497421943,
        "count": 10124,
        "total": 866.7883806789974
    },
    "send-rank-225": {
        "average": 2.4278815568507392e-06,
        "count": 10123,
        "total": 0.024577445000000035
    }
}
