{
    "9Ll2wI": {
        "average": null,
        "count": 0,
        "total": 0.0
    },
    "CalculatingResidual": {
        "average": 0.0001534336086240309,
        "count": 10320,
        "total": 1.583434840999999
    },
    "CreatePrediction": {
        "average": 2.2707945736434189e-07,
        "count": 10320,
        "total": 0.002343460000000008
    },
    "ErrorMPI": {
        "average": 1.060302688,
        "count": 1,
        "total": 1.060302688
    },
    "InitPrediction": {
        "average": 0.000340271996317828,
        "count": 10320,
        "total": 3.5116070019999848
    },
    "Predict": {
        "average": 0.4461968267622106,
        "count": 10320,
        "total": 4604.7512521860135
    },
    "RenderingDatabase": {
        "average": 6.0010501937984455e-06,
        "count": 10320,
        "total": 0.06193083799999996
    },
    "RenderingProperty": {
        "average": 6.705821220930253e-06,
        "count": 10320,
        "total": 0.06920407500000021
    },
    "comput-rank-264": {
        "average": 0.4467721839170525,
        "count": 10320,
        "total": 4610.688938023982
    },
    "recv-rank-264": {
        "average": 0.0830186266569127,
        "count": 10321,
        "total": 856.8352457259961
    },
    "send-rank-264": {
        "average": 2.496443507751932e-06,
        "count": 10320,
        "total": 0.025763296999999935
    }
}
