{
    "0cwqrd": {
        "average": null,
        "count": 0,
        "total": 0.0
    },
    "CalculatingResidual": {
        "average": 0.0001512531934330294,
        "count": 9228,
        "total": 1.3957644689999953
    },
    "CreatePrediction": {
        "average": 2.7741092327698174e-07,
        "count": 9228,
        "total": 0.0025599479999999872
    },
    "ErrorMPI": {
        "average": 1.050014859,
        "count": 1,
        "total": 1.050014859
    },
    "InitPrediction": {
        "average": 0.00032929264271781546,
        "count": 9228,
        "total": 3.038712507000001
    },
    "Predict": {
        "average": 0.49837397768389596,
        "count": 9228,
        "total": 4598.995066066992
    },
    "RenderingDatabase": {
        "average": 5.831887191157336e-06,
        "count": 9228,
        "total": 0.0538166549999999
    },
    "RenderingProperty": {
        "average": 6.473026874729056e-06,
        "count": 9228,
        "total": 0.05973309199999973
    },
    "comput-rank-265": {
        "average": 0.49893475505981527,
        "count": 9228,
        "total": 4604.169919691975
    },
    "recv-rank-265": {
        "average": 0.09354964097323676,
        "count": 9229,
        "total": 863.369636542002
    },
    "send-rank-265": {
        "average": 2.630361291720852e-06,
        "count": 9228,
        "total": 0.02427297400000002
    }
}
