{
    "7s5Leq": {
        "average": null,
        "count": 0,
        "total": 0.0
    },
    "CalculatingResidual": {
        "average": 0.0001551362783044569,
        "count": 9177,
        "total": 1.423685626000001
    },
    "CreatePrediction": {
        "average": 2.559315680505592e-07,
        "count": 9177,
        "total": 0.0023486839999999815
    },
    "ErrorMPI": {
        "average": 1.039731328,
        "count": 1,
        "total": 1.039731328
    },
    "InitPrediction": {
        "average": 0.0003405225563909778,
        "count": 9177,
        "total": 3.1249755000000032
    },
    "Predict": {
        "average": 0.5011403833246172,
        "count": 9177,
        "total": 4598.965297770012
    },
    "RenderingDatabase": {
        "average": 6.096131742399489e-06,
        "count": 9177,
        "total": 0.05594420100000011
    },
    "RenderingProperty": {
        "average": 6.479094911190999e-06,
        "count": 9177,
        "total": 0.0594586539999998
    },
    "comput-rank-268": {
        "average": 0.5017162159753731,
        "count": 9177,
        "total": 4604.249714005999
    },
    "recv-rank-268": {
        "average": 0.09406224902756596,
        "count": 9178,
        "total": 863.3033215750004
    },
    "send-rank-268": {
        "average": 2.6291529911735833e-06,
        "count": 9177,
        "total": 0.024127736999999976
    }
}
