{
    "5eV5JO": {
        "average": null,
        "count": 0,
        "total": 0.0
    },
    "CalculatingResidual": {
        "average": 0.00015187884659361597,
        "count": 10495,
        "total": 1.5939684949999995
    },
    "CreatePrediction": {
        "average": 2.785870414483073e-07,
        "count": 10495,
        "total": 0.002923770999999985
    },
    "ErrorMPI": {
        "average": 1.02709659,
        "count": 1,
        "total": 1.02709659
    },
    "InitPrediction": {
        "average": 0.00032181457941877047,
        "count": 10495,
        "total": 3.377444010999996
    },
    "Predict": {
        "average": 0.438744563775418,
        "count": 10495,
        "total": 4604.6241968230115
    },
    "RenderingDatabase": {
        "average": 5.746742925202461e-06,
        "count": 10495,
        "total": 0.06031206699999983
    },
    "RenderingProperty": {
        "average": 6.41585459742733e-06,
        "count": 10495,
        "total": 0.06733439399999983
    },
    "comput-rank-166": {
        "average": 0.43929545716217067,
        "count": 10495,
        "total": 4610.405822916981
    },
    "recv-rank-166": {
        "average": 0.08165611501914971,
        "count": 10496,
        "total": 857.0625832409954
    },
    "send-rank-166": {
        "average": 2.4008333492139157e-06,
        "count": 10495,
        "total": 0.025196746000000044
    }
}
