{
    "CalculatingResidual": {
        "average": 0.00014961685505864364,
        "count": 10487,
        "total": 1.569031958999996
    },
    "CreatePrediction": {
        "average": 2.3495642223705403e-07,
        "count": 10487,
        "total": 0.0024639879999999855
    },
    "ErrorMPI": {
        "average": 1.04532802,
        "count": 1,
        "total": 1.04532802
    },
    "InitPrediction": {
        "average": 0.0003333845792886435,
        "count": 10487,
        "total": 3.4962040830000047
    },
    "Predict": {
        "average": 0.4384335723110508,
        "count": 10487,
        "total": 4597.85287282599
    },
    "RenderingDatabase": {
        "average": 5.93982425860588e-06,
        "count": 10487,
        "total": 0.062290936999999866
    },
    "RenderingProperty": {
        "average": 6.328315914942309e-06,
        "count": 10487,
        "total": 0.066365049
    },
    "comput-rank-310": {
        "average": 0.43899216786897843,
        "count": 10487,
        "total": 4603.710864441977
    },
    "j95zGb": {
        "average": null,
        "count": 0,
        "total": 0.0
    },
    "recv-rank-310": {
        "average": 0.08236414525495743,
        "count": 10488,
        "total": 863.8351554339935
    },
    "send-rank-310": {
        "average": 2.4256924763993597e-06,
        "count": 10487,
        "total": 0.025438237000000086
    }
}
