{
    "CalculatingResidual": {
        "average": 0.0001495386596108206,
        "count": 10535,
        "total": 1.575389778999995
    },
    "CreatePrediction": {
        "average": 2.4746578073090555e-07,
        "count": 10535,
        "total": 0.0026070520000000897
    },
    "ErrorMPI": {
        "average": 1.050044214,
        "count": 1,
        "total": 1.050044214
    },
    "InitPrediction": {
        "average": 0.0003292670358804,
        "count": 10535,
        "total": 3.468828223000014
    },
    "Predict": {
        "average": 0.4357215203147587,
        "count": 10535,
        "total": 4590.326216515983
    },
    "RenderingDatabase": {
        "average": 5.97055083056477e-06,
        "count": 10535,
        "total": 0.06289975299999985
    },
    "RenderingProperty": {
        "average": 6.637443758898889e-06,
        "count": 10535,
        "total": 0.0699254699999998
    },
    "comput-rank-170": {
        "average": 0.4362795987129572,
        "count": 10535,
        "total": 4596.205572441004
    },
    "recv-rank-170": {
        "average": 0.08269092446706541,
        "count": 10536,
        "total": 871.2315801850011
    },
    "send-rank-170": {
        "average": 2.6910145230185085e-06,
        "count": 10535,
        "total": 0.02834983799999999
    },
    "xb0XnW": {
        "average": null,
        "count": 0,
        "total": 0.0
    }
}
