{
    "CalculatingResidual": {
        "average": 0.00014918095515738502,
        "count": 10325,
        "total": 1.5402933620000003
    },
    "CreatePrediction": {
        "average": 1.960642130750586e-07,
        "count": 10325,
        "total": 0.00202436299999998
    },
    "ErrorMPI": {
        "average": 1.026674644,
        "count": 1,
        "total": 1.026674644
    },
    "InitPrediction": {
        "average": 0.0003292912165617447,
        "count": 10325,
        "total": 3.3999318110000143
    },
    "Predict": {
        "average": 0.4445973907085718,
        "count": 10325,
        "total": 4590.468059066004
    },
    "RenderingDatabase": {
        "average": 5.905796222760292e-06,
        "count": 10325,
        "total": 0.060977346000000016
    },
    "RenderingProperty": {
        "average": 6.1533463438256726e-06,
        "count": 10325,
        "total": 0.06353330100000007
    },
    "comput-rank-241": {
        "average": 0.4451506120539473,
        "count": 10325,
        "total": 4596.180069457006
    },
    "n6YGOQ": {
        "average": null,
        "count": 0,
        "total": 0.0
    },
    "recv-rank-241": {
        "average": 0.08437076111979391,
        "count": 10326,
        "total": 871.212479322992
    },
    "send-rank-241": {
        "average": 2.335868377723971e-06,
        "count": 10325,
        "total": 0.024117840999999998
    }
}
