{
    "CalculatingResidual": {
        "average": 0.00015503862596766266,
        "count": 10205,
        "total": 1.5821691779999973
    },
    "CreatePrediction": {
        "average": 2.497750122489006e-07,
        "count": 10205,
        "total": 0.0025489540000000308
    },
    "ErrorMPI": {
        "average": 1.007310246,
        "count": 1,
        "total": 1.007310246
    },
    "InitPrediction": {
        "average": 0.00032930152748652586,
        "count": 10205,
        "total": 3.3605220879999966
    },
    "Predict": {
        "average": 0.45108175672670225,
        "count": 10205,
        "total": 4603.289327395996
    },
    "RenderingDatabase": {
        "average": 6.946272709456171e-06,
        "count": 10205,
        "total": 0.07088671300000023
    },
    "RenderingProperty": {
        "average": 6.974641744243018e-06,
        "count": 10205,
        "total": 0.071176219
    },
    "comput-rank-208": {
        "average": 0.4516487164782956,
        "count": 10205,
        "total": 4609.075151661006
    },
    "dOZ7tM": {
        "average": null,
        "count": 0,
        "total": 0.0
    },
    "recv-rank-208": {
        "average": 0.0841074694623747,
        "count": 10206,
        "total": 858.4008333329962
    },
    "send-rank-208": {
        "average": 2.5722751592356616e-06,
        "count": 10205,
        "total": 0.02625006799999993
    }
}
