{
    "46DmLe": {
        "average": null,
        "count": 0,
        "total": 0.0
    },
    "CalculatingResidual": {
        "average": 0.00015019792661913247,
        "count": 10098,
        "total": 1.5166986629999997
    },
    "CreatePrediction": {
        "average": 2.30190235690234e-07,
        "count": 10098,
        "total": 0.002324460999999983
    },
    "ErrorMPI": {
        "average": 1.028268581,
        "count": 1,
        "total": 1.028268581
    },
    "InitPrediction": {
        "average": 0.0003269284067142005,
        "count": 10098,
        "total": 3.3013230509999967
    },
    "Predict": {
        "average": 0.4559248627234125,
        "count": 10098,
        "total": 4603.9292637810195
    },
    "RenderingDatabase": {
        "average": 5.949611903347192e-06,
        "count": 10098,
        "total": 0.06007918099999995
    },
    "RenderingProperty": {
        "average": 6.396806892453941e-06,
        "count": 10098,
        "total": 0.0645949559999999
    },
    "comput-rank-315": {
        "average": 0.4564787152239062,
        "count": 10098,
        "total": 4609.522066331005
    },
    "recv-rank-315": {
        "average": 0.08496271420061359,
        "count": 10099,
        "total": 858.0384507119966
    },
    "send-rank-315": {
        "average": 2.578176668647251e-06,
        "count": 10098,
        "total": 0.026034427999999943
    }
}
