{
    "4W8LUu": {
        "average": null,
        "count": 0,
        "total": 0.0
    },
    "CalculatingResidual": {
        "average": 0.00015146348222159752,
        "count": 10659,
        "total": 1.614449257000008
    },
    "CreatePrediction": {
        "average": 2.739534665540905e-07,
        "count": 10659,
        "total": 0.0029200700000000506
    },
    "ErrorMPI": {
        "average": 1.050304353,
        "count": 1,
        "total": 1.050304353
    },
    "InitPrediction": {
        "average": 0.0003269389341401628,
        "count": 10659,
        "total": 3.4848420989999958
    },
    "Predict": {
        "average": 0.43161422976874037,
        "count": 10659,
        "total": 4600.576075105004
    },
    "RenderingDatabase": {
        "average": 5.947795759452084e-06,
        "count": 10659,
        "total": 0.06339755499999976
    },
    "RenderingProperty": {
        "average": 6.781802420489736e-06,
        "count": 10659,
        "total": 0.07228723200000009
    },
    "comput-rank-281": {
        "average": 0.4321731260385597,
        "count": 10659,
        "total": 4606.533350445007
    },
    "recv-rank-281": {
        "average": 0.08076811307073117,
        "count": 10660,
        "total": 860.9880853339944
    },
    "send-rank-281": {
        "average": 2.8854447884417025e-06,
        "count": 10659,
        "total": 0.03075595600000011
    }
}
