{
    "CalculatingResidual": {
        "average": 0.00014839080770698198,
        "count": 10484,
        "total": 1.555729227999999
    },
    "CreatePrediction": {
        "average": 2.363683708508189e-07,
        "count": 10484,
        "total": 0.0024780859999999853
    },
    "ErrorMPI": {
        "average": 1.046163198,
        "count": 1,
        "total": 1.046163198
    },
    "InitPrediction": {
        "average": 0.00032803037771842787,
        "count": 10484,
        "total": 3.4390704799999976
    },
    "Predict": {
        "average": 0.43785665454435657,
        "count": 10484,
        "total": 4590.489166243035
    },
    "RenderingDatabase": {
        "average": 5.8155666730255715e-06,
        "count": 10484,
        "total": 0.06097040100000009
    },
    "RenderingProperty": {
        "average": 6.062502670736335e-06,
        "count": 10484,
        "total": 0.06355927799999973
    },
    "comput-rank-59": {
        "average": 0.4384094361134099,
        "count": 10484,
        "total": 4596.284528212989
    },
    "oQaP5D": {
        "average": null,
        "count": 0,
        "total": 0.0
    },
    "recv-rank-59": {
        "average": 0.08307923799189361,
        "count": 10485,
        "total": 871.0858103450045
    },
    "send-rank-59": {
        "average": 1.6963860167874874e-06,
        "count": 10484,
        "total": 0.017784911000000018
    }
}
