{
    "CalculatingResidual": {
        "average": 0.0001485915610093009,
        "count": 10859,
        "total": 1.6135557609999984
    },
    "CreatePrediction": {
        "average": 2.415787825766683e-07,
        "count": 10859,
        "total": 0.002623304000000041
    },
    "ErrorMPI": {
        "average": 1.034011078,
        "count": 1,
        "total": 1.034011078
    },
    "InitPrediction": {
        "average": 0.0003192444356754768,
        "count": 10859,
        "total": 3.4666753270000026
    },
    "Predict": {
        "average": 0.42277919870982644,
        "count": 10859,
        "total": 4590.9593187900055
    },
    "RenderingDatabase": {
        "average": 6.4222949627038e-06,
        "count": 10859,
        "total": 0.06973970100000057
    },
    "RenderingProperty": {
        "average": 6.597222764527123e-06,
        "count": 10859,
        "total": 0.07163924200000003
    },
    "comput-rank-147": {
        "average": 0.4233263976251027,
        "count": 10859,
        "total": 4596.9013518109905
    },
    "recv-rank-147": {
        "average": 0.08016071059014675,
        "count": 10860,
        "total": 870.5453170089936
    },
    "send-rank-147": {
        "average": 2.963658992540723e-06,
        "count": 10859,
        "total": 0.03218237299999971
    },
    "uWWYST": {
        "average": null,
        "count": 0,
        "total": 0.0
    }
}
