{
    "AUZcF5": {
        "average": null,
        "count": 0,
        "total": 0.0
    },
    "CalculatingResidual": {
        "average": 0.00014966084930321925,
        "count": 10405,
        "total": 1.5572211369999964
    },
    "CreatePrediction": {
        "average": 2.2970975492551753e-07,
        "count": 10405,
        "total": 0.00239013000000001
    },
    "ErrorMPI": {
        "average": 1.052149565,
        "count": 1,
        "total": 1.052149565
    },
    "InitPrediction": {
        "average": 0.0003277625778952429,
        "count": 10405,
        "total": 3.4103696230000025
    },
    "Predict": {
        "average": 0.4407285792238343,
        "count": 10405,
        "total": 4585.780866823996
    },
    "RenderingDatabase": {
        "average": 5.930292071119631e-06,
        "count": 10405,
        "total": 0.061704688999999764
    },
    "RenderingProperty": {
        "average": 6.279884863046588e-06,
        "count": 10405,
        "total": 0.06534220199999975
    },
    "comput-rank-280": {
        "average": 0.4412820721488711,
        "count": 10405,
        "total": 4591.539960709004
    },
    "recv-rank-280": {
        "average": 0.0841817446263695,
        "count": 10406,
        "total": 875.995234582001
    },
    "send-rank-280": {
        "average": 2.376958481499277e-06,
        "count": 10405,
        "total": 0.02473225299999998
    }
}
