{
    "2u6ADi": {
        "average": null,
        "count": 0,
        "total": 0.0
    },
    "CalculatingResidual": {
        "average": 0.00015087681590156182,
        "count": 10565,
        "total": 1.5940135600000005
    },
    "CreatePrediction": {
        "average": 2.6330487458590845e-07,
        "count": 10565,
        "total": 0.0027818160000001226
    },
    "ErrorMPI": {
        "average": 1.029584034,
        "count": 1,
        "total": 1.029584034
    },
    "InitPrediction": {
        "average": 0.0003235338294368195,
        "count": 10565,
        "total": 3.418134907999998
    },
    "Predict": {
        "average": 0.4347876109586372,
        "count": 10565,
        "total": 4593.531109778002
    },
    "RenderingDatabase": {
        "average": 5.993302224325591e-06,
        "count": 10565,
        "total": 0.06331923799999988
    },
    "RenderingProperty": {
        "average": 6.857044959772822e-06,
        "count": 10565,
        "total": 0.07244467999999986
    },
    "comput-rank-45": {
        "average": 0.4353452804654048,
        "count": 10565,
        "total": 4599.422888117002
    },
    "recv-rank-45": {
        "average": 0.08214531293696781,
        "count": 10566,
        "total": 867.9473764920019
    },
    "send-rank-45": {
        "average": 1.9611241836251822e-06,
        "count": 10565,
        "total": 0.02071927700000005
    }
}
