{
    "3wiDPy": {
        "average": null,
        "count": 0,
        "total": 0.0
    },
    "CalculatingResidual": {
        "average": 0.00015372627355233353,
        "count": 10137,
        "total": 1.5583232350000051
    },
    "CreatePrediction": {
        "average": 2.384256683436931e-07,
        "count": 10137,
        "total": 0.002416921000000017
    },
    "ErrorMPI": {
        "average": 1.024065654,
        "count": 1,
        "total": 1.024065654
    },
    "InitPrediction": {
        "average": 0.00033284246700207066,
        "count": 10137,
        "total": 3.3740240879999903
    },
    "Predict": {
        "average": 0.45265563855173896,
        "count": 10137,
        "total": 4588.570207998978
    },
    "RenderingDatabase": {
        "average": 6.311651376146775e-06,
        "count": 10137,
        "total": 0.06398120999999986
    },
    "RenderingProperty": {
        "average": 7.38147489395283e-06,
        "count": 10137,
        "total": 0.07482601099999983
    },
    "comput-rank-70": {
        "average": 0.45323750968195653,
        "count": 10137,
        "total": 4594.468635645993
    },
    "recv-rank-70": {
        "average": 0.08612324554478146,
        "count": 10138,
        "total": 873.1174633329945
    },
    "send-rank-70": {
        "average": 3.315852224524012e-06,
        "count": 10137,
        "total": 0.03361279399999991
    }
}
