{
    "CalculatingResidual": {
        "average": 0.00014966556815323596,
        "count": 10337,
        "total": 1.5470929780000002
    },
    "CreatePrediction": {
        "average": 2.237829157395761e-07,
        "count": 10337,
        "total": 0.002313243999999998
    },
    "ErrorMPI": {
        "average": 1.027806817,
        "count": 1,
        "total": 1.027806817
    },
    "InitPrediction": {
        "average": 0.0003334395957240965,
        "count": 10337,
        "total": 3.446765100999986
    },
    "Predict": {
        "average": 0.44441325543919813,
        "count": 10337,
        "total": 4593.899821474991
    },
    "RenderingDatabase": {
        "average": 6.543206442875109e-06,
        "count": 10337,
        "total": 0.067637125
    },
    "RenderingProperty": {
        "average": 6.253790558189025e-06,
        "count": 10337,
        "total": 0.06464543299999995
    },
    "comput-rank-205": {
        "average": 0.44497351325471707,
        "count": 10337,
        "total": 4599.69120651401
    },
    "jB0Zed": {
        "average": null,
        "count": 0,
        "total": 0.0
    },
    "recv-rank-205": {
        "average": 0.08393302792068068,
        "count": 10338,
        "total": 867.6996426439969
    },
    "send-rank-205": {
        "average": 2.406151204411344e-06,
        "count": 10337,
        "total": 0.024872385000000063
    }
}
