{
    "CalculatingResidual": {
        "average": 0.00015012143725167155,
        "count": 10319,
        "total": 1.5491031109999989
    },
    "CreatePrediction": {
        "average": 2.2174290144393858e-07,
        "count": 10319,
        "total": 0.002288165000000002
    },
    "ErrorMPI": {
        "average": 1.028233741,
        "count": 1,
        "total": 1.028233741
    },
    "InitPrediction": {
        "average": 0.0003307822628161644,
        "count": 10319,
        "total": 3.4133421700000004
    },
    "Predict": {
        "average": 0.4446075471241394,
        "count": 10319,
        "total": 4587.905278773995
    },
    "QaGz3V": {
        "average": null,
        "count": 0,
        "total": 0.0
    },
    "RenderingDatabase": {
        "average": 6.393897470685131e-06,
        "count": 10319,
        "total": 0.06597862799999987
    },
    "RenderingProperty": {
        "average": 6.293858028878791e-06,
        "count": 10319,
        "total": 0.06494632100000025
    },
    "comput-rank-202": {
        "average": 0.4451664580403123,
        "count": 10319,
        "total": 4593.672680517982
    },
    "recv-rank-202": {
        "average": 0.0846642719471894,
        "count": 10320,
        "total": 873.7352864949946
    },
    "send-rank-202": {
        "average": 2.388202732822958e-06,
        "count": 10319,
        "total": 0.024643864000000106
    }
}
