{
    "21Aqd0": {
        "average": null,
        "count": 0,
        "total": 0.0
    },
    "CalculatingResidual": {
        "average": 0.00015735238561438554,
        "count": 10010,
        "total": 1.5750973799999992
    },
    "CreatePrediction": {
        "average": 2.712746253746239e-07,
        "count": 10010,
        "total": 0.002715458999999985
    },
    "ErrorMPI": {
        "average": 1.020746828,
        "count": 1,
        "total": 1.020746828
    },
    "InitPrediction": {
        "average": 0.00033513114445554455,
        "count": 10010,
        "total": 3.3546627560000006
    },
    "Predict": {
        "average": 0.4597358601278741,
        "count": 10010,
        "total": 4601.95595988002
    },
    "RenderingDatabase": {
        "average": 6.037253946053913e-06,
        "count": 10010,
        "total": 0.060432911999999665
    },
    "RenderingProperty": {
        "average": 6.914120179820171e-06,
        "count": 10010,
        "total": 0.06921034299999991
    },
    "comput-rank-224": {
        "average": 0.4603108121126855,
        "count": 10010,
        "total": 4607.7112292479815
    },
    "recv-rank-224": {
        "average": 0.08588606832444301,
        "count": 10011,
        "total": 859.8054299959989
    },
    "send-rank-224": {
        "average": 2.7033306693306857e-06,
        "count": 10010,
        "total": 0.027060340000000165
    }
}
