{
    "6tzR5e": {
        "average": null,
        "count": 0,
        "total": 0.0
    },
    "CalculatingResidual": {
        "average": 0.0001493469283916085,
        "count": 10725,
        "total": 1.6017458070000012
    },
    "CreatePrediction": {
        "average": 2.196210722610725e-07,
        "count": 10725,
        "total": 0.0023554360000000024
    },
    "ErrorMPI": {
        "average": 0.991874171,
        "count": 1,
        "total": 0.991874171
    },
    "InitPrediction": {
        "average": 0.00032279781072261084,
        "count": 10725,
        "total": 3.4620065200000014
    },
    "Predict": {
        "average": 0.42885522307813506,
        "count": 10725,
        "total": 4599.472267512999
    },
    "RenderingDatabase": {
        "average": 6.375870303030314e-06,
        "count": 10725,
        "total": 0.06838120900000012
    },
    "RenderingProperty": {
        "average": 6.178270675990668e-06,
        "count": 10725,
        "total": 0.06626195299999992
    },
    "comput-rank-203": {
        "average": 0.4294043321606529,
        "count": 10725,
        "total": 4605.361462423002
    },
    "recv-rank-203": {
        "average": 0.08037026250801788,
        "count": 10726,
        "total": 862.0514356609997
    },
    "send-rank-203": {
        "average": 2.9490307692307633e-06,
        "count": 10725,
        "total": 0.031628354999999934
    }
}
