{
    "CalculatingResidual": {
        "average": 0.00015093147208073058,
        "count": 10405,
        "total": 1.5704419670000016
    },
    "CreatePrediction": {
        "average": 2.3198817876021158e-07,
        "count": 10405,
        "total": 0.0024138370000000016
    },
    "ErrorMPI": {
        "average": 1.032117104,
        "count": 1,
        "total": 1.032117104
    },
    "InitPrediction": {
        "average": 0.0003309874118212398,
        "count": 10405,
        "total": 3.44392402
    },
    "Predict": {
        "average": 0.4424646326544918,
        "count": 10405,
        "total": 4603.844502769987
    },
    "QNsDpj": {
        "average": null,
        "count": 0,
        "total": 0.0
    },
    "RenderingDatabase": {
        "average": 6.456719461797249e-06,
        "count": 10405,
        "total": 0.06718216600000038
    },
    "RenderingProperty": {
        "average": 6.202645747236902e-06,
        "count": 10405,
        "total": 0.06453852899999997
    },
    "comput-rank-146": {
        "average": 0.443024410024026,
        "count": 10405,
        "total": 4609.66898629999
    },
    "recv-rank-146": {
        "average": 0.08243293163002079,
        "count": 10406,
        "total": 857.7970865419964
    },
    "send-rank-146": {
        "average": 2.330078039404139e-06,
        "count": 10405,
        "total": 0.024244462000000064
    }
}
