{
    "7LQl3l": {
        "average": null,
        "count": 0,
        "total": 0.0
    },
    "CalculatingResidual": {
        "average": 0.00015034564446984912,
        "count": 10497,
        "total": 1.5781782300000062
    },
    "CreatePrediction": {
        "average": 2.867505954082182e-07,
        "count": 10497,
        "total": 0.0030100210000000662
    },
    "ErrorMPI": {
        "average": 1.000610542,
        "count": 1,
        "total": 1.000610542
    },
    "InitPrediction": {
        "average": 0.00032674086481851965,
        "count": 10497,
        "total": 3.4297988580000007
    },
    "Predict": {
        "average": 0.43743824092969286,
        "count": 10497,
        "total": 4591.789215038986
    },
    "RenderingDatabase": {
        "average": 6.598851386110328e-06,
        "count": 10497,
        "total": 0.06926814300000012
    },
    "RenderingProperty": {
        "average": 6.910022577879403e-06,
        "count": 10497,
        "total": 0.0725345070000001
    },
    "comput-rank-209": {
        "average": 0.43799750034209917,
        "count": 10497,
        "total": 4597.659761091015
    },
    "recv-rank-209": {
        "average": 0.08285160401638389,
        "count": 10498,
        "total": 869.776138963998
    },
    "send-rank-209": {
        "average": 2.9140889778031777e-06,
        "count": 10497,
        "total": 0.030589191999999956
    }
}
