{
    "CalculatingResidual": {
        "average": 0.00016136512690406574,
        "count": 9913,
        "total": 1.5996125030000037
    },
    "CreatePrediction": {
        "average": 2.633138303238227e-07,
        "count": 9913,
        "total": 0.0026102300000000545
    },
    "ErrorMPI": {
        "average": 1.028417374,
        "count": 1,
        "total": 1.028417374
    },
    "InitPrediction": {
        "average": 0.000337019654494097,
        "count": 9913,
        "total": 3.3408758349999834
    },
    "Predict": {
        "average": 0.46415783358539353,
        "count": 9913,
        "total": 4601.196604332006
    },
    "RenderingDatabase": {
        "average": 5.878361444567704e-06,
        "count": 9913,
        "total": 0.05827219699999965
    },
    "RenderingProperty": {
        "average": 6.980153737516373e-06,
        "count": 9913,
        "total": 0.06919426399999981
    },
    "comput-rank-222": {
        "average": 0.4647374731957027,
        "count": 9913,
        "total": 4606.942571789001
    },
    "eLFxRO": {
        "average": null,
        "count": 0,
        "total": 0.0
    },
    "recv-rank-222": {
        "average": 0.08680392590195642,
        "count": 9914,
        "total": 860.5741213919958
    },
    "send-rank-222": {
        "average": 2.6444773529708538e-06,
        "count": 9913,
        "total": 0.026214704000000075
    }
}
