{
    "CalculatingResidual": {
        "average": 0.0001531588860868732,
        "count": 10429,
        "total": 1.5972940230000006
    },
    "CreatePrediction": {
        "average": 2.8183900661618384e-07,
        "count": 10429,
        "total": 0.0029392990000001815
    },
    "ErrorMPI": {
        "average": 1.030954342,
        "count": 1,
        "total": 1.030954342
    },
    "InitPrediction": {
        "average": 0.0003366612630165892,
        "count": 10429,
        "total": 3.5110403120000084
    },
    "Predict": {
        "average": 0.4404219361496781,
        "count": 10429,
        "total": 4593.160372104993
    },
    "RenderingDatabase": {
        "average": 6.084123501773868e-06,
        "count": 10429,
        "total": 0.06345132399999967
    },
    "RenderingProperty": {
        "average": 8.034437529964558e-06,
        "count": 10429,
        "total": 0.08379114900000037
    },
    "comput-rank-177": {
        "average": 0.4410021970841891,
        "count": 10429,
        "total": 4599.211913391008
    },
    "recv-rank-177": {
        "average": 0.08324183417641412,
        "count": 10430,
        "total": 868.2123304599993
    },
    "send-rank-177": {
        "average": 4.258613098091862e-06,
        "count": 10429,
        "total": 0.044413076000000024
    },
    "vCo2QB": {
        "average": null,
        "count": 0,
        "total": 0.0
    }
}
