{
    "CalculatingResidual": {
        "average": 0.0001506778867307695,
        "count": 10400,
        "total": 1.5670500220000028
    },
    "CreatePrediction": {
        "average": 2.4517442307691935e-07,
        "count": 10400,
        "total": 0.002549813999999961
    },
    "ErrorMPI": {
        "average": 1.042369391,
        "count": 1,
        "total": 1.042369391
    },
    "InitPrediction": {
        "average": 0.00032479917163461355,
        "count": 10400,
        "total": 3.377911384999981
    },
    "Predict": {
        "average": 0.4417846550373079,
        "count": 10400,
        "total": 4594.560412388002
    },
    "RenderingDatabase": {
        "average": 5.9469808653846134e-06,
        "count": 10400,
        "total": 0.06184860099999998
    },
    "RenderingProperty": {
        "average": 6.342652500000034e-06,
        "count": 10400,
        "total": 0.06596358600000035
    },
    "comput-rank-108": {
        "average": 0.4423365946710585,
        "count": 10400,
        "total": 4600.3005845790085
    },
    "recv-rank-108": {
        "average": 0.08338473133419816,
        "count": 10401,
        "total": 867.284590606995
    },
    "send-rank-108": {
        "average": 2.6057604807692307e-06,
        "count": 10400,
        "total": 0.027099909
    },
    "vhF9HT": {
        "average": null,
        "count": 0,
        "total": 0.0
    }
}
