{
    "CalculatingResidual": {
        "average": 0.0001542665172732879,
        "count": 9726,
        "total": 1.500396146999998
    },
    "CreatePrediction": {
        "average": 2.2973719925971618e-07,
        "count": 9726,
        "total": 0.0022344239999999996
    },
    "ErrorMPI": {
        "average": 1.051019472,
        "count": 1,
        "total": 1.051019472
    },
    "InitPrediction": {
        "average": 0.00033541924871478433,
        "count": 9726,
        "total": 3.2622876129999923
    },
    "Predict": {
        "average": 0.472713496297142,
        "count": 9726,
        "total": 4597.611464986003
    },
    "RenderingDatabase": {
        "average": 6.021315443142072e-06,
        "count": 9726,
        "total": 0.05856331399999979
    },
    "RenderingProperty": {
        "average": 6.256836315031891e-06,
        "count": 9726,
        "total": 0.06085399000000018
    },
    "YIljHo": {
        "average": null,
        "count": 0,
        "total": 0.0
    },
    "comput-rank-276": {
        "average": 0.4732793108531797,
        "count": 9726,
        "total": 4603.114577358026
    },
    "recv-rank-276": {
        "average": 0.08886910825074464,
        "count": 9727,
        "total": 864.429815954993
    },
    "send-rank-276": {
        "average": 2.413153711700602e-06,
        "count": 9726,
        "total": 0.023470333000000055
    }
}
