{
    "CalculatingResidual": {
        "average": 0.00014907238369857767,
        "count": 10404,
        "total": 1.550949080000002
    },
    "CreatePrediction": {
        "average": 2.6447337562476425e-07,
        "count": 10404,
        "total": 0.002751581000000047
    },
    "ErrorMPI": {
        "average": 1.0578186,
        "count": 1,
        "total": 1.0578186
    },
    "InitPrediction": {
        "average": 0.0003306862567281799,
        "count": 10404,
        "total": 3.4404598149999837
    },
    "Predict": {
        "average": 0.44154289478585,
        "count": 10404,
        "total": 4593.8122773519835
    },
    "RenderingDatabase": {
        "average": 6.009874663590919e-06,
        "count": 10404,
        "total": 0.06252673599999992
    },
    "RenderingProperty": {
        "average": 6.652522971933859e-06,
        "count": 10404,
        "total": 0.06921284899999987
    },
    "comput-rank-37": {
        "average": 0.44210397281978114,
        "count": 10404,
        "total": 4599.649733217003
    },
    "recv-rank-37": {
        "average": 0.0833925259953872,
        "count": 10405,
        "total": 867.6992329820038
    },
    "send-rank-37": {
        "average": 1.9399736639753927e-06,
        "count": 10404,
        "total": 0.020183485999999987
    },
    "xebpjT": {
        "average": null,
        "count": 0,
        "total": 0.0
    }
}
