{
    "CalculatingResidual": {
        "average": 0.0001493781334925949,
        "count": 10465,
        "total": 1.5632421670000058
    },
    "CreatePrediction": {
        "average": 2.2326192068800972e-07,
        "count": 10465,
        "total": 0.0023364360000000216
    },
    "ErrorMPI": {
        "average": 1.047761845,
        "count": 1,
        "total": 1.047761845
    },
    "InitPrediction": {
        "average": 0.0003246271611084569,
        "count": 10465,
        "total": 3.397223241000001
    },
    "Predict": {
        "average": 0.4379340739272819,
        "count": 10465,
        "total": 4582.980083649005
    },
    "RenderingDatabase": {
        "average": 6.266204873387494e-06,
        "count": 10465,
        "total": 0.06557583400000012
    },
    "RenderingProperty": {
        "average": 6.296159006211181e-06,
        "count": 10465,
        "total": 0.06588930400000001
    },
    "comput-rank-153": {
        "average": 0.4384845639740079,
        "count": 10465,
        "total": 4588.740961987993
    },
    "hWBk7G": {
        "average": null,
        "count": 0,
        "total": 0.0
    },
    "recv-rank-153": {
        "average": 0.08395808245757645,
        "count": 10466,
        "total": 878.7052910009951
    },
    "send-rank-153": {
        "average": 2.6767541328236976e-06,
        "count": 10465,
        "total": 0.028012231999999995
    }
}
