{
    "CalculatingResidual": {
        "average": 0.00015039556381228912,
        "count": 10335,
        "total": 1.5543381520000081
    },
    "CreatePrediction": {
        "average": 2.50953846153848e-07,
        "count": 10335,
        "total": 0.0025936080000000194
    },
    "ErrorMPI": {
        "average": 1.028960275,
        "count": 1,
        "total": 1.028960275
    },
    "InitPrediction": {
        "average": 0.00032751142612481713,
        "count": 10335,
        "total": 3.3848305889999852
    },
    "Predict": {
        "average": 0.4441096381479445,
        "count": 10335,
        "total": 4589.873110259006
    },
    "RenderingDatabase": {
        "average": 6.094217803580065e-06,
        "count": 10335,
        "total": 0.06298374099999997
    },
    "RenderingProperty": {
        "average": 6.479163715529743e-06,
        "count": 10335,
        "total": 0.0669621569999999
    },
    "comput-rank-185": {
        "average": 0.44466486142486683,
        "count": 10335,
        "total": 4595.611342825999
    },
    "rBsd6S": {
        "average": null,
        "count": 0,
        "total": 0.0
    },
    "recv-rank-185": {
        "average": 0.0843513314568497,
        "count": 10336,
        "total": 871.8553619379985
    },
    "send-rank-185": {
        "average": 2.6501150459603173e-06,
        "count": 10335,
        "total": 0.02738893899999988
    }
}
