{
    "C3gH55": {
        "average": null,
        "count": 0,
        "total": 0.0
    },
    "CalculatingResidual": {
        "average": 0.00014900234205001005,
        "count": 10478,
        "total": 1.5612465400000053
    },
    "CreatePrediction": {
        "average": 2.555859896926996e-07,
        "count": 10478,
        "total": 0.0026780300000001068
    },
    "ErrorMPI": {
        "average": 1.023391429,
        "count": 1,
        "total": 1.023391429
    },
    "InitPrediction": {
        "average": 0.0003248552825920971,
        "count": 10478,
        "total": 3.4038336509999936
    },
    "Predict": {
        "average": 0.4389797309339574,
        "count": 10478,
        "total": 4599.629620726006
    },
    "RenderingDatabase": {
        "average": 5.984842145447586e-06,
        "count": 10478,
        "total": 0.06270917599999981
    },
    "RenderingProperty": {
        "average": 6.568511834319513e-06,
        "count": 10478,
        "total": 0.06882486699999986
    },
    "comput-rank-173": {
        "average": 0.4395320575978252,
        "count": 10478,
        "total": 4605.416899510013
    },
    "recv-rank-173": {
        "average": 0.08226443411002962,
        "count": 10479,
        "total": 862.0490050390003
    },
    "send-rank-173": {
        "average": 2.6825763504485488e-06,
        "count": 10478,
        "total": 0.028108034999999896
    }
}
