{
    "3cNCF6": {
        "average": null,
        "count": 0,
        "total": 0.0
    },
    "CalculatingResidual": {
        "average": 0.00015544350993313314,
        "count": 10319,
        "total": 1.6040215790000008
    },
    "CreatePrediction": {
        "average": 3.1908082178505585e-07,
        "count": 10319,
        "total": 0.0032925949999999915
    },
    "ErrorMPI": {
        "average": 1.018199703,
        "count": 1,
        "total": 1.018199703
    },
    "InitPrediction": {
        "average": 0.00035389701056303817,
        "count": 10319,
        "total": 3.6518632519999907
    },
    "Predict": {
        "average": 0.4457686650050402,
        "count": 10319,
        "total": 4599.88685418701
    },
    "RenderingDatabase": {
        "average": 6.636661788933042e-06,
        "count": 10319,
        "total": 0.06848371300000006
    },
    "RenderingProperty": {
        "average": 8.611650547533648e-06,
        "count": 10319,
        "total": 0.08886362199999971
    },
    "comput-rank-71": {
        "average": 0.4463836823749404,
        "count": 10319,
        "total": 4606.23321842701
    },
    "recv-rank-71": {
        "average": 0.08346279308740273,
        "count": 10320,
        "total": 861.3360246619961
    },
    "send-rank-71": {
        "average": 4.031304389960279e-06,
        "count": 10319,
        "total": 0.04159903000000012
    }
}
