{
    "60P5dI": {
        "average": null,
        "count": 0,
        "total": 0.0
    },
    "CalculatingResidual": {
        "average": 0.0001501985366193253,
        "count": 10773,
        "total": 1.6180888349999916
    },
    "CreatePrediction": {
        "average": 2.65690522602818e-07,
        "count": 10773,
        "total": 0.002862284000000158
    },
    "ErrorMPI": {
        "average": 1.050938835,
        "count": 1,
        "total": 1.050938835
    },
    "InitPrediction": {
        "average": 0.00033024048435904477,
        "count": 10773,
        "total": 3.557680737999989
    },
    "Predict": {
        "average": 0.42673910576218504,
        "count": 10773,
        "total": 4597.26038637602
    },
    "RenderingDatabase": {
        "average": 5.856069154367382e-06,
        "count": 10773,
        "total": 0.0630874329999998
    },
    "RenderingProperty": {
        "average": 6.639306878306859e-06,
        "count": 10773,
        "total": 0.07152525299999979
    },
    "comput-rank-18": {
        "average": 0.4273008090078892,
        "count": 10773,
        "total": 4603.31161544199
    },
    "recv-rank-18": {
        "average": 0.0801968979384635,
        "count": 10774,
        "total": 864.0413783890058
    },
    "send-rank-18": {
        "average": 1.6651241065627036e-06,
        "count": 10773,
        "total": 0.017938382000000006
    }
}
