{
    "CalculatingResidual": {
        "average": 0.0001514272260301103,
        "count": 10096,
        "total": 1.5288092739999937
    },
    "CreatePrediction": {
        "average": 2.404029318542068e-07,
        "count": 10096,
        "total": 0.002427108000000072
    },
    "Dzxrlh": {
        "average": null,
        "count": 0,
        "total": 0.0
    },
    "ErrorMPI": {
        "average": 1.005644074,
        "count": 1,
        "total": 1.005644074
    },
    "InitPrediction": {
        "average": 0.00033176656527337617,
        "count": 10096,
        "total": 3.3495152430000057
    },
    "Predict": {
        "average": 0.4553104922556471,
        "count": 10096,
        "total": 4596.814729813013
    },
    "RenderingDatabase": {
        "average": 5.946911648177469e-06,
        "count": 10096,
        "total": 0.06004001999999973
    },
    "RenderingProperty": {
        "average": 6.614032785261497e-06,
        "count": 10096,
        "total": 0.06677527500000008
    },
    "comput-rank-219": {
        "average": 0.45587279678694737,
        "count": 10096,
        "total": 4602.491756361021
    },
    "recv-rank-219": {
        "average": 0.08567272813647606,
        "count": 10097,
        "total": 865.0375359939987
    },
    "send-rank-219": {
        "average": 2.837089144215516e-06,
        "count": 10096,
        "total": 0.02864325199999985
    }
}
