{
    "CalculatingResidual": {
        "average": 0.00015257598776524574,
        "count": 10462,
        "total": 1.5962499840000008
    },
    "CreatePrediction": {
        "average": 2.53482603708656e-07,
        "count": 10462,
        "total": 0.0026519349999999595
    },
    "DhxqSQ": {
        "average": null,
        "count": 0,
        "total": 0.0
    },
    "ErrorMPI": {
        "average": 1.060646076,
        "count": 1,
        "total": 1.060646076
    },
    "InitPrediction": {
        "average": 0.00033314662330338426,
        "count": 10462,
        "total": 3.4853799730000063
    },
    "Predict": {
        "average": 0.43957880495670076,
        "count": 10462,
        "total": 4598.8734574570035
    },
    "RenderingDatabase": {
        "average": 5.9206118333014605e-06,
        "count": 10462,
        "total": 0.06194144099999988
    },
    "RenderingProperty": {
        "average": 6.382558593003256e-06,
        "count": 10462,
        "total": 0.06677432800000006
    },
    "comput-rank-302": {
        "average": 0.44014163199158707,
        "count": 10462,
        "total": 4604.761753895984
    },
    "recv-rank-302": {
        "average": 0.08245895014775871,
        "count": 10463,
        "total": 862.7679953959994
    },
    "send-rank-302": {
        "average": 2.341634964633927e-06,
        "count": 10462,
        "total": 0.024498185000000144
    }
}
