{
    "CalculatingResidual": {
        "average": 0.00014767796499009166,
        "count": 10597,
        "total": 1.5649433950000013
    },
    "CreatePrediction": {
        "average": 2.8071642917806475e-07,
        "count": 10597,
        "total": 0.002974751999999952
    },
    "ErrorMPI": {
        "average": 1.025578776,
        "count": 1,
        "total": 1.025578776
    },
    "InitPrediction": {
        "average": 0.000326819542134566,
        "count": 10597,
        "total": 3.4633066879999954
    },
    "KY4gtE": {
        "average": null,
        "count": 0,
        "total": 0.0
    },
    "Predict": {
        "average": 0.43328615314466407,
        "count": 10597,
        "total": 4591.533364874005
    },
    "RenderingDatabase": {
        "average": 5.810006511276773e-06,
        "count": 10597,
        "total": 0.06156863899999996
    },
    "RenderingProperty": {
        "average": 6.3018925167499834e-06,
        "count": 10597,
        "total": 0.06678115499999958
    },
    "comput-rank-189": {
        "average": 0.43383689164508776,
        "count": 10597,
        "total": 4597.369540762995
    },
    "recv-rank-189": {
        "average": 0.08210074237573076,
        "count": 10598,
        "total": 870.1036676979945
    },
    "send-rank-189": {
        "average": 2.506326979333773e-06,
        "count": 10597,
        "total": 0.026559546999999992
    }
}
