{
    "CalculatingResidual": {
        "average": 0.00015237397121350776,
        "count": 9831,
        "total": 1.4979885109999946
    },
    "CreatePrediction": {
        "average": 2.5736293357745965e-07,
        "count": 9831,
        "total": 0.002530135000000006
    },
    "ErrorMPI": {
        "average": 1.001033917,
        "count": 1,
        "total": 1.001033917
    },
    "InitPrediction": {
        "average": 0.0003285008331807551,
        "count": 9831,
        "total": 3.2294916910000033
    },
    "Predict": {
        "average": 0.4678703473296717,
        "count": 9831,
        "total": 4599.6333845980025
    },
    "RenderingDatabase": {
        "average": 5.900245244634319e-06,
        "count": 9831,
        "total": 0.05800531099999999
    },
    "RenderingProperty": {
        "average": 6.451383989421179e-06,
        "count": 9831,
        "total": 0.0634235559999996
    },
    "comput-rank-223": {
        "average": 0.4684276929933894,
        "count": 9831,
        "total": 4605.112649818011
    },
    "lbfSfP": {
        "average": null,
        "count": 0,
        "total": 0.0
    },
    "recv-rank-223": {
        "average": 0.08771695901291736,
        "count": 9832,
        "total": 862.4331410150035
    },
    "send-rank-223": {
        "average": 2.599426406265893e-06,
        "count": 9831,
        "total": 0.025554960999999994
    }
}
