{
    "CalculatingResidual": {
        "average": 0.00015251946333760978,
        "count": 10133,
        "total": 1.545479722
    },
    "CreatePrediction": {
        "average": 2.674600809237221e-07,
        "count": 10133,
        "total": 0.002710173000000076
    },
    "ErrorMPI": {
        "average": 1.070278471,
        "count": 1,
        "total": 1.070278471
    },
    "InitPrediction": {
        "average": 0.00033162867324583006,
        "count": 10133,
        "total": 3.360393345999996
    },
    "Predict": {
        "average": 0.45268429317734266,
        "count": 10133,
        "total": 4587.049942766013
    },
    "RenderingDatabase": {
        "average": 5.949638606533084e-06,
        "count": 10133,
        "total": 0.06028768799999974
    },
    "RenderingProperty": {
        "average": 6.728452778051903e-06,
        "count": 10133,
        "total": 0.06817941199999994
    },
    "comput-rank-257": {
        "average": 0.4532531507073928,
        "count": 10133,
        "total": 4592.814176118011
    },
    "jIH6Kq": {
        "average": null,
        "count": 0,
        "total": 0.0
    },
    "recv-rank-257": {
        "average": 0.08631307650365111,
        "count": 10134,
        "total": 874.6967172880004
    },
    "send-rank-257": {
        "average": 2.8575718938123016e-06,
        "count": 10133,
        "total": 0.02895577600000005
    }
}
