{
    "5Cyuvi": {
        "average": null,
        "count": 0,
        "total": 0.0
    },
    "CalculatingResidual": {
        "average": 0.00015044001963141095,
        "count": 9984,
        "total": 1.5019931560000068
    },
    "CreatePrediction": {
        "average": 2.484664463141026e-07,
        "count": 9984,
        "total": 0.0024806890000000003
    },
    "ErrorMPI": {
        "average": 1.032468214,
        "count": 1,
        "total": 1.032468214
    },
    "InitPrediction": {
        "average": 0.00032931923407451884,
        "count": 9984,
        "total": 3.287923232999996
    },
    "Predict": {
        "average": 0.4605850107630211,
        "count": 9984,
        "total": 4598.480747458003
    },
    "RenderingDatabase": {
        "average": 6.255335036057692e-06,
        "count": 9984,
        "total": 0.062453264999999994
    },
    "RenderingProperty": {
        "average": 6.257962239583318e-06,
        "count": 9984,
        "total": 0.06247949499999984
    },
    "comput-rank-87": {
        "average": 0.4611460438741004,
        "count": 9984,
        "total": 4604.0821020390185
    },
    "recv-rank-87": {
        "average": 0.08648165313620411,
        "count": 9985,
        "total": 863.519306564998
    },
    "send-rank-87": {
        "average": 2.319441907051274e-06,
        "count": 9984,
        "total": 0.02315730799999992
    }
}
