{
    "AfWQZp": {
        "average": null,
        "count": 0,
        "total": 0.0
    },
    "CalculatingResidual": {
        "average": 0.0001531275388212371,
        "count": 10265,
        "total": 1.571854185999999
    },
    "CreatePrediction": {
        "average": 2.66252800779353e-07,
        "count": 10265,
        "total": 0.0027330850000000587
    },
    "ErrorMPI": {
        "average": 1.03102519,
        "count": 1,
        "total": 1.03102519
    },
    "InitPrediction": {
        "average": 0.00033175902591329684,
        "count": 10265,
        "total": 3.405506400999992
    },
    "Predict": {
        "average": 0.44842844169761403,
        "count": 10265,
        "total": 4603.117954026008
    },
    "RenderingDatabase": {
        "average": 6.5872772528007744e-06,
        "count": 10265,
        "total": 0.06761840099999995
    },
    "RenderingProperty": {
        "average": 6.641936970287365e-06,
        "count": 10265,
        "total": 0.0681794829999998
    },
    "comput-rank-77": {
        "average": 0.44900060388748153,
        "count": 10265,
        "total": 4608.991198904998
    },
    "recv-rank-77": {
        "average": 0.08363500569355106,
        "count": 10266,
        "total": 858.5969684499952
    },
    "send-rank-77": {
        "average": 2.7386363370677083e-06,
        "count": 10265,
        "total": 0.028112102000000024
    }
}
