{
    "4zXx9o": {
        "average": null,
        "count": 0,
        "total": 0.0
    },
    "CalculatingResidual": {
        "average": 0.0001496381759665017,
        "count": 10269,
        "total": 1.536634429000006
    },
    "CreatePrediction": {
        "average": 2.4039273541726793e-07,
        "count": 10269,
        "total": 0.0024685929999999244
    },
    "ErrorMPI": {
        "average": 1.019432725,
        "count": 1,
        "total": 1.019432725
    },
    "InitPrediction": {
        "average": 0.00033061314042263196,
        "count": 10269,
        "total": 3.3950663390000075
    },
    "Predict": {
        "average": 0.4472359164132818,
        "count": 10269,
        "total": 4592.665625647991
    },
    "RenderingDatabase": {
        "average": 5.913394877787521e-06,
        "count": 10269,
        "total": 0.06072465200000006
    },
    "RenderingProperty": {
        "average": 6.333910312591287e-06,
        "count": 10269,
        "total": 0.06504292499999993
    },
    "comput-rank-244": {
        "average": 0.44779266677485563,
        "count": 10269,
        "total": 4598.382895110993
    },
    "recv-rank-244": {
        "average": 0.08461654210915286,
        "count": 10270,
        "total": 869.0118874609998
    },
    "send-rank-244": {
        "average": 2.340361671048786e-06,
        "count": 10269,
        "total": 0.024033173999999984
    }
}
