{
    "CZz1JF": {
        "average": null,
        "count": 0,
        "total": 0.0
    },
    "CalculatingResidual": {
        "average": 0.000151694110801728,
        "count": 10415,
        "total": 1.579894163999997
    },
    "CreatePrediction": {
        "average": 2.417830052808463e-07,
        "count": 10415,
        "total": 0.002518170000000014
    },
    "ErrorMPI": {
        "average": 1.027167855,
        "count": 1,
        "total": 1.027167855
    },
    "InitPrediction": {
        "average": 0.00033049083062890123,
        "count": 10415,
        "total": 3.4420620010000063
    },
    "Predict": {
        "average": 0.4414669581629348,
        "count": 10415,
        "total": 4597.878369266966
    },
    "RenderingDatabase": {
        "average": 5.920864906385006e-06,
        "count": 10415,
        "total": 0.061665807999999836
    },
    "RenderingProperty": {
        "average": 6.415355448871836e-06,
        "count": 10415,
        "total": 0.06681592700000018
    },
    "comput-rank-246": {
        "average": 0.44202590085789717,
        "count": 10415,
        "total": 4603.699757434999
    },
    "recv-rank-246": {
        "average": 0.08291866804339455,
        "count": 10416,
        "total": 863.6808463399976
    },
    "send-rank-246": {
        "average": 2.558716370619298e-06,
        "count": 10415,
        "total": 0.02664903099999999
    }
}
