{
    "CalculatingResidual": {
        "average": 0.00015036930961741284,
        "count": 10429,
        "total": 1.5682015299999985
    },
    "CreatePrediction": {
        "average": 2.168893470131343e-07,
        "count": 10429,
        "total": 0.0022619389999999776
    },
    "ErrorMPI": {
        "average": 1.014086956,
        "count": 1,
        "total": 1.014086956
    },
    "InitPrediction": {
        "average": 0.00032648940003835483,
        "count": 10429,
        "total": 3.4049579530000025
    },
    "Predict": {
        "average": 0.4404982431481441,
        "count": 10429,
        "total": 4593.956177791995
    },
    "RenderingDatabase": {
        "average": 5.861562661808426e-06,
        "count": 10429,
        "total": 0.06113023700000007
    },
    "RenderingProperty": {
        "average": 6.3874505705245e-06,
        "count": 10429,
        "total": 0.06661472200000002
    },
    "comput-rank-159": {
        "average": 0.4410514188532946,
        "count": 10429,
        "total": 4599.725247221009
    },
    "jo2Q3D": {
        "average": null,
        "count": 0,
        "total": 0.0
    },
    "recv-rank-159": {
        "average": 0.08319830946203227,
        "count": 10430,
        "total": 867.7583676889966
    },
    "send-rank-159": {
        "average": 2.526239236743698e-06,
        "count": 10429,
        "total": 0.026346149000000027
    }
}
