{
    "CalculatingResidual": {
        "average": 0.00014936890360623832,
        "count": 10260,
        "total": 1.5325249510000052
    },
    "CreatePrediction": {
        "average": 2.4909610136452393e-07,
        "count": 10260,
        "total": 0.0025557260000000155
    },
    "ErrorMPI": {
        "average": 1.049546629,
        "count": 1,
        "total": 1.049546629
    },
    "InitPrediction": {
        "average": 0.0003227636569200782,
        "count": 10260,
        "total": 3.311555120000002
    },
    "Predict": {
        "average": 0.4478244802818689,
        "count": 10260,
        "total": 4594.679167691975
    },
    "RenderingDatabase": {
        "average": 5.8840721247563354e-06,
        "count": 10260,
        "total": 0.06037058
    },
    "RenderingProperty": {
        "average": 6.440441033138381e-06,
        "count": 10260,
        "total": 0.06607892499999979
    },
    "comput-rank-184": {
        "average": 0.44837365905740934,
        "count": 10260,
        "total": 4600.31374192902
    },
    "pLhEWv": {
        "average": null,
        "count": 0,
        "total": 0.0
    },
    "recv-rank-184": {
        "average": 0.0845078461713278,
        "count": 10261,
        "total": 867.1350095639946
    },
    "send-rank-184": {
        "average": 2.377476705653029e-06,
        "count": 10260,
        "total": 0.02439291100000008
    }
}
