{
    "CalculatingResidual": {
        "average": 0.0001508122495248951,
        "count": 10524,
        "total": 1.5871481139999961
    },
    "CreatePrediction": {
        "average": 2.5402508551881326e-07,
        "count": 10524,
        "total": 0.0026733599999999905
    },
    "ErrorMPI": {
        "average": 1.05620662,
        "count": 1,
        "total": 1.05620662
    },
    "InitPrediction": {
        "average": 0.00032964679570505605,
        "count": 10524,
        "total": 3.4692028780000097
    },
    "Predict": {
        "average": 0.43701488803192473,
        "count": 10524,
        "total": 4599.144681647976
    },
    "RenderingDatabase": {
        "average": 5.898195077917131e-06,
        "count": 10524,
        "total": 0.06207260499999989
    },
    "RenderingProperty": {
        "average": 6.3018550931204585e-06,
        "count": 10524,
        "total": 0.0663207229999997
    },
    "comput-rank-168": {
        "average": 0.4375726430992046,
        "count": 10524,
        "total": 4605.014495976029
    },
    "recv-rank-168": {
        "average": 0.08194045537444175,
        "count": 10525,
        "total": 862.4232928159994
    },
    "send-rank-168": {
        "average": 2.4973622196883344e-06,
        "count": 10524,
        "total": 0.02628224000000003
    },
    "yXtLVv": {
        "average": null,
        "count": 0,
        "total": 0.0
    }
}
