{
    "7GMG5o": {
        "average": null,
        "count": 0,
        "total": 0.0
    },
    "CalculatingResidual": {
        "average": 0.00015533615731082927,
        "count": 10546,
        "total": 1.6381751150000055
    },
    "CreatePrediction": {
        "average": 3.02534325810733e-07,
        "count": 10546,
        "total": 0.0031905269999999903
    },
    "ErrorMPI": {
        "average": 1.041020599,
        "count": 1,
        "total": 1.041020599
    },
    "InitPrediction": {
        "average": 0.0003384989536317088,
        "count": 10546,
        "total": 3.569809965000001
    },
    "Predict": {
        "average": 0.435961877437892,
        "count": 10546,
        "total": 4597.653959460009
    },
    "RenderingDatabase": {
        "average": 6.010710601175805e-06,
        "count": 10546,
        "total": 0.06338895400000004
    },
    "RenderingProperty": {
        "average": 8.081644509766746e-06,
        "count": 10546,
        "total": 0.08522902300000011
    },
    "comput-rank-181": {
        "average": 0.43654633744566745,
        "count": 10546,
        "total": 4603.817674702009
    },
    "recv-rank-181": {
        "average": 0.08188077249094507,
        "count": 10547,
        "total": 863.5965074619976
    },
    "send-rank-181": {
        "average": 4.162788545420053e-06,
        "count": 10546,
        "total": 0.04390076799999988
    }
}
