{
    "8qJC0n": {
        "average": null,
        "count": 0,
        "total": 0.0
    },
    "CalculatingResidual": {
        "average": 0.00015376638795724267,
        "count": 10197,
        "total": 1.5679558580000035
    },
    "CreatePrediction": {
        "average": 2.78234284593513e-07,
        "count": 10197,
        "total": 0.002837155000000052
    },
    "ErrorMPI": {
        "average": 1.024175968,
        "count": 1,
        "total": 1.024175968
    },
    "InitPrediction": {
        "average": 0.00033471392791997604,
        "count": 10197,
        "total": 3.4130779229999955
    },
    "Predict": {
        "average": 0.4511093276290084,
        "count": 10197,
        "total": 4599.961813832999
    },
    "RenderingDatabase": {
        "average": 6.229443463763859e-06,
        "count": 10197,
        "total": 0.06352163500000008
    },
    "RenderingProperty": {
        "average": 6.678624791605352e-06,
        "count": 10197,
        "total": 0.06810193699999978
    },
    "comput-rank-213": {
        "average": 0.4516792769281175,
        "count": 10197,
        "total": 4605.773586836014
    },
    "recv-rank-213": {
        "average": 0.08449662886516887,
        "count": 10198,
        "total": 861.6966211669921
    },
    "send-rank-213": {
        "average": 2.8361545552613372e-06,
        "count": 10197,
        "total": 0.028920267999999857
    }
}
