{
    "CalculatingResidual": {
        "average": 0.00014827519087532166,
        "count": 10499,
        "total": 1.5567412290000022
    },
    "CreatePrediction": {
        "average": 2.3176902562148835e-07,
        "count": 10499,
        "total": 0.002433343000000006
    },
    "ErrorMPI": {
        "average": 1.054110056,
        "count": 1,
        "total": 1.054110056
    },
    "InitPrediction": {
        "average": 0.0003271117191161062,
        "count": 10499,
        "total": 3.4343459389999986
    },
    "Predict": {
        "average": 0.4388900623936543,
        "count": 10499,
        "total": 4607.906765070977
    },
    "RenderingDatabase": {
        "average": 5.836330983903219e-06,
        "count": 10499,
        "total": 0.061275638999999896
    },
    "RenderingProperty": {
        "average": 6.13579455186206e-06,
        "count": 10499,
        "total": 0.06441970699999977
    },
    "comput-rank-46": {
        "average": 0.4394417406326331,
        "count": 10499,
        "total": 4613.698834902015
    },
    "iHJbVe": {
        "average": null,
        "count": 0,
        "total": 0.0
    },
    "recv-rank-46": {
        "average": 0.08130143985476265,
        "count": 10500,
        "total": 853.6651184750078
    },
    "send-rank-46": {
        "average": 1.5408216973045176e-06,
        "count": 10499,
        "total": 0.01617708700000013
    }
}
