{
    "CalculatingResidual": {
        "average": 0.00015506289359267726,
        "count": 9614,
        "total": 1.490774658999999
    },
    "Cop7vd": {
        "average": null,
        "count": 0,
        "total": 0.0
    },
    "CreatePrediction": {
        "average": 2.626794258373217e-07,
        "count": 9614,
        "total": 0.002525400000000011
    },
    "ErrorMPI": {
        "average": 1.014517479,
        "count": 1,
        "total": 1.014517479
    },
    "InitPrediction": {
        "average": 0.0003414205250676107,
        "count": 9614,
        "total": 3.2824169280000093
    },
    "Predict": {
        "average": 0.47899952659132555,
        "count": 9614,
        "total": 4605.101448649004
    },
    "RenderingDatabase": {
        "average": 6.0364020178905725e-06,
        "count": 9614,
        "total": 0.05803396899999996
    },
    "RenderingProperty": {
        "average": 6.35035749947992e-06,
        "count": 9614,
        "total": 0.06105233699999995
    },
    "comput-rank-229": {
        "average": 0.4795728755280819,
        "count": 9614,
        "total": 4610.61362532698
    },
    "recv-rank-229": {
        "average": 0.08912299957659907,
        "count": 9615,
        "total": 856.9176409290001
    },
    "send-rank-229": {
        "average": 2.5452110463906938e-06,
        "count": 9614,
        "total": 0.02446965900000013
    }
}
