{
    "96CvOZ": {
        "average": null,
        "count": 0,
        "total": 0.0
    },
    "CalculatingResidual": {
        "average": 0.00015740863386944174,
        "count": 10570,
        "total": 1.6638092599999992
    },
    "CreatePrediction": {
        "average": 3.2884730368968524e-07,
        "count": 10570,
        "total": 0.003475915999999973
    },
    "ErrorMPI": {
        "average": 1.036640572,
        "count": 1,
        "total": 1.036640572
    },
    "InitPrediction": {
        "average": 0.00035846011012298924,
        "count": 10570,
        "total": 3.7889233639999964
    },
    "Predict": {
        "average": 0.43455365458912165,
        "count": 10570,
        "total": 4593.232129007016
    },
    "RenderingDatabase": {
        "average": 6.421535004730359e-06,
        "count": 10570,
        "total": 0.0678756249999999
    },
    "RenderingProperty": {
        "average": 9.121386092715253e-06,
        "count": 10570,
        "total": 0.09641305100000022
    },
    "comput-rank-67": {
        "average": 0.43518063491106973,
        "count": 10570,
        "total": 4599.859311010007
    },
    "recv-rank-67": {
        "average": 0.08208059557752297,
        "count": 10571,
        "total": 867.6739758499953
    },
    "send-rank-67": {
        "average": 4.567757237464546e-06,
        "count": 10570,
        "total": 0.04828119400000025
    }
}
