{
    "BDZrN2": {
        "average": null,
        "count": 0,
        "total": 0.0
    },
    "CalculatingResidual": {
        "average": 0.0001514919432589244,
        "count": 10169,
        "total": 1.5405215710000024
    },
    "CreatePrediction": {
        "average": 2.421034516668233e-07,
        "count": 10169,
        "total": 0.0024619499999999264
    },
    "ErrorMPI": {
        "average": 1.024563468,
        "count": 1,
        "total": 1.024563468
    },
    "InitPrediction": {
        "average": 0.00033228239689251645,
        "count": 10169,
        "total": 3.378979694
    },
    "Predict": {
        "average": 0.4522204299356859,
        "count": 10169,
        "total": 4598.62955201599
    },
    "RenderingDatabase": {
        "average": 5.992938637034122e-06,
        "count": 10169,
        "total": 0.060942192999999985
    },
    "RenderingProperty": {
        "average": 6.138099124791059e-06,
        "count": 10169,
        "total": 0.06241833000000028
    },
    "comput-rank-84": {
        "average": 0.45278373605762484,
        "count": 10169,
        "total": 4604.357811969987
    },
    "recv-rank-84": {
        "average": 0.08488180732202526,
        "count": 10170,
        "total": 863.2479804649969
    },
    "send-rank-84": {
        "average": 2.4405401711082706e-06,
        "count": 10169,
        "total": 0.024817853000000004
    }
}
