{
    "3GdWa1": {
        "average": null,
        "count": 0,
        "total": 0.0
    },
    "CalculatingResidual": {
        "average": 0.00015192938524590183,
        "count": 9760,
        "total": 1.482830800000002
    },
    "CreatePrediction": {
        "average": 2.3681168032786575e-07,
        "count": 9760,
        "total": 0.0023112819999999696
    },
    "ErrorMPI": {
        "average": 1.030713711,
        "count": 1,
        "total": 1.030713711
    },
    "InitPrediction": {
        "average": 0.0003285536314549183,
        "count": 9760,
        "total": 3.2066834430000024
    },
    "Predict": {
        "average": 0.4703378878281775,
        "count": 9760,
        "total": 4590.497785203012
    },
    "RenderingDatabase": {
        "average": 6.134963012295057e-06,
        "count": 9760,
        "total": 0.059877238999999756
    },
    "RenderingProperty": {
        "average": 6.17959569672128e-06,
        "count": 9760,
        "total": 0.06031285399999969
    },
    "comput-rank-231": {
        "average": 0.4708946403630146,
        "count": 9760,
        "total": 4595.931689943022
    },
    "recv-rank-231": {
        "average": 0.08929236918266562,
        "count": 9761,
        "total": 871.5828155919991
    },
    "send-rank-231": {
        "average": 2.4231051229508295e-06,
        "count": 9760,
        "total": 0.023649506000000098
    }
}
