{
    "CalculatingResidual": {
        "average": 0.00015041768427264592,
        "count": 10167,
        "total": 1.529296595999991
    },
    "CreatePrediction": {
        "average": 2.5014625749975386e-07,
        "count": 10167,
        "total": 0.0025432369999999977
    },
    "ErrorMPI": {
        "average": 1.056137817,
        "count": 1,
        "total": 1.056137817
    },
    "InitPrediction": {
        "average": 0.0003256140022622229,
        "count": 10167,
        "total": 3.31051756100002
    },
    "Predict": {
        "average": 0.45214772692022975,
        "count": 10167,
        "total": 4596.985939597976
    },
    "RenderingDatabase": {
        "average": 5.719238516769917e-06,
        "count": 10167,
        "total": 0.05814749799999975
    },
    "RenderingProperty": {
        "average": 6.360238123340202e-06,
        "count": 10167,
        "total": 0.06466454099999984
    },
    "ZHs81g": {
        "average": null,
        "count": 0,
        "total": 0.0
    },
    "comput-rank-42": {
        "average": 0.4527017316933204,
        "count": 10167,
        "total": 4602.6185061259885
    },
    "recv-rank-42": {
        "average": 0.08504586383949689,
        "count": 10168,
        "total": 864.7463435200044
    },
    "send-rank-42": {
        "average": 1.4707005999803256e-06,
        "count": 10167,
        "total": 0.01495261299999997
    }
}
