{
    "AOyYGs": {
        "average": null,
        "count": 0,
        "total": 0.0
    },
    "CalculatingResidual": {
        "average": 0.0001517502669995009,
        "count": 10015,
        "total": 1.5197789240000015
    },
    "CreatePrediction": {
        "average": 2.4839740389415797e-07,
        "count": 10015,
        "total": 0.002487699999999992
    },
    "ErrorMPI": {
        "average": 1.057903687,
        "count": 1,
        "total": 1.057903687
    },
    "InitPrediction": {
        "average": 0.0003283283843235155,
        "count": 10015,
        "total": 3.2882087690000077
    },
    "Predict": {
        "average": 0.4590497343996022,
        "count": 10015,
        "total": 4597.3830900120165
    },
    "RenderingDatabase": {
        "average": 5.933771143285041e-06,
        "count": 10015,
        "total": 0.059426717999999684
    },
    "RenderingProperty": {
        "average": 6.4838536195706235e-06,
        "count": 10015,
        "total": 0.0649357939999998
    },
    "comput-rank-273": {
        "average": 0.45960872813150383,
        "count": 10015,
        "total": 4602.981412237011
    },
    "recv-rank-273": {
        "average": 0.08631608081239989,
        "count": 10016,
        "total": 864.5418654169973
    },
    "send-rank-273": {
        "average": 2.805912131802296e-06,
        "count": 10015,
        "total": 0.02810120999999999
    }
}
