{
    "CalculatingResidual": {
        "average": 0.0001516032597851109,
        "count": 10424,
        "total": 1.5803123799999959
    },
    "CreatePrediction": {
        "average": 2.6143889102072106e-07,
        "count": 10424,
        "total": 0.0027252389999999965
    },
    "ErrorMPI": {
        "average": 1.047684966,
        "count": 1,
        "total": 1.047684966
    },
    "InitPrediction": {
        "average": 0.00032597169320798297,
        "count": 10424,
        "total": 3.3979289300000146
    },
    "Predict": {
        "average": 0.44098398496095614,
        "count": 10424,
        "total": 4596.817059233007
    },
    "RenderingDatabase": {
        "average": 6.0465130468150496e-06,
        "count": 10424,
        "total": 0.06302885200000008
    },
    "RenderingProperty": {
        "average": 6.5348813315425916e-06,
        "count": 10424,
        "total": 0.06811960299999997
    },
    "comput-rank-216": {
        "average": 0.44153953832818377,
        "count": 10424,
        "total": 4602.6081475329875
    },
    "l4GQFU": {
        "average": null,
        "count": 0,
        "total": 0.0
    },
    "recv-rank-216": {
        "average": 0.08295420532537151,
        "count": 10425,
        "total": 864.797590516998
    },
    "send-rank-216": {
        "average": 2.4441950306983874e-06,
        "count": 10424,
        "total": 0.02547828899999999
    }
}
