{
    "CalculatingResidual": {
        "average": 0.0001504446193916346,
        "count": 10520,
        "total": 1.5826773959999958
    },
    "CreatePrediction": {
        "average": 2.3907433460075476e-07,
        "count": 10520,
        "total": 0.00251506199999994
    },
    "ErrorMPI": {
        "average": 1.047507434,
        "count": 1,
        "total": 1.047507434
    },
    "InitPrediction": {
        "average": 0.000328924019486691,
        "count": 10520,
        "total": 3.460280684999989
    },
    "Predict": {
        "average": 0.43687254867462266,
        "count": 10520,
        "total": 4595.89921205703
    },
    "RenderingDatabase": {
        "average": 5.816095722433452e-06,
        "count": 10520,
        "total": 0.061185326999999914
    },
    "RenderingProperty": {
        "average": 6.23815218631178e-06,
        "count": 10520,
        "total": 0.06562536099999992
    },
    "comput-rank-38": {
        "average": 0.43743005940294505,
        "count": 10520,
        "total": 4601.764224918982
    },
    "g1RkSa": {
        "average": null,
        "count": 0,
        "total": 0.0
    },
    "recv-rank-38": {
        "average": 0.08227434429788107,
        "count": 10521,
        "total": 865.6083763580067
    },
    "send-rank-38": {
        "average": 1.5071303231939336e-06,
        "count": 10520,
        "total": 0.015855011000000183
    }
}
