{
    "CalculatingResidual": {
        "average": 0.00014985738883677285,
        "count": 10660,
        "total": 1.5974797649999986
    },
    "CreatePrediction": {
        "average": 2.3716960600375648e-07,
        "count": 10660,
        "total": 0.0025282280000000442
    },
    "ErrorMPI": {
        "average": 1.043190795,
        "count": 1,
        "total": 1.043190795
    },
    "InitPrediction": {
        "average": 0.0003258291283302067,
        "count": 10660,
        "total": 3.4733385080000034
    },
    "Predict": {
        "average": 0.43079390368630455,
        "count": 10660,
        "total": 4592.263013296007
    },
    "RenderingDatabase": {
        "average": 6.017047373358365e-06,
        "count": 10660,
        "total": 0.06414172500000018
    },
    "RenderingProperty": {
        "average": 6.579317166979385e-06,
        "count": 10660,
        "total": 0.07013552100000024
    },
    "comput-rank-113": {
        "average": 0.4313485132300173,
        "count": 10660,
        "total": 4598.175151031985
    },
    "dW9rcj": {
        "average": null,
        "count": 0,
        "total": 0.0
    },
    "recv-rank-113": {
        "average": 0.08155047377994563,
        "count": 10661,
        "total": 869.4096009680004
    },
    "send-rank-113": {
        "average": 2.573271388367733e-06,
        "count": 10660,
        "total": 0.02743107300000003
    }
}
