{
    "1w2YGn": {
        "average": null,
        "count": 0,
        "total": 0.0
    },
    "CalculatingResidual": {
        "average": 0.00014797116199435578,
        "count": 10630,
        "total": 1.5729334520000018
    },
    "CreatePrediction": {
        "average": 2.665653809971762e-07,
        "count": 10630,
        "total": 0.002833589999999983
    },
    "ErrorMPI": {
        "average": 1.041094006,
        "count": 1,
        "total": 1.041094006
    },
    "InitPrediction": {
        "average": 0.00032743252135465704,
        "count": 10630,
        "total": 3.4806077020000044
    },
    "Predict": {
        "average": 0.4316786291813751,
        "count": 10630,
        "total": 4588.743828198018
    },
    "RenderingDatabase": {
        "average": 6.102655503292561e-06,
        "count": 10630,
        "total": 0.06487122799999992
    },
    "RenderingProperty": {
        "average": 6.308208748824093e-06,
        "count": 10630,
        "total": 0.0670562590000001
    },
    "comput-rank-277": {
        "average": 0.4322307616298202,
        "count": 10630,
        "total": 4594.612996124989
    },
    "recv-rank-277": {
        "average": 0.08211160360953777,
        "count": 10631,
        "total": 872.9284579729961
    },
    "send-rank-277": {
        "average": 2.605406961429892e-06,
        "count": 10630,
        "total": 0.02769547599999975
    }
}
