{
    "CalculatingResidual": {
        "average": 0.00014931252471153762,
        "count": 10400,
        "total": 1.5528502569999911
    },
    "CreatePrediction": {
        "average": 2.2873557692307302e-07,
        "count": 10400,
        "total": 0.0023788499999999593
    },
    "ErrorMPI": {
        "average": 1.045603433,
        "count": 1,
        "total": 1.045603433
    },
    "InitPrediction": {
        "average": 0.00033035159846153916,
        "count": 10400,
        "total": 3.4356566240000075
    },
    "P0hq5S": {
        "average": null,
        "count": 0,
        "total": 0.0
    },
    "Predict": {
        "average": 0.4419092161152879,
        "count": 10400,
        "total": 4595.855847598994
    },
    "RenderingDatabase": {
        "average": 6.419560769230789e-06,
        "count": 10400,
        "total": 0.0667634320000002
    },
    "RenderingProperty": {
        "average": 6.318872500000002e-06,
        "count": 10400,
        "total": 0.06571627400000002
    },
    "comput-rank-193": {
        "average": 0.44246889114788585,
        "count": 10400,
        "total": 4601.676467938013
    },
    "recv-rank-193": {
        "average": 0.08323361246053222,
        "count": 10401,
        "total": 865.7128032019957
    },
    "send-rank-193": {
        "average": 2.408579423076922e-06,
        "count": 10400,
        "total": 0.02504922599999999
    }
}
