{
    "AZ9ums": {
        "average": null,
        "count": 0,
        "total": 0.0
    },
    "CalculatingResidual": {
        "average": 0.0001520004886603881,
        "count": 10406,
        "total": 1.5817170849999984
    },
    "CreatePrediction": {
        "average": 2.3530982125697041e-07,
        "count": 10406,
        "total": 0.002448634000000034
    },
    "ErrorMPI": {
        "average": 1.059165267,
        "count": 1,
        "total": 1.059165267
    },
    "InitPrediction": {
        "average": 0.0003307676565443015,
        "count": 10406,
        "total": 3.4419682340000013
    },
    "Predict": {
        "average": 0.4415968683386513,
        "count": 10406,
        "total": 4595.257011932005
    },
    "RenderingDatabase": {
        "average": 6.582856717278494e-06,
        "count": 10406,
        "total": 0.06850120700000001
    },
    "RenderingProperty": {
        "average": 6.385365558331717e-06,
        "count": 10406,
        "total": 0.06644611399999985
    },
    "comput-rank-142": {
        "average": 0.44215991700490165,
        "count": 10406,
        "total": 4601.1160963530065
    },
    "recv-rank-142": {
        "average": 0.08324416843086382,
        "count": 10407,
        "total": 866.3220608599999
    },
    "send-rank-142": {
        "average": 2.580746204113024e-06,
        "count": 10406,
        "total": 0.026855245000000128
    }
}
