{
    "4vRZ0J": {
        "average": null,
        "count": 0,
        "total": 0.0
    },
    "CalculatingResidual": {
        "average": 0.000152743978828365,
        "count": 9730,
        "total": 1.4861989139999916
    },
    "CreatePrediction": {
        "average": 2.8028663926003357e-07,
        "count": 9730,
        "total": 0.0027271890000001267
    },
    "ErrorMPI": {
        "average": 1.042565623,
        "count": 1,
        "total": 1.042565623
    },
    "InitPrediction": {
        "average": 0.00033428056166495283,
        "count": 9730,
        "total": 3.2525498649999913
    },
    "Predict": {
        "average": 0.4725009842931121,
        "count": 9730,
        "total": 4597.434577171981
    },
    "RenderingDatabase": {
        "average": 6.5465191161356365e-06,
        "count": 9730,
        "total": 0.06369763099999974
    },
    "RenderingProperty": {
        "average": 6.965033915724589e-06,
        "count": 9730,
        "total": 0.06776978000000025
    },
    "comput-rank-138": {
        "average": 0.47307471661921857,
        "count": 9730,
        "total": 4603.0169927049965
    },
    "recv-rank-138": {
        "average": 0.0888322535641761,
        "count": 9731,
        "total": 864.4266594329976
    },
    "send-rank-138": {
        "average": 2.9156871531346268e-06,
        "count": 9730,
        "total": 0.028369635999999917
    }
}
