{
    "0EGxTJ": {
        "average": null,
        "count": 0,
        "total": 0.0
    },
    "CalculatingResidual": {
        "average": 0.00014917563511171,
        "count": 10384,
        "total": 1.5490397949999968
    },
    "CreatePrediction": {
        "average": 2.6378255007704075e-07,
        "count": 10384,
        "total": 0.002739117999999991
    },
    "ErrorMPI": {
        "average": 1.054286404,
        "count": 1,
        "total": 1.054286404
    },
    "InitPrediction": {
        "average": 0.00032253609139060125,
        "count": 10384,
        "total": 3.3492147730000035
    },
    "Predict": {
        "average": 0.44316280758879006,
        "count": 10384,
        "total": 4601.802594001996
    },
    "RenderingDatabase": {
        "average": 5.891105739599389e-06,
        "count": 10384,
        "total": 0.06117324200000006
    },
    "RenderingProperty": {
        "average": 6.349480932203398e-06,
        "count": 10384,
        "total": 0.06593301000000008
    },
    "comput-rank-313": {
        "average": 0.4437118272966109,
        "count": 10384,
        "total": 4607.503614648008
    },
    "recv-rank-313": {
        "average": 0.08281420844390945,
        "count": 10385,
        "total": 860.0255546899997
    },
    "send-rank-313": {
        "average": 2.682551232665641e-06,
        "count": 10384,
        "total": 0.027855612000000016
    }
}
