{
    "5Axaw8": {
        "average": null,
        "count": 0,
        "total": 0.0
    },
    "CalculatingResidual": {
        "average": 0.00014999819546931796,
        "count": 10462,
        "total": 1.5692811210000044
    },
    "CreatePrediction": {
        "average": 2.509661632574998e-07,
        "count": 10462,
        "total": 0.002625607999999963
    },
    "ErrorMPI": {
        "average": 1.022137028,
        "count": 1,
        "total": 1.022137028
    },
    "InitPrediction": {
        "average": 0.00033365638902695295,
        "count": 10462,
        "total": 3.490713141999982
    },
    "Predict": {
        "average": 0.439626703409195,
        "count": 10462,
        "total": 4599.374571066998
    },
    "RenderingDatabase": {
        "average": 5.786075129038423e-06,
        "count": 10462,
        "total": 0.060533917999999985
    },
    "RenderingProperty": {
        "average": 6.585707226151805e-06,
        "count": 10462,
        "total": 0.06889966900000019
    },
    "comput-rank-215": {
        "average": 0.44018851850219937,
        "count": 10462,
        "total": 4605.25228057001
    },
    "recv-rank-215": {
        "average": 0.08240196656188462,
        "count": 10463,
        "total": 862.1717761369987
    },
    "send-rank-215": {
        "average": 2.698563658956214e-06,
        "count": 10462,
        "total": 0.02823237299999991
    }
}
