{
    "3abncL": {
        "average": null,
        "count": 0,
        "total": 0.0
    },
    "CalculatingResidual": {
        "average": 0.00015041244892340965,
        "count": 10171,
        "total": 1.5298450179999996
    },
    "CreatePrediction": {
        "average": 2.631707796676834e-07,
        "count": 10171,
        "total": 0.0026767100000000084
    },
    "ErrorMPI": {
        "average": 1.034969673,
        "count": 1,
        "total": 1.034969673
    },
    "InitPrediction": {
        "average": 0.00033051970120932014,
        "count": 10171,
        "total": 3.3617158809999954
    },
    "Predict": {
        "average": 0.4511746247119267,
        "count": 10171,
        "total": 4588.897107945007
    },
    "RenderingDatabase": {
        "average": 6.2555898141775555e-06,
        "count": 10171,
        "total": 0.06362560399999992
    },
    "RenderingProperty": {
        "average": 6.340405958116216e-06,
        "count": 10171,
        "total": 0.06448826900000003
    },
    "comput-rank-83": {
        "average": 0.4517377858294169,
        "count": 10171,
        "total": 4594.625019671
    },
    "recv-rank-83": {
        "average": 0.085820476867774,
        "count": 10172,
        "total": 872.9658906989971
    },
    "send-rank-83": {
        "average": 2.3416563759709007e-06,
        "count": 10171,
        "total": 0.023816987000000032
    }
}
