{
    "CalculatingResidual": {
        "average": 0.00014886654246133352,
        "count": 10539,
        "total": 1.568904490999994
    },
    "CreatePrediction": {
        "average": 2.3766287124015394e-07,
        "count": 10539,
        "total": 0.0025047289999999825
    },
    "ErrorMPI": {
        "average": 1.033111541,
        "count": 1,
        "total": 1.033111541
    },
    "InitPrediction": {
        "average": 0.0003287312390169838,
        "count": 10539,
        "total": 3.464498527999992
    },
    "Predict": {
        "average": 0.43528295956969293,
        "count": 10539,
        "total": 4587.447110904994
    },
    "RenderingDatabase": {
        "average": 6.398014897049054e-06,
        "count": 10539,
        "total": 0.06742867899999998
    },
    "RenderingProperty": {
        "average": 6.269909573963366e-06,
        "count": 10539,
        "total": 0.06607857699999992
    },
    "comput-rank-149": {
        "average": 0.43583699824546884,
        "count": 10539,
        "total": 4593.286124508996
    },
    "pThSDy": {
        "average": null,
        "count": 0,
        "total": 0.0
    },
    "recv-rank-149": {
        "average": 0.08293912219506627,
        "count": 10540,
        "total": 874.1783479359985
    },
    "send-rank-149": {
        "average": 2.5704152196603044e-06,
        "count": 10539,
        "total": 0.027089605999999947
    }
}
