{
    "CalculatingResidual": {
        "average": 0.00015647733340006095,
        "count": 9991,
        "total": 1.563365038000009
    },
    "CreatePrediction": {
        "average": 2.869030127114506e-07,
        "count": 9991,
        "total": 0.002866448000000103
    },
    "ErrorMPI": {
        "average": 1.029125459,
        "count": 1,
        "total": 1.029125459
    },
    "InitPrediction": {
        "average": 0.00033746754148733765,
        "count": 9991,
        "total": 3.3716382069999904
    },
    "Predict": {
        "average": 0.4606626088128305,
        "count": 9991,
        "total": 4602.48012464899
    },
    "RenderingDatabase": {
        "average": 5.955581923731334e-06,
        "count": 9991,
        "total": 0.05950221899999976
    },
    "RenderingProperty": {
        "average": 6.6794604143729375e-06,
        "count": 9991,
        "total": 0.06673448900000002
    },
    "comput-rank-226": {
        "average": 0.46123600565939216,
        "count": 9991,
        "total": 4608.208932542987
    },
    "ohzYwj": {
        "average": null,
        "count": 0,
        "total": 0.0
    },
    "recv-rank-226": {
        "average": 0.08599930196136882,
        "count": 9992,
        "total": 859.3050251979972
    },
    "send-rank-226": {
        "average": 2.4244225803222852e-06,
        "count": 9991,
        "total": 0.024222405999999953
    }
}
