{
    "CalculatingResidual": {
        "average": 0.00015597796015936268,
        "count": 9538,
        "total": 1.487717784000001
    },
    "CreatePrediction": {
        "average": 2.240696162717516e-07,
        "count": 9538,
        "total": 0.002137175999999967
    },
    "ErrorMPI": {
        "average": 1.060055375,
        "count": 1,
        "total": 1.060055375
    },
    "InitPrediction": {
        "average": 0.00034146127469071005,
        "count": 9538,
        "total": 3.2568576379999925
    },
    "Predict": {
        "average": 0.4825848306732033,
        "count": 9538,
        "total": 4602.894114961013
    },
    "RenderingDatabase": {
        "average": 5.9247716502411264e-06,
        "count": 9538,
        "total": 0.05651047199999986
    },
    "RenderingProperty": {
        "average": 6.604200251625045e-06,
        "count": 9538,
        "total": 0.06299086199999968
    },
    "comput-rank-266": {
        "average": 0.48316458544306906,
        "count": 9538,
        "total": 4608.423815955993
    },
    "oGZzYj": {
        "average": null,
        "count": 0,
        "total": 0.0
    },
    "recv-rank-266": {
        "average": 0.09006263791036752,
        "count": 9539,
        "total": 859.1075030269958
    },
    "send-rank-266": {
        "average": 2.5881504508282653e-06,
        "count": 9538,
        "total": 0.024685778999999995
    }
}
