{
    "CalculatingResidual": {
        "average": 0.00015217977948420787,
        "count": 10353,
        "total": 1.575517257000004
    },
    "CreatePrediction": {
        "average": 2.456612576064906e-07,
        "count": 10353,
        "total": 0.0025433309999999976
    },
    "ErrorMPI": {
        "average": 0.993974679,
        "count": 1,
        "total": 0.993974679
    },
    "Iibi90": {
        "average": null,
        "count": 0,
        "total": 0.0
    },
    "InitPrediction": {
        "average": 0.00032683313783444536,
        "count": 10353,
        "total": 3.383703476000013
    },
    "Predict": {
        "average": 0.4449732367110005,
        "count": 10353,
        "total": 4606.807919668988
    },
    "RenderingDatabase": {
        "average": 6.423587945523041e-06,
        "count": 10353,
        "total": 0.06650340600000004
    },
    "RenderingProperty": {
        "average": 6.506914420940775e-06,
        "count": 10353,
        "total": 0.06736608499999984
    },
    "comput-rank-198": {
        "average": 0.44553236599623536,
        "count": 10353,
        "total": 4612.5965851590245
    },
    "recv-rank-198": {
        "average": 0.08255917585000934,
        "count": 10354,
        "total": 854.8177067509966
    },
    "send-rank-198": {
        "average": 2.510871341640111e-06,
        "count": 10353,
        "total": 0.025995051000000068
    }
}
