{
    "3dSPlI": {
        "average": null,
        "count": 0,
        "total": 0.0
    },
    "CalculatingResidual": {
        "average": 0.00015147839933754304,
        "count": 9661,
        "total": 1.4634328160000034
    },
    "CreatePrediction": {
        "average": 2.3006293344373884e-07,
        "count": 9661,
        "total": 0.002222637999999961
    },
    "ErrorMPI": {
        "average": 1.032241876,
        "count": 1,
        "total": 1.032241876
    },
    "InitPrediction": {
        "average": 0.0003358250377807686,
        "count": 9661,
        "total": 3.244405690000005
    },
    "Predict": {
        "average": 0.474385640396955,
        "count": 9661,
        "total": 4583.039671874983
    },
    "RenderingDatabase": {
        "average": 5.871420349860267e-06,
        "count": 9661,
        "total": 0.056723792000000044
    },
    "RenderingProperty": {
        "average": 6.143610702825777e-06,
        "count": 9661,
        "total": 0.05935342299999983
    },
    "comput-rank-233": {
        "average": 0.47494786341310263,
        "count": 9661,
        "total": 4588.471308433985
    },
    "recv-rank-233": {
        "average": 0.09097973339443147,
        "count": 9662,
        "total": 879.0461840569968
    },
    "send-rank-233": {
        "average": 2.467408342821641e-06,
        "count": 9661,
        "total": 0.023837631999999873
    }
}
