{
    "0eoNWT": {
        "average": null,
        "count": 0,
        "total": 0.0
    },
    "CalculatingResidual": {
        "average": 0.0001466586824022081,
        "count": 10507,
        "total": 1.5409427760000005
    },
    "CreatePrediction": {
        "average": 2.3541667459788565e-07,
        "count": 10507,
        "total": 0.0024735229999999844
    },
    "ErrorMPI": {
        "average": 1.04826431,
        "count": 1,
        "total": 1.04826431
    },
    "InitPrediction": {
        "average": 0.00032468338564766233,
        "count": 10507,
        "total": 3.411448332999988
    },
    "Predict": {
        "average": 0.437029003220424,
        "count": 10507,
        "total": 4591.863736836995
    },
    "RenderingDatabase": {
        "average": 5.756771676025492e-06,
        "count": 10507,
        "total": 0.06048639999999984
    },
    "RenderingProperty": {
        "average": 6.166786332920885e-06,
        "count": 10507,
        "total": 0.06479442399999974
    },
    "comput-rank-295": {
        "average": 0.43757454080108343,
        "count": 10507,
        "total": 4597.595700196984
    },
    "recv-rank-295": {
        "average": 0.08278897962086008,
        "count": 10508,
        "total": 869.9465978559978
    },
    "send-rank-295": {
        "average": 2.4673550014276153e-06,
        "count": 10507,
        "total": 0.02592449899999995
    }
}
