{
    "CalculatingResidual": {
        "average": 0.0001484063271347241,
        "count": 10540,
        "total": 1.5642026879999922
    },
    "CreatePrediction": {
        "average": 2.563927893738148e-07,
        "count": 10540,
        "total": 0.0027023800000000077
    },
    "ErrorMPI": {
        "average": 1.027959027,
        "count": 1,
        "total": 1.027959027
    },
    "InitPrediction": {
        "average": 0.0003247442560721065,
        "count": 10540,
        "total": 3.4228044590000026
    },
    "Predict": {
        "average": 0.4360709542494308,
        "count": 10540,
        "total": 4596.187857789001
    },
    "RenderingDatabase": {
        "average": 5.830456451612856e-06,
        "count": 10540,
        "total": 0.06145301099999951
    },
    "RenderingProperty": {
        "average": 6.379993643263723e-06,
        "count": 10540,
        "total": 0.06724513299999964
    },
    "comput-rank-31": {
        "average": 0.436622191464422,
        "count": 10540,
        "total": 4601.997898035008
    },
    "ovPNB1": {
        "average": null,
        "count": 0,
        "total": 0.0
    },
    "recv-rank-31": {
        "average": 0.08209337145536504,
        "count": 10541,
        "total": 865.3462285110028
    },
    "send-rank-31": {
        "average": 2.192993927893739e-06,
        "count": 10540,
        "total": 0.023114156000000007
    }
}
