{
    "4mk2qK": {
        "average": null,
        "count": 0,
        "total": 0.0
    },
    "CalculatingResidual": {
        "average": 0.00015289992409698225,
        "count": 10105,
        "total": 1.5450537330000056
    },
    "CreatePrediction": {
        "average": 2.2471726867886896e-07,
        "count": 10105,
        "total": 0.0022707679999999708
    },
    "ErrorMPI": {
        "average": 1.024002553,
        "count": 1,
        "total": 1.024002553
    },
    "InitPrediction": {
        "average": 0.0003328225341909954,
        "count": 10105,
        "total": 3.3631717080000083
    },
    "Predict": {
        "average": 0.45575223405531917,
        "count": 10105,
        "total": 4605.376325129
    },
    "RenderingDatabase": {
        "average": 6.1203272637308e-06,
        "count": 10105,
        "total": 0.06184590699999973
    },
    "RenderingProperty": {
        "average": 6.242143889163766e-06,
        "count": 10105,
        "total": 0.06307686399999986
    },
    "comput-rank-82": {
        "average": 0.456319419381793,
        "count": 10105,
        "total": 4611.107732853018
    },
    "recv-rank-82": {
        "average": 0.08475153108786844,
        "count": 10106,
        "total": 856.4989731739985
    },
    "send-rank-82": {
        "average": 2.5451541810984624e-06,
        "count": 10105,
        "total": 0.025718782999999964
    }
}
