{
    "5oE5Lv": {
        "average": null,
        "count": 0,
        "total": 0.0
    },
    "CalculatingResidual": {
        "average": 0.0001481981607683574,
        "count": 10568,
        "total": 1.5661581630000008
    },
    "CreatePrediction": {
        "average": 2.2500813777441403e-07,
        "count": 10568,
        "total": 0.0023778860000000074
    },
    "ErrorMPI": {
        "average": 1.035429019,
        "count": 1,
        "total": 1.035429019
    },
    "InitPrediction": {
        "average": 0.0003290174295041632,
        "count": 10568,
        "total": 3.4770561949999967
    },
    "Predict": {
        "average": 0.43537350903340244,
        "count": 10568,
        "total": 4601.027243464997
    },
    "RenderingDatabase": {
        "average": 6.05436818697955e-06,
        "count": 10568,
        "total": 0.06398256299999988
    },
    "RenderingProperty": {
        "average": 6.265441616199868e-06,
        "count": 10568,
        "total": 0.0662131870000002
    },
    "comput-rank-164": {
        "average": 0.4359256813329862,
        "count": 10568,
        "total": 4606.862600326998
    },
    "recv-rank-164": {
        "average": 0.08142704816586221,
        "count": 10569,
        "total": 860.6024720649978
    },
    "send-rank-164": {
        "average": 2.2364190953822895e-06,
        "count": 10568,
        "total": 0.023634477000000036
    }
}
