{
    "CalculatingResidual": {
        "average": 0.00015374089742283754,
        "count": 9817,
        "total": 1.509274389999996
    },
    "CreatePrediction": {
        "average": 2.3513109911377956e-07,
        "count": 9817,
        "total": 0.002308281999999974
    },
    "ErrorMPI": {
        "average": 1.031814673,
        "count": 1,
        "total": 1.031814673
    },
    "InitPrediction": {
        "average": 0.0003357026428644183,
        "count": 9817,
        "total": 3.295592844999994
    },
    "Predict": {
        "average": 0.4678716252675968,
        "count": 9817,
        "total": 4593.095745251998
    },
    "RenderingDatabase": {
        "average": 6.684413568299918e-06,
        "count": 9817,
        "total": 0.0656208880000003
    },
    "RenderingProperty": {
        "average": 6.487953651828438e-06,
        "count": 9817,
        "total": 0.06369224099999977
    },
    "comput-rank-140": {
        "average": 0.4684427802001652,
        "count": 9817,
        "total": 4598.702773225022
    },
    "recv-rank-140": {
        "average": 0.08848718882664455,
        "count": 9818,
        "total": 868.7672198999962
    },
    "send-rank-140": {
        "average": 2.392646531526949e-06,
        "count": 9817,
        "total": 0.02348861100000006
    },
    "wsEd9v": {
        "average": null,
        "count": 0,
        "total": 0.0
    }
}
