{
    "CalculatingResidual": {
        "average": 0.00014728522514675298,
        "count": 10562,
        "total": 1.5556265480000049
    },
    "CreatePrediction": {
        "average": 2.017507100927824e-07,
        "count": 10562,
        "total": 0.0021308909999999677
    },
    "ErrorMPI": {
        "average": 1.043108632,
        "count": 1,
        "total": 1.043108632
    },
    "InitPrediction": {
        "average": 0.0003303177865934464,
        "count": 10562,
        "total": 3.4888164619999813
    },
    "Predict": {
        "average": 0.43551283114931005,
        "count": 10562,
        "total": 4599.886522599013
    },
    "RenderingDatabase": {
        "average": 5.700794262450278e-06,
        "count": 10562,
        "total": 0.060211788999999835
    },
    "RenderingProperty": {
        "average": 6.275767373603479e-06,
        "count": 10562,
        "total": 0.06628465499999994
    },
    "Vc6AOT": {
        "average": null,
        "count": 0,
        "total": 0.0
    },
    "comput-rank-63": {
        "average": 0.43606666842226866,
        "count": 10562,
        "total": 4605.736151876002
    },
    "recv-rank-63": {
        "average": 0.08156770717078504,
        "count": 10563,
        "total": 861.5996908450024
    },
    "send-rank-63": {
        "average": 1.918923404658221e-06,
        "count": 10562,
        "total": 0.02026766900000013
    }
}
