{
    "8OXaeq": {
        "average": null,
        "count": 0,
        "total": 0.0
    },
    "CalculatingResidual": {
        "average": 0.0001476526061570138,
        "count": 10687,
        "total": 1.5779634020000066
    },
    "CreatePrediction": {
        "average": 2.417846916814788e-07,
        "count": 10687,
        "total": 0.0025839529999999635
    },
    "ErrorMPI": {
        "average": 1.025581511,
        "count": 1,
        "total": 1.025581511
    },
    "InitPrediction": {
        "average": 0.00032459198989426486,
        "count": 10687,
        "total": 3.4689145960000083
    },
    "Predict": {
        "average": 0.42945063219191715,
        "count": 10687,
        "total": 4589.538906235019
    },
    "RenderingDatabase": {
        "average": 6.5250947880602475e-06,
        "count": 10687,
        "total": 0.06973368799999986
    },
    "RenderingProperty": {
        "average": 6.19774454945262e-06,
        "count": 10687,
        "total": 0.06623529600000015
    },
    "comput-rank-151": {
        "average": 0.4299986865527269,
        "count": 10687,
        "total": 4595.395963188992
    },
    "recv-rank-151": {
        "average": 0.08159375754940079,
        "count": 10688,
        "total": 872.0740806879957
    },
    "send-rank-151": {
        "average": 2.483262187704687e-06,
        "count": 10687,
        "total": 0.02653862299999999
    }
}
