{
    "CalculatingResidual": {
        "average": 0.00015134161157842642,
        "count": 10105,
        "total": 1.529306984999999
    },
    "CreatePrediction": {
        "average": 2.883563582385036e-07,
        "count": 10105,
        "total": 0.002913841000000079
    },
    "ErrorMPI": {
        "average": 1.050464551,
        "count": 1,
        "total": 1.050464551
    },
    "InitPrediction": {
        "average": 0.00033233168451261787,
        "count": 10105,
        "total": 3.3582116720000035
    },
    "Predict": {
        "average": 0.45347529412835075,
        "count": 10105,
        "total": 4582.367847166985
    },
    "RenderingDatabase": {
        "average": 6.012044730331537e-06,
        "count": 10105,
        "total": 0.06075171200000018
    },
    "RenderingProperty": {
        "average": 7.750355863433999e-06,
        "count": 10105,
        "total": 0.07831734600000055
    },
    "comput-rank-179": {
        "average": 0.4540471424269174,
        "count": 10105,
        "total": 4588.146374224
    },
    "dsfpJb": {
        "average": null,
        "count": 0,
        "total": 0.0
    },
    "recv-rank-179": {
        "average": 0.08700482338472172,
        "count": 10106,
        "total": 879.2707451259977
    },
    "send-rank-179": {
        "average": 3.8091547748639282e-06,
        "count": 10105,
        "total": 0.03849150899999999
    }
}
