{
    "7DyZOR": {
        "average": null,
        "count": 0,
        "total": 0.0
    },
    "CalculatingResidual": {
        "average": 0.00014838235042897953,
        "count": 10490,
        "total": 1.556530855999995
    },
    "CreatePrediction": {
        "average": 2.2765367016205728e-07,
        "count": 10490,
        "total": 0.002388086999999981
    },
    "ErrorMPI": {
        "average": 1.049083376,
        "count": 1,
        "total": 1.049083376
    },
    "InitPrediction": {
        "average": 0.00033130312116301324,
        "count": 10490,
        "total": 3.4753697410000086
    },
    "Predict": {
        "average": 0.4372752959989518,
        "count": 10490,
        "total": 4587.017855029005
    },
    "RenderingDatabase": {
        "average": 5.6897685414680385e-06,
        "count": 10490,
        "total": 0.059685671999999725
    },
    "RenderingProperty": {
        "average": 6.325592755004792e-06,
        "count": 10490,
        "total": 0.06635546800000026
    },
    "comput-rank-5": {
        "average": 0.43783127029485236,
        "count": 10490,
        "total": 4592.8500253930015
    },
    "recv-rank-5": {
        "average": 0.08335841302764309,
        "count": 10491,
        "total": 874.5131110730036
    },
    "send-rank-5": {
        "average": 1.6471815061963652e-06,
        "count": 10490,
        "total": 0.01727893399999987
    }
}
