{
    "CalculatingResidual": {
        "average": 0.00014983178126846635,
        "count": 10154,
        "total": 1.5213919070000073
    },
    "CreatePrediction": {
        "average": 2.1032607839275e-07,
        "count": 10154,
        "total": 0.0021356509999999836
    },
    "ErrorMPI": {
        "average": 1.040428873,
        "count": 1,
        "total": 1.040428873
    },
    "InitPrediction": {
        "average": 0.00032647420543628207,
        "count": 10154,
        "total": 3.315019082000008
    },
    "Predict": {
        "average": 0.45263763657533895,
        "count": 10154,
        "total": 4596.082561785992
    },
    "RenderingDatabase": {
        "average": 5.826936478235165e-06,
        "count": 10154,
        "total": 0.059166712999999864
    },
    "RenderingProperty": {
        "average": 6.433903880244232e-06,
        "count": 10154,
        "total": 0.06532985999999993
    },
    "comput-rank-180": {
        "average": 0.45319002887187176,
        "count": 10154,
        "total": 4601.691553164986
    },
    "gboeij": {
        "average": null,
        "count": 0,
        "total": 0.0
    },
    "recv-rank-180": {
        "average": 0.0852551932976861,
        "count": 10155,
        "total": 865.7664879380025
    },
    "send-rank-180": {
        "average": 2.401857593066786e-06,
        "count": 10154,
        "total": 0.024388462000000145
    }
}
