{
    "BOT6db": {
        "average": null,
        "count": 0,
        "total": 0.0
    },
    "CalculatingResidual": {
        "average": 0.0001557623476497505,
        "count": 9616,
        "total": 1.4978107350000007
    },
    "CreatePrediction": {
        "average": 2.4290453410981287e-07,
        "count": 9616,
        "total": 0.0023357699999999606
    },
    "ErrorMPI": {
        "average": 1.056831906,
        "count": 1,
        "total": 1.056831906
    },
    "InitPrediction": {
        "average": 0.00033744220195507416,
        "count": 9616,
        "total": 3.2448442139999933
    },
    "Predict": {
        "average": 0.47900467931509977,
        "count": 9616,
        "total": 4606.108996294
    },
    "RenderingDatabase": {
        "average": 5.907244696339437e-06,
        "count": 9616,
        "total": 0.05680406500000002
    },
    "RenderingProperty": {
        "average": 6.352734089018297e-06,
        "count": 9616,
        "total": 0.06108789099999995
    },
    "comput-rank-260": {
        "average": 0.47957967018157094,
        "count": 9616,
        "total": 4611.638108465986
    },
    "recv-rank-260": {
        "average": 0.08899836797275609,
        "count": 9617,
        "total": 855.8973047939953
    },
    "send-rank-260": {
        "average": 2.4051877079866984e-06,
        "count": 9616,
        "total": 0.023128285000000092
    }
}
