{
    "CalculatingResidual": {
        "average": 0.00014778051835454746,
        "count": 10842,
        "total": 1.6022363800000035
    },
    "CreatePrediction": {
        "average": 2.487457111234161e-07,
        "count": 10842,
        "total": 0.0026969010000000774
    },
    "ErrorMPI": {
        "average": 1.064438255,
        "count": 1,
        "total": 1.064438255
    },
    "InitPrediction": {
        "average": 0.0003224560497140742,
        "count": 10842,
        "total": 3.4960684909999924
    },
    "Predict": {
        "average": 0.4234244930734193,
        "count": 10842,
        "total": 4590.768353902012
    },
    "RenderingDatabase": {
        "average": 5.823243128574059e-06,
        "count": 10842,
        "total": 0.06313560199999994
    },
    "RenderingProperty": {
        "average": 6.396560320974008e-06,
        "count": 10842,
        "total": 0.0693515070000002
    },
    "comput-rank-11": {
        "average": 0.4239738689475179,
        "count": 10842,
        "total": 4596.724687128989
    },
    "nZE7yT": {
        "average": null,
        "count": 0,
        "total": 0.0
    },
    "recv-rank-11": {
        "average": 0.08029314302453165,
        "count": 10843,
        "total": 870.6185498149968
    },
    "send-rank-11": {
        "average": 1.8937496771813348e-06,
        "count": 10842,
        "total": 0.020532034000000032
    }
}
