{
    "4Lchdp": {
        "average": null,
        "count": 0,
        "total": 0.0
    },
    "CalculatingResidual": {
        "average": 0.00015126543781047026,
        "count": 10468,
        "total": 1.5834466030000027
    },
    "CreatePrediction": {
        "average": 2.495375429881519e-07,
        "count": 10468,
        "total": 0.002612158999999974
    },
    "ErrorMPI": {
        "average": 1.040612289,
        "count": 1,
        "total": 1.040612289
    },
    "InitPrediction": {
        "average": 0.0003306107870653417,
        "count": 10468,
        "total": 3.460833718999997
    },
    "Predict": {
        "average": 0.43858875286922294,
        "count": 10468,
        "total": 4591.147065035026
    },
    "RenderingDatabase": {
        "average": 5.8621848490637985e-06,
        "count": 10468,
        "total": 0.061365350999999846
    },
    "RenderingProperty": {
        "average": 6.4754850974398275e-06,
        "count": 10468,
        "total": 0.06778537800000012
    },
    "comput-rank-57": {
        "average": 0.4391498939933142,
        "count": 10468,
        "total": 4597.021090322013
    },
    "recv-rank-57": {
        "average": 0.08313572798691399,
        "count": 10469,
        "total": 870.3479362950026
    },
    "send-rank-57": {
        "average": 1.7977013756209526e-06,
        "count": 10468,
        "total": 0.018818338000000132
    }
}
