{
    "CalculatingResidual": {
        "average": 0.0001485780030831489,
        "count": 10379,
        "total": 1.5420910940000023
    },
    "CreatePrediction": {
        "average": 2.457233837556576e-07,
        "count": 10379,
        "total": 0.0025503629999999704
    },
    "ErrorMPI": {
        "average": 1.022214672,
        "count": 1,
        "total": 1.022214672
    },
    "InitPrediction": {
        "average": 0.0003255901860487528,
        "count": 10379,
        "total": 3.3793005410000054
    },
    "MKcdVJ": {
        "average": null,
        "count": 0,
        "total": 0.0
    },
    "Predict": {
        "average": 0.44279777877608534,
        "count": 10379,
        "total": 4595.79814591699
    },
    "RenderingDatabase": {
        "average": 5.795153868388095e-06,
        "count": 10379,
        "total": 0.06014790200000004
    },
    "RenderingProperty": {
        "average": 6.216034781770832e-06,
        "count": 10379,
        "total": 0.06451622499999947
    },
    "comput-rank-171": {
        "average": 0.4433465694164155,
        "count": 10379,
        "total": 4601.494043972976
    },
    "recv-rank-171": {
        "average": 0.08342800686156036,
        "count": 10380,
        "total": 865.9827112229966
    },
    "send-rank-171": {
        "average": 2.423718084593898e-06,
        "count": 10379,
        "total": 0.025155770000000067
    }
}
