{
    "60a6tW": {
        "average": null,
        "count": 0,
        "total": 0.0
    },
    "CalculatingResidual": {
        "average": 0.0001535756640161153,
        "count": 9432,
        "total": 1.4485256629999994
    },
    "CreatePrediction": {
        "average": 3.139254664970304e-07,
        "count": 9432,
        "total": 0.0029609449999999904
    },
    "ErrorMPI": {
        "average": 1.037976737,
        "count": 1,
        "total": 1.037976737
    },
    "InitPrediction": {
        "average": 0.00033940431403731993,
        "count": 9432,
        "total": 3.2012614900000016
    },
    "Predict": {
        "average": 0.48721560642726885,
        "count": 9432,
        "total": 4595.417599822
    },
    "RenderingDatabase": {
        "average": 6.665251272264616e-06,
        "count": 9432,
        "total": 0.06286664999999986
    },
    "RenderingProperty": {
        "average": 7.673244062765047e-06,
        "count": 9432,
        "total": 0.07237403799999992
    },
    "comput-rank-133": {
        "average": 0.4878028700010603,
        "count": 9432,
        "total": 4600.956669850001
    },
    "recv-rank-133": {
        "average": 0.09185637838863556,
        "count": 9433,
        "total": 866.4812173399993
    },
    "send-rank-133": {
        "average": 3.4693416030534395e-06,
        "count": 9432,
        "total": 0.03272283000000004
    }
}
