{
    "CalculatingResidual": {
        "average": 0.00015212178017552915,
        "count": 9685,
        "total": 1.4732994409999998
    },
    "CreatePrediction": {
        "average": 2.2098089829633338e-07,
        "count": 9685,
        "total": 0.002140199999999989
    },
    "ErrorMPI": {
        "average": 1.036608521,
        "count": 1,
        "total": 1.036608521
    },
    "InitPrediction": {
        "average": 0.00033344750521424946,
        "count": 9685,
        "total": 3.229439088000006
    },
    "IoheLt": {
        "average": null,
        "count": 0,
        "total": 0.0
    },
    "Predict": {
        "average": 0.4756329526377911,
        "count": 9685,
        "total": 4606.505146297007
    },
    "RenderingDatabase": {
        "average": 6.306917191533276e-06,
        "count": 9685,
        "total": 0.06108249299999977
    },
    "RenderingProperty": {
        "average": 6.40166040268454e-06,
        "count": 9685,
        "total": 0.06200008099999977
    },
    "comput-rank-99": {
        "average": 0.47619623726267474,
        "count": 9685,
        "total": 4611.960557889005
    },
    "recv-rank-99": {
        "average": 0.08833766434348533,
        "count": 9686,
        "total": 855.6386168309989
    },
    "send-rank-99": {
        "average": 2.4437911202891052e-06,
        "count": 9685,
        "total": 0.023668116999999985
    }
}
