{
    "CalculatingResidual": {
        "average": 0.0001561959212340641,
        "count": 66285,
        "total": 10.353446638999939
    },
    "CreatePrediction": {
        "average": 4.260104850268268e-07,
        "count": 66285,
        "total": 0.028238105000003216
    },
    "ErrorMPI": {
        "average": 1.401241315,
        "count": 1,
        "total": 1.401241315
    },
    "InitPrediction": {
        "average": 0.0003785002222523976,
        "count": 66285,
        "total": 25.088887232000175
    },
    "Predict": {
        "average": 0.5756298376872936,
        "count": 66285,
        "total": 38155.623791102254
    },
    "RenderingDatabase": {
        "average": 6.651309315833193e-06,
        "count": 66285,
        "total": 0.4408820380000032
    },
    "RenderingProperty": {
        "average": 7.732504684317803e-06,
        "count": 66285,
        "total": 0.5125490730000056
    },
    "S8Q8Ud": {
        "average": null,
        "count": 0,
        "total": 0.0
    },
    "comput-rank-154": {
        "average": 0.5762624259204816,
        "count": 66285,
        "total": 38197.55490213912
    },
    "recv-rank-154": {
        "average": 0.2238007349810382,
        "count": 66286,
        "total": 14834.855518953098
    },
    "send-rank-154": {
        "average": 2.8146077694802747e-06,
        "count": 66285,
        "total": 0.186566276
    }
}
