{
    "CalculatingResidual": {
        "average": 0.0001461183754397043,
        "count": 101204,
        "total": 14.787764067999834
    },
    "CreatePrediction": {
        "average": 5.1944911268339e-07,
        "count": 101204,
        "total": 0.052570328000009804
    },
    "ErrorMPI": {
        "average": 1.397114485,
        "count": 1,
        "total": 1.397114485
    },
    "InitPrediction": {
        "average": 0.00037482979793289004,
        "count": 101204,
        "total": 37.9342748700002
    },
    "Predict": {
        "average": 0.3792590180616378,
        "count": 101204,
        "total": 38382.52966390999
    },
    "RenderingDatabase": {
        "average": 8.304069572348959e-06,
        "count": 101204,
        "total": 0.8404050570000041
    },
    "RenderingProperty": {
        "average": 8.708052952452614e-06,
        "count": 101204,
        "total": 0.8812897910000143
    },
    "Z3q9qN": {
        "average": null,
        "count": 0,
        "total": 0.0
    },
    "comput-rank-372": {
        "average": 0.3798758525225925,
        "count": 101204,
        "total": 38444.95577869645
    },
    "recv-rank-372": {
        "average": 0.1441383974588142,
        "count": 101205,
        "total": 14587.526514819292
    },
    "send-rank-372": {
        "average": 3.003681198371537e-06,
        "count": 101204,
        "total": 0.303984551999993
    }
}
