{
    "CalculatingResidual": {
        "average": 0.00015935380216882704,
        "count": 77369,
        "total": 12.32904431999998
    },
    "CreatePrediction": {
        "average": 5.405779963551805e-07,
        "count": 77369,
        "total": 0.04182397900000396
    },
    "ErrorMPI": {
        "average": 1.420459343,
        "count": 1,
        "total": 1.420459343
    },
    "InitPrediction": {
        "average": 0.0003928291810156577,
        "count": 77369,
        "total": 30.39280090600042
    },
    "Predict": {
        "average": 0.4898004989495328,
        "count": 77369,
        "total": 37895.374803226405
    },
    "RenderingDatabase": {
        "average": 7.78514583360262e-06,
        "count": 77369,
        "total": 0.6023289480000011
    },
    "RenderingProperty": {
        "average": 7.851811901407612e-06,
        "count": 77369,
        "total": 0.6074868350000056
    },
    "comput-rank-149": {
        "average": 0.4904566442227399,
        "count": 77369,
        "total": 37946.14010686916
    },
    "rQfPQL": {
        "average": null,
        "count": 0,
        "total": 0.0
    },
    "recv-rank-149": {
        "average": 0.19499081957629563,
        "count": 77370,
        "total": 15086.439710617993
    },
    "send-rank-149": {
        "average": 3.0885022425002043e-06,
        "count": 77369,
        "total": 0.2389543299999983
    }
}
