{
    "7vw4Qr": {
        "average": null,
        "count": 0,
        "total": 0.0
    },
    "CalculatingResidual": {
        "average": 0.00014826356012730124,
        "count": 96778,
        "total": 14.34865082199996
    },
    "CreatePrediction": {
        "average": 4.658956167725021e-07,
        "count": 96778,
        "total": 0.045088446000009205
    },
    "ErrorMPI": {
        "average": 1.379759231,
        "count": 1,
        "total": 1.379759231
    },
    "InitPrediction": {
        "average": 0.00037444292406331995,
        "count": 96778,
        "total": 36.23783730499998
    },
    "Predict": {
        "average": 0.395756727132945,
        "count": 96778,
        "total": 38300.54453847215
    },
    "RenderingDatabase": {
        "average": 7.5524126867675935e-06,
        "count": 96778,
        "total": 0.7309073949999941
    },
    "RenderingProperty": {
        "average": 8.093163828556136e-06,
        "count": 96778,
        "total": 0.7832402090000058
    },
    "comput-rank-301": {
        "average": 0.39637787815183523,
        "count": 96778,
        "total": 38360.65829177831
    },
    "recv-rank-301": {
        "average": 0.1516025103395676,
        "count": 96779,
        "total": 14671.939348153013
    },
    "send-rank-301": {
        "average": 2.8198806030295614e-06,
        "count": 96778,
        "total": 0.2729024049999949
    }
}
