{
    "CalculatingResidual": {
        "average": 0.00014731566650029958,
        "count": 100180,
        "total": 14.758083470000013
    },
    "CreatePrediction": {
        "average": 3.603647234977561e-07,
        "count": 100180,
        "total": 0.03610133800000521
    },
    "ErrorMPI": {
        "average": 1.341716986,
        "count": 1,
        "total": 1.341716986
    },
    "InitPrediction": {
        "average": 0.00037235845093831223,
        "count": 100180,
        "total": 37.30286961500012
    },
    "Predict": {
        "average": 0.3840916189191078,
        "count": 100180,
        "total": 38478.29838331622
    },
    "RenderingDatabase": {
        "average": 8.271775224595691e-06,
        "count": 100180,
        "total": 0.8286664419999964
    },
    "RenderingProperty": {
        "average": 8.142130854461995e-06,
        "count": 100180,
        "total": 0.8156786690000026
    },
    "comput-rank-241": {
        "average": 0.38470602533321024,
        "count": 100180,
        "total": 38539.849617881
    },
    "oAwqNp": {
        "average": null,
        "count": 0,
        "total": 0.0
    },
    "recv-rank-241": {
        "average": 0.1446655970397889,
        "count": 100181,
        "total": 14492.74417704309
    },
    "send-rank-241": {
        "average": 3.056026402475492e-06,
        "count": 100180,
        "total": 0.3061527249999948
    }
}
