{
    "CalculatingResidual": {
        "average": 0.00015228998877906823,
        "count": 89743,
        "total": 13.66696046299992
    },
    "CreatePrediction": {
        "average": 4.693529968911655e-07,
        "count": 89743,
        "total": 0.04212114600000386
    },
    "ErrorMPI": {
        "average": 1.351091123,
        "count": 1,
        "total": 1.351091123
    },
    "InitPrediction": {
        "average": 0.0003912212227471737,
        "count": 89743,
        "total": 35.10936619299961
    },
    "Predict": {
        "average": 0.4209675784470304,
        "count": 89743,
        "total": 37778.89339257185
    },
    "RenderingDatabase": {
        "average": 8.169836622354882e-06,
        "count": 89743,
        "total": 0.7331856479999942
    },
    "RenderingProperty": {
        "average": 8.362920049474563e-06,
        "count": 89743,
        "total": 0.7505135339999958
    },
    "comput-rank-322": {
        "average": 0.42160604740150176,
        "count": 89743,
        "total": 37836.19151195297
    },
    "recv-rank-322": {
        "average": 0.169331246238735,
        "count": 89744,
        "total": 15196.463362449033
    },
    "send-rank-322": {
        "average": 3.0589089399730473e-06,
        "count": 89743,
        "total": 0.2745156650000012
    },
    "v4wpAP": {
        "average": null,
        "count": 0,
        "total": 0.0
    }
}
