{
    "COkVU6": {
        "average": null,
        "count": 0,
        "total": 0.0
    },
    "CalculatingResidual": {
        "average": 0.00014507944494836437,
        "count": 93049,
        "total": 13.499497273000355
    },
    "CreatePrediction": {
        "average": 4.6390561961993703e-07,
        "count": 93049,
        "total": 0.04316595400001552
    },
    "ErrorMPI": {
        "average": 1.355944472,
        "count": 1,
        "total": 1.355944472
    },
    "InitPrediction": {
        "average": 0.0003674100647615798,
        "count": 93049,
        "total": 34.18713911600024
    },
    "Predict": {
        "average": 0.4085668097672007,
        "count": 93049,
        "total": 38016.73308202826
    },
    "RenderingDatabase": {
        "average": 6.969649937129951e-06,
        "count": 93049,
        "total": 0.6485189570000048
    },
    "RenderingProperty": {
        "average": 7.967865715913212e-06,
        "count": 93049,
        "total": 0.7414019370000084
    },
    "comput-rank-226": {
        "average": 0.4091708935118097,
        "count": 93049,
        "total": 38072.94247038038
    },
    "recv-rank-226": {
        "average": 0.16077054473946303,
        "count": 93050,
        "total": 14959.699188007035
    },
    "send-rank-226": {
        "average": 2.8536550634611646e-06,
        "count": 93049,
        "total": 0.2655297499999979
    }
}
