{
    "CalculatingResidual": {
        "average": 0.00015054925549097753,
        "count": 95839,
        "total": 14.428490096999795
    },
    "CreatePrediction": {
        "average": 3.965218439257859e-07,
        "count": 95839,
        "total": 0.0380022570000034
    },
    "ErrorMPI": {
        "average": 1.353860221,
        "count": 1,
        "total": 1.353860221
    },
    "InitPrediction": {
        "average": 0.00038244976302965523,
        "count": 95839,
        "total": 36.65360283899913
    },
    "Predict": {
        "average": 0.4023396864097331,
        "count": 95839,
        "total": 38559.83320582241
    },
    "RenderingDatabase": {
        "average": 8.592898955540107e-06,
        "count": 95839,
        "total": 0.8235348430000083
    },
    "RenderingProperty": {
        "average": 8.58672610315218e-06,
        "count": 95839,
        "total": 0.8229432430000018
    },
    "comput-rank-208": {
        "average": 0.4029726222876081,
        "count": 95839,
        "total": 38620.49314742207
    },
    "npPbI6": {
        "average": null,
        "count": 0,
        "total": 0.0
    },
    "recv-rank-208": {
        "average": 0.15037686084433477,
        "count": 95840,
        "total": 14412.118343321044
    },
    "send-rank-208": {
        "average": 2.946299293606983e-06,
        "count": 95839,
        "total": 0.28237037799999964
    }
}
