{
    "2F6LgC": {
        "average": null,
        "count": 0,
        "total": 0.0
    },
    "CalculatingResidual": {
        "average": 0.00016057375559373603,
        "count": 76827,
        "total": 12.336399920999957
    },
    "CreatePrediction": {
        "average": 5.401477084879705e-07,
        "count": 76827,
        "total": 0.041497928000005305
    },
    "ErrorMPI": {
        "average": 1.359133045,
        "count": 1,
        "total": 1.359133045
    },
    "InitPrediction": {
        "average": 0.0004011524317102084,
        "count": 76827,
        "total": 30.81933787100018
    },
    "Predict": {
        "average": 0.4988509730924775,
        "count": 76827,
        "total": 38325.22370977577
    },
    "RenderingDatabase": {
        "average": 7.329586955106928e-06,
        "count": 76827,
        "total": 0.563110177
    },
    "RenderingProperty": {
        "average": 8.329472073619883e-06,
        "count": 76827,
        "total": 0.6399283509999948
    },
    "comput-rank-105": {
        "average": 0.49950807316164203,
        "count": 76827,
        "total": 38375.70673678947
    },
    "recv-rank-105": {
        "average": 0.1907771676192816,
        "count": 76828,
        "total": 14657.028233854166
    },
    "send-rank-105": {
        "average": 3.002619756075339e-06,
        "count": 76827,
        "total": 0.23068226800000005
    }
}
