{
    "0HYBcu": {
        "average": null,
        "count": 0,
        "total": 0.0
    },
    "CalculatingResidual": {
        "average": 0.00014734534120704117,
        "count": 93137,
        "total": 13.723303044000193
    },
    "CreatePrediction": {
        "average": 4.1653465325284127e-07,
        "count": 93137,
        "total": 0.03879478800000988
    },
    "ErrorMPI": {
        "average": 1.431646657,
        "count": 1,
        "total": 1.431646657
    },
    "InitPrediction": {
        "average": 0.0003716805894112964,
        "count": 93137,
        "total": 34.617215055999914
    },
    "Predict": {
        "average": 0.4140915964793842,
        "count": 93137,
        "total": 38567.249021300406
    },
    "RenderingDatabase": {
        "average": 7.184902799102377e-06,
        "count": 93137,
        "total": 0.6691802919999981
    },
    "RenderingProperty": {
        "average": 7.885592020357067e-06,
        "count": 93137,
        "total": 0.7344403839999962
    },
    "comput-rank-228": {
        "average": 0.4147028924777841,
        "count": 93137,
        "total": 38624.18329670338
    },
    "recv-rank-228": {
        "average": 0.1547000541920701,
        "count": 93138,
        "total": 14408.453647341026
    },
    "send-rank-228": {
        "average": 2.618100325327185e-06,
        "count": 93137,
        "total": 0.24384200999999803
    }
}
