{
    "3fpEUV": {
        "average": null,
        "count": 0,
        "total": 0.0
    },
    "CalculatingResidual": {
        "average": 0.0001486131801413892,
        "count": 93360,
        "total": 13.874526498000094
    },
    "CreatePrediction": {
        "average": 4.980903706084552e-07,
        "count": 93360,
        "total": 0.046501717000005376
    },
    "ErrorMPI": {
        "average": 1.36361761,
        "count": 1,
        "total": 1.36361761
    },
    "InitPrediction": {
        "average": 0.00039786616246786997,
        "count": 93360,
        "total": 37.14478492800034
    },
    "Predict": {
        "average": 0.4121161435057941,
        "count": 93360,
        "total": 38475.16315770094
    },
    "RenderingDatabase": {
        "average": 7.001642802056522e-06,
        "count": 93360,
        "total": 0.6536733719999969
    },
    "RenderingProperty": {
        "average": 8.445406790916976e-06,
        "count": 93360,
        "total": 0.7884631780000089
    },
    "comput-rank-264": {
        "average": 0.4127633903537525,
        "count": 93360,
        "total": 38535.59012342633
    },
    "recv-rank-264": {
        "average": 0.15527869117756876,
        "count": 93361,
        "total": 14496.973887028998
    },
    "send-rank-264": {
        "average": 3.1512313303341866e-06,
        "count": 93360,
        "total": 0.29419895699999965
    }
}
