{
    "7zyPUn": {
        "average": null,
        "count": 0,
        "total": 0.0
    },
    "CalculatingResidual": {
        "average": 0.00015459255132723143,
        "count": 83143,
        "total": 12.853288495000003
    },
    "CreatePrediction": {
        "average": 4.521949893557738e-07,
        "count": 83143,
        "total": 0.0375968480000071
    },
    "ErrorMPI": {
        "average": 1.352931121,
        "count": 1,
        "total": 1.352931121
    },
    "InitPrediction": {
        "average": 0.00037585192360149993,
        "count": 83143,
        "total": 31.24945648399951
    },
    "Predict": {
        "average": 0.4601762446340496,
        "count": 83143,
        "total": 38260.43350760879
    },
    "RenderingDatabase": {
        "average": 8.920984472535322e-06,
        "count": 83143,
        "total": 0.7417174120000042
    },
    "RenderingProperty": {
        "average": 8.236957639248056e-06,
        "count": 83143,
        "total": 0.684845369000001
    },
    "comput-rank-171": {
        "average": 0.4608124357068179,
        "count": 83143,
        "total": 38313.32834197196
    },
    "recv-rank-171": {
        "average": 0.17703314082976376,
        "count": 83144,
        "total": 14719.24346114988
    },
    "send-rank-171": {
        "average": 3.2524213102726053e-06,
        "count": 83143,
        "total": 0.2704160649999952
    }
}
