{
    "8Tixmg": {
        "average": null,
        "count": 0,
        "total": 0.0
    },
    "CalculatingResidual": {
        "average": 0.00015170154398534515,
        "count": 85699,
        "total": 13.000670618000095
    },
    "CreatePrediction": {
        "average": 8.344852798749799e-07,
        "count": 85699,
        "total": 0.0715145540000059
    },
    "ErrorMPI": {
        "average": 1.419919879,
        "count": 1,
        "total": 1.419919879
    },
    "InitPrediction": {
        "average": 0.0003987965498197198,
        "count": 85699,
        "total": 34.17646552300017
    },
    "Predict": {
        "average": 0.45075019087974694,
        "count": 85699,
        "total": 38628.840608203434
    },
    "RenderingDatabase": {
        "average": 7.841896159815242e-06,
        "count": 85699,
        "total": 0.6720426590000064
    },
    "RenderingProperty": {
        "average": 8.459582527217269e-06,
        "count": 85699,
        "total": 0.7249777629999927
    },
    "comput-rank-298": {
        "average": 0.45140090596315013,
        "count": 85699,
        "total": 38684.606240136
    },
    "recv-rank-298": {
        "average": 0.1674212807966044,
        "count": 85700,
        "total": 14348.003764268997
    },
    "send-rank-298": {
        "average": 2.839143735632834e-06,
        "count": 85699,
        "total": 0.24331177899999823
    }
}
