{
    "4NJ1Yj": {
        "average": null,
        "count": 0,
        "total": 0.0
    },
    "CalculatingResidual": {
        "average": 0.00015077191450605995,
        "count": 93878,
        "total": 14.154165789999896
    },
    "CreatePrediction": {
        "average": 7.929922878630174e-07,
        "count": 93878,
        "total": 0.07444453000000434
    },
    "ErrorMPI": {
        "average": 1.398629854,
        "count": 1,
        "total": 1.398629854
    },
    "InitPrediction": {
        "average": 0.0004075916142759794,
        "count": 93878,
        "total": 38.26388556500039
    },
    "Predict": {
        "average": 0.4089175734653423,
        "count": 93878,
        "total": 38388.3639617794
    },
    "RenderingDatabase": {
        "average": 6.948031306589455e-06,
        "count": 93878,
        "total": 0.6522672830000049
    },
    "RenderingProperty": {
        "average": 9.070227859562478e-06,
        "count": 93878,
        "total": 0.8514948510000063
    },
    "comput-rank-381": {
        "average": 0.40957648978265715,
        "count": 93878,
        "total": 38450.22170781629
    },
    "recv-rank-381": {
        "average": 0.1553309683332298,
        "count": 93879,
        "total": 14582.31597615528
    },
    "send-rank-381": {
        "average": 3.186301359210859e-06,
        "count": 93878,
        "total": 0.299123598999997
    }
}
