{
    "7NKzzo": {
        "average": null,
        "count": 0,
        "total": 0.0
    },
    "CalculatingResidual": {
        "average": 0.0001567691622746499,
        "count": 83371,
        "total": 13.070001827999837
    },
    "CreatePrediction": {
        "average": 4.4392832039924244e-07,
        "count": 83371,
        "total": 0.03701074800000524
    },
    "ErrorMPI": {
        "average": 1.411859865,
        "count": 1,
        "total": 1.411859865
    },
    "InitPrediction": {
        "average": 0.0003886415249307325,
        "count": 83371,
        "total": 32.4014325750001
    },
    "Predict": {
        "average": 0.45181529551293537,
        "count": 83371,
        "total": 37668.293002208935
    },
    "RenderingDatabase": {
        "average": 9.795124695637595e-06,
        "count": 83371,
        "total": 0.8166293410000018
    },
    "RenderingProperty": {
        "average": 8.046389403989428e-06,
        "count": 83371,
        "total": 0.6708355310000026
    },
    "comput-rank-444": {
        "average": 0.45246288684486313,
        "count": 83371,
        "total": 37722.28333914308
    },
    "recv-rank-444": {
        "average": 0.18363882926027766,
        "count": 83372,
        "total": 15310.33647308787
    },
    "send-rank-444": {
        "average": 2.6852668913650854e-06,
        "count": 83371,
        "total": 0.22387338599999854
    }
}
