{
    "9dd3WS": {
        "average": null,
        "count": 0,
        "total": 0.0
    },
    "CalculatingResidual": {
        "average": 0.00014669594322749087,
        "count": 97283,
        "total": 14.271021444999993
    },
    "CreatePrediction": {
        "average": 3.6122797405509126e-07,
        "count": 97283,
        "total": 0.03514134100000144
    },
    "ErrorMPI": {
        "average": 1.325936307,
        "count": 1,
        "total": 1.325936307
    },
    "InitPrediction": {
        "average": 0.000368912804066488,
        "count": 97283,
        "total": 35.88894431800015
    },
    "Predict": {
        "average": 0.39325226424334137,
        "count": 97283,
        "total": 38256.76002238498
    },
    "RenderingDatabase": {
        "average": 8.236907959252912e-06,
        "count": 97283,
        "total": 0.801311117000001
    },
    "RenderingProperty": {
        "average": 8.204748054644746e-06,
        "count": 97283,
        "total": 0.7981825050000049
    },
    "comput-rank-68": {
        "average": 0.3938647514948131,
        "count": 97283,
        "total": 38316.3446196699
    },
    "recv-rank-68": {
        "average": 0.15127196189502776,
        "count": 97284,
        "total": 14716.341540995882
    },
    "send-rank-68": {
        "average": 2.722295416465316e-06,
        "count": 97283,
        "total": 0.2648330649999953
    }
}
