{
    "CalculatingResidual": {
        "average": 0.00015689814059053603,
        "count": 65737,
        "total": 10.314013068000067
    },
    "CreatePrediction": {
        "average": 4.7535222173212995e-07,
        "count": 65737,
        "total": 0.031248229000005026
    },
    "ErrorMPI": {
        "average": 1.343484617,
        "count": 1,
        "total": 1.343484617
    },
    "InitPrediction": {
        "average": 0.0003893297596178664,
        "count": 65737,
        "total": 25.593370407999682
    },
    "Predict": {
        "average": 0.5883958651545067,
        "count": 65737,
        "total": 38679.37898766181
    },
    "RenderingDatabase": {
        "average": 9.016200237309233e-06,
        "count": 65737,
        "total": 0.5926979549999971
    },
    "RenderingProperty": {
        "average": 8.177490150143825e-06,
        "count": 65737,
        "total": 0.5375636700000046
    },
    "comput-rank-158": {
        "average": 0.5890503947734387,
        "count": 65737,
        "total": 38722.40580122154
    },
    "fKvurP": {
        "average": null,
        "count": 0,
        "total": 0.0
    },
    "recv-rank-158": {
        "average": 0.2176838877657213,
        "count": 65738,
        "total": 14310.103413942988
    },
    "send-rank-158": {
        "average": 2.8855383269695872e-06,
        "count": 65737,
        "total": 0.18968663299999974
    }
}
