{
    "3PKdTC": {
        "average": null,
        "count": 0,
        "total": 0.0
    },
    "CalculatingResidual": {
        "average": 0.00014790609617403884,
        "count": 94277,
        "total": 13.944143028999859
    },
    "CreatePrediction": {
        "average": 4.3026719136176404e-07,
        "count": 94277,
        "total": 0.04056430000001303
    },
    "ErrorMPI": {
        "average": 1.410928689,
        "count": 1,
        "total": 1.410928689
    },
    "InitPrediction": {
        "average": 0.00036895401966545617,
        "count": 94277,
        "total": 34.78387811200021
    },
    "Predict": {
        "average": 0.4083668801146197,
        "count": 94277,
        "total": 38499.604356566
    },
    "RenderingDatabase": {
        "average": 6.985884351432517e-06,
        "count": 94277,
        "total": 0.6586082190000034
    },
    "RenderingProperty": {
        "average": 7.99889066262185e-06,
        "count": 94277,
        "total": 0.7541114150000001
    },
    "comput-rank-197": {
        "average": 0.4089740857643266,
        "count": 94277,
        "total": 38556.84988360342
    },
    "recv-rank-197": {
        "average": 0.15354288700414842,
        "count": 94278,
        "total": 14475.716300977105
    },
    "send-rank-197": {
        "average": 2.957910805392587e-06,
        "count": 94277,
        "total": 0.2788629569999969
    }
}
