{
    "18YCZQ": {
        "average": null,
        "count": 0,
        "total": 0.0
    },
    "CalculatingResidual": {
        "average": 0.00016085676844491913,
        "count": 77623,
        "total": 12.486184936999958
    },
    "CreatePrediction": {
        "average": 3.0257668474550783e-07,
        "count": 77623,
        "total": 0.023486910000000555
    },
    "ErrorMPI": {
        "average": 1.429582927,
        "count": 1,
        "total": 1.429582927
    },
    "InitPrediction": {
        "average": 0.00033436117807866177,
        "count": 77623,
        "total": 25.95411772599996
    },
    "Predict": {
        "average": 0.49656508304697844,
        "count": 77623,
        "total": 38544.87144135561
    },
    "RenderingDatabase": {
        "average": 6.1574944281979554e-06,
        "count": 77623,
        "total": 0.47796319000000986
    },
    "RenderingProperty": {
        "average": 7.0745783208585e-06,
        "count": 77623,
        "total": 0.5491499929999993
    },
    "comput-rank-164": {
        "average": 0.4971493477144533,
        "count": 77623,
        "total": 38590.22381763901
    },
    "recv-rank-164": {
        "average": 0.18605683807616294,
        "count": 77624,
        "total": 14442.475998824071
    },
    "send-rank-164": {
        "average": 3.0793944449454072e-06,
        "count": 77623,
        "total": 0.23903183499999733
    }
}
