{
    "Ag3Yuk": {
        "average": null,
        "count": 0,
        "total": 0.0
    },
    "CalculatingResidual": {
        "average": 0.00014490823639568608,
        "count": 100979,
        "total": 14.632688802999985
    },
    "CreatePrediction": {
        "average": 4.0955000544673574e-07,
        "count": 100979,
        "total": 0.04135595000000593
    },
    "ErrorMPI": {
        "average": 1.345820979,
        "count": 1,
        "total": 1.345820979
    },
    "InitPrediction": {
        "average": 0.0003706674100753625,
        "count": 100979,
        "total": 37.42962440200003
    },
    "Predict": {
        "average": 0.3803292927181647,
        "count": 100979,
        "total": 38405.27164938755
    },
    "RenderingDatabase": {
        "average": 7.4626477782508935e-06,
        "count": 100979,
        "total": 0.753570709999997
    },
    "RenderingProperty": {
        "average": 7.878813079947342e-06,
        "count": 100979,
        "total": 0.7955946660000027
    },
    "comput-rank-221": {
        "average": 0.38093639990594047,
        "count": 100979,
        "total": 38466.576726101965
    },
    "recv-rank-221": {
        "average": 0.1442469844737092,
        "count": 100980,
        "total": 14566.060492155155
    },
    "send-rank-221": {
        "average": 2.7682821873854408e-06,
        "count": 100979,
        "total": 0.2795383669999944
    }
}
