{
    "Bhv1qO": {
        "average": null,
        "count": 0,
        "total": 0.0
    },
    "CalculatingResidual": {
        "average": 0.00014805943536234996,
        "count": 92245,
        "total": 13.657742614999972
    },
    "CreatePrediction": {
        "average": 4.5340065044189455e-07,
        "count": 92245,
        "total": 0.04182394300001256
    },
    "ErrorMPI": {
        "average": 1.399943644,
        "count": 1,
        "total": 1.399943644
    },
    "InitPrediction": {
        "average": 0.00037161231158328544,
        "count": 92245,
        "total": 34.27937768200017
    },
    "Predict": {
        "average": 0.41700692532851913,
        "count": 92245,
        "total": 38466.803826929245
    },
    "RenderingDatabase": {
        "average": 7.4122703886390075e-06,
        "count": 92245,
        "total": 0.6837448820000053
    },
    "RenderingProperty": {
        "average": 8.077072307442122e-06,
        "count": 92245,
        "total": 0.7450695349999985
    },
    "comput-rank-366": {
        "average": 0.4176171620285631,
        "count": 92245,
        "total": 38523.0951113248
    },
    "recv-rank-366": {
        "average": 0.15729224982151024,
        "count": 92246,
        "total": 14509.580877035034
    },
    "send-rank-366": {
        "average": 2.632171163748678e-06,
        "count": 92245,
        "total": 0.24280462899999683
    }
}
