{
    "CalculatingResidual": {
        "average": 0.00014717170683345462,
        "count": 96730,
        "total": 14.235919202000066
    },
    "CreatePrediction": {
        "average": 5.457635790344874e-07,
        "count": 96730,
        "total": 0.052791711000005966
    },
    "ErrorMPI": {
        "average": 1.354445746,
        "count": 1,
        "total": 1.354445746
    },
    "InitPrediction": {
        "average": 0.00038462822211309786,
        "count": 96730,
        "total": 37.20508792499996
    },
    "Predict": {
        "average": 0.39558668472781344,
        "count": 96730,
        "total": 38265.10001372139
    },
    "RenderingDatabase": {
        "average": 8.387385206244255e-06,
        "count": 96730,
        "total": 0.8113117710000068
    },
    "RenderingProperty": {
        "average": 8.742841135118463e-06,
        "count": 96730,
        "total": 0.845695023000009
    },
    "comput-rank-258": {
        "average": 0.3962198003616739,
        "count": 96730,
        "total": 38326.34128898472
    },
    "rV1vhl": {
        "average": null,
        "count": 0,
        "total": 0.0
    },
    "recv-rank-258": {
        "average": 0.15203226803539496,
        "count": 96731,
        "total": 14706.23331933179
    },
    "send-rank-258": {
        "average": 3.2450283469450617e-06,
        "count": 96730,
        "total": 0.31389159199999583
    }
}
