{
    "4hvRnb": {
        "average": null,
        "count": 0,
        "total": 0.0
    },
    "CalculatingResidual": {
        "average": 0.00014838347084678575,
        "count": 95101,
        "total": 14.111416461000172
    },
    "CreatePrediction": {
        "average": 4.4956867961432636e-07,
        "count": 95101,
        "total": 0.04275443100000205
    },
    "ErrorMPI": {
        "average": 1.383437937,
        "count": 1,
        "total": 1.383437937
    },
    "InitPrediction": {
        "average": 0.00038812133931294634,
        "count": 95101,
        "total": 36.91072749000051
    },
    "Predict": {
        "average": 0.4065443956962775,
        "count": 95101,
        "total": 38662.77857511168
    },
    "RenderingDatabase": {
        "average": 7.2267354391647285e-06,
        "count": 95101,
        "total": 0.6872697670000049
    },
    "RenderingProperty": {
        "average": 8.417837793503752e-06,
        "count": 95101,
        "total": 0.8005447920000003
    },
    "comput-rank-26": {
        "average": 0.4071742499702879,
        "count": 95101,
        "total": 38722.67834642435
    },
    "recv-rank-26": {
        "average": 0.15047066011699034,
        "count": 95102,
        "total": 14310.060718446015
    },
    "send-rank-26": {
        "average": 1.7180075708983278e-06,
        "count": 95101,
        "total": 0.16338423800000187
    }
}
