{
    "CalculatingResidual": {
        "average": 0.00014757085746169426,
        "count": 93196,
        "total": 13.753013632000059
    },
    "CreatePrediction": {
        "average": 5.213975921715245e-07,
        "count": 93196,
        "total": 0.0485921700000174
    },
    "ErrorMPI": {
        "average": 1.325642243,
        "count": 1,
        "total": 1.325642243
    },
    "Gok81v": {
        "average": null,
        "count": 0,
        "total": 0.0
    },
    "InitPrediction": {
        "average": 0.00037425552347740025,
        "count": 93196,
        "total": 34.879117765999794
    },
    "Predict": {
        "average": 0.409947026798006,
        "count": 93196,
        "total": 38205.42310946697
    },
    "RenderingDatabase": {
        "average": 7.593714236662548e-06,
        "count": 93196,
        "total": 0.7077037920000028
    },
    "RenderingProperty": {
        "average": 8.009494613502752e-06,
        "count": 93196,
        "total": 0.7464528600000024
    },
    "comput-rank-187": {
        "average": 0.4105680975113533,
        "count": 93196,
        "total": 38263.304415668084
    },
    "recv-rank-187": {
        "average": 0.1584718443468567,
        "count": 93197,
        "total": 14769.100477594004
    },
    "send-rank-187": {
        "average": 2.9461644920382454e-06,
        "count": 93196,
        "total": 0.2745707459999963
    }
}
