{
    "4V684U": {
        "average": null,
        "count": 0,
        "total": 0.0
    },
    "CalculatingResidual": {
        "average": 0.00015445948989718905,
        "count": 98141,
        "total": 15.158808798000031
    },
    "CreatePrediction": {
        "average": 5.63446958967242e-07,
        "count": 98141,
        "total": 0.0552972480000041
    },
    "ErrorMPI": {
        "average": 1.361014021,
        "count": 1,
        "total": 1.361014021
    },
    "InitPrediction": {
        "average": 0.0004194557542515389,
        "count": 98141,
        "total": 41.16580717800028
    },
    "Predict": {
        "average": 0.39215036103354217,
        "count": 98141,
        "total": 38486.02858219286
    },
    "RenderingDatabase": {
        "average": 9.328117015314665e-06,
        "count": 98141,
        "total": 0.9154707319999965
    },
    "RenderingProperty": {
        "average": 9.8973860873641e-06,
        "count": 98141,
        "total": 0.9713393680000002
    },
    "comput-rank-385": {
        "average": 0.39284070389335396,
        "count": 98141,
        "total": 38553.77952079765
    },
    "recv-rank-385": {
        "average": 0.14752553745653343,
        "count": 98142,
        "total": 14478.451297059104
    },
    "send-rank-385": {
        "average": 4.222606718904436e-06,
        "count": 98141,
        "total": 0.41441084600000033
    }
}
