{
    "CalculatingResidual": {
        "average": 0.00014552736833339905,
        "count": 102076,
        "total": 14.854851650000041
    },
    "CreatePrediction": {
        "average": 3.286797386262353e-07,
        "count": 102076,
        "total": 0.03355031300001159
    },
    "ErrorMPI": {
        "average": 1.34304679,
        "count": 1,
        "total": 1.34304679
    },
    "InitPrediction": {
        "average": 0.0003556285019397335,
        "count": 102076,
        "total": 36.30113496400024
    },
    "NSGwR3": {
        "average": null,
        "count": 0,
        "total": 0.0
    },
    "Predict": {
        "average": 0.37676726940786887,
        "count": 102076,
        "total": 38458.89579207762
    },
    "RenderingDatabase": {
        "average": 7.628118235432532e-06,
        "count": 102076,
        "total": 0.7786477970000112
    },
    "RenderingProperty": {
        "average": 7.787275755319634e-06,
        "count": 102076,
        "total": 0.794893960000007
    },
    "comput-rank-313": {
        "average": 0.3773648736184665,
        "count": 102076,
        "total": 38519.896839478584
    },
    "recv-rank-313": {
        "average": 0.14217396300146057,
        "count": 102077,
        "total": 14512.69162130009
    },
    "send-rank-313": {
        "average": 3.020220492574109e-06,
        "count": 102076,
        "total": 0.30829202699999475
    }
}
