{
    "9IwU9V": {
        "average": null,
        "count": 0,
        "total": 0.0
    },
    "CalculatingResidual": {
        "average": 0.00014873098442357802,
        "count": 94887,
        "total": 14.112636919000048
    },
    "CreatePrediction": {
        "average": 4.7642820407439213e-07,
        "count": 94887,
        "total": 0.045206843000006845
    },
    "ErrorMPI": {
        "average": 1.322422874,
        "count": 1,
        "total": 1.322422874
    },
    "InitPrediction": {
        "average": 0.0003802322177221335,
        "count": 94887,
        "total": 36.07909444300008
    },
    "Predict": {
        "average": 0.405702352453702,
        "count": 94887,
        "total": 38495.879117274424
    },
    "RenderingDatabase": {
        "average": 7.749359290524488e-06,
        "count": 94887,
        "total": 0.7353134549999971
    },
    "RenderingProperty": {
        "average": 8.274134507361487e-06,
        "count": 94887,
        "total": 0.7851078010000094
    },
    "comput-rank-223": {
        "average": 0.40632777037497664,
        "count": 94887,
        "total": 38555.22314757041
    },
    "recv-rank-223": {
        "average": 0.15257409684411052,
        "count": 94888,
        "total": 14477.450901343958
    },
    "send-rank-223": {
        "average": 2.9089478853794214e-06,
        "count": 94887,
        "total": 0.2760213379999972
    }
}
