{
    "A3rSdb": {
        "average": null,
        "count": 0,
        "total": 0.0
    },
    "CalculatingResidual": {
        "average": 0.0001561031919279897,
        "count": 79212,
        "total": 12.365246038999919
    },
    "CreatePrediction": {
        "average": 4.903599328385782e-07,
        "count": 79212,
        "total": 0.038842391000009455
    },
    "ErrorMPI": {
        "average": 1.342357269,
        "count": 1,
        "total": 1.342357269
    },
    "InitPrediction": {
        "average": 0.00038003816070797256,
        "count": 79212,
        "total": 30.103582785999922
    },
    "Predict": {
        "average": 0.48118711594478003,
        "count": 79212,
        "total": 38115.79382821792
    },
    "RenderingDatabase": {
        "average": 7.101252764732688e-06,
        "count": 79212,
        "total": 0.5625044340000057
    },
    "RenderingProperty": {
        "average": 7.945811859314315e-06,
        "count": 79212,
        "total": 0.6294036490000054
    },
    "comput-rank-289": {
        "average": 0.4818202282952761,
        "count": 79212,
        "total": 38165.94392372541
    },
    "recv-rank-289": {
        "average": 0.18768116142128322,
        "count": 79213,
        "total": 14866.787839664106
    },
    "send-rank-289": {
        "average": 3.1735702923799402e-06,
        "count": 79212,
        "total": 0.2513848499999998
    }
}
