{
    "8P7QgP": {
        "average": null,
        "count": 0,
        "total": 0.0
    },
    "CalculatingResidual": {
        "average": 0.00014971747578690044,
        "count": 92388,
        "total": 13.832098153000157
    },
    "CreatePrediction": {
        "average": 5.063271853487951e-07,
        "count": 92388,
        "total": 0.04677855600000448
    },
    "ErrorMPI": {
        "average": 1.364888388,
        "count": 1,
        "total": 1.364888388
    },
    "InitPrediction": {
        "average": 0.0003871245944711451,
        "count": 92388,
        "total": 35.76566703400015
    },
    "Predict": {
        "average": 0.4162188508684423,
        "count": 92388,
        "total": 38453.627194033645
    },
    "RenderingDatabase": {
        "average": 7.955211878166126e-06,
        "count": 92388,
        "total": 0.7349661150000121
    },
    "RenderingProperty": {
        "average": 8.551387030783234e-06,
        "count": 92388,
        "total": 0.7900455450000015
    },
    "comput-rank-271": {
        "average": 0.4168582574460586,
        "count": 92388,
        "total": 38512.70068892646
    },
    "recv-rank-271": {
        "average": 0.1571607277141096,
        "count": 92389,
        "total": 14519.922472778873
    },
    "send-rank-271": {
        "average": 2.9941045482097015e-06,
        "count": 92388,
        "total": 0.2766193309999979
    }
}
