{
    "0AwwHs": {
        "average": null,
        "count": 0,
        "total": 0.0
    },
    "CalculatingResidual": {
        "average": 0.00015105234424390434,
        "count": 93579,
        "total": 14.135327322000323
    },
    "CreatePrediction": {
        "average": 4.835551138610198e-07,
        "count": 93579,
        "total": 0.045250604000000375
    },
    "ErrorMPI": {
        "average": 1.347907878,
        "count": 1,
        "total": 1.347907878
    },
    "InitPrediction": {
        "average": 0.00038683000650787666,
        "count": 93579,
        "total": 36.19916517900059
    },
    "Predict": {
        "average": 0.4097218197025733,
        "count": 93579,
        "total": 38341.35816594711
    },
    "RenderingDatabase": {
        "average": 7.584597431047542e-06,
        "count": 93579,
        "total": 0.7097590429999979
    },
    "RenderingProperty": {
        "average": 8.442898716592482e-06,
        "count": 93579,
        "total": 0.7900780190000078
    },
    "comput-rank-369": {
        "average": 0.41035915991397665,
        "count": 93579,
        "total": 38400.99982559002
    },
    "recv-rank-369": {
        "average": 0.15635423488276576,
        "count": 93580,
        "total": 14631.62930032922
    },
    "send-rank-369": {
        "average": 3.114881779031685e-06,
        "count": 93579,
        "total": 0.29148752200000605
    }
}
