{
    "5uGop3": {
        "average": null,
        "count": 0,
        "total": 0.0
    },
    "CalculatingResidual": {
        "average": 0.00014670887097755498,
        "count": 98603,
        "total": 14.465934804999854
    },
    "CreatePrediction": {
        "average": 3.2739428820633025e-07,
        "count": 98603,
        "total": 0.03228205900000878
    },
    "ErrorMPI": {
        "average": 1.342503792,
        "count": 1,
        "total": 1.342503792
    },
    "InitPrediction": {
        "average": 0.0003629481223187948,
        "count": 98603,
        "total": 35.78777370500012
    },
    "Predict": {
        "average": 0.38816791348798857,
        "count": 98603,
        "total": 38274.520773656135
    },
    "RenderingDatabase": {
        "average": 8.209101305234145e-06,
        "count": 98603,
        "total": 0.8094420160000024
    },
    "RenderingProperty": {
        "average": 8.001184862529434e-06,
        "count": 98603,
        "total": 0.7889408309999897
    },
    "comput-rank-356": {
        "average": 0.3887685592584721,
        "count": 98603,
        "total": 38333.746248563126
    },
    "recv-rank-356": {
        "average": 0.14907034587882992,
        "count": 98604,
        "total": 14698.932385036145
    },
    "send-rank-356": {
        "average": 2.8477362453474846e-06,
        "count": 98603,
        "total": 0.28079533699999804
    }
}
