{
    "As7G1p": {
        "average": null,
        "count": 0,
        "total": 0.0
    },
    "CalculatingResidual": {
        "average": 0.0001488358182001675,
        "count": 94142,
        "total": 14.011701597000169
    },
    "CreatePrediction": {
        "average": 4.804730619702486e-07,
        "count": 94142,
        "total": 0.04523269500000315
    },
    "ErrorMPI": {
        "average": 1.3439184,
        "count": 1,
        "total": 1.3439184
    },
    "InitPrediction": {
        "average": 0.00038401582270399887,
        "count": 94142,
        "total": 36.15201758099986
    },
    "Predict": {
        "average": 0.4068996025380903,
        "count": 94142,
        "total": 38306.3423821409
    },
    "RenderingDatabase": {
        "average": 7.5956680015296e-06,
        "count": 94142,
        "total": 0.7150713769999996
    },
    "RenderingProperty": {
        "average": 8.254601017611656e-06,
        "count": 94142,
        "total": 0.7771046489999965
    },
    "comput-rank-265": {
        "average": 0.40753222275750983,
        "count": 94142,
        "total": 38365.89851483749
    },
    "recv-rank-265": {
        "average": 0.1557925390896703,
        "count": 94143,
        "total": 14666.777007518833
    },
    "send-rank-265": {
        "average": 2.8907869388795406e-06,
        "count": 94142,
        "total": 0.2721444639999977
    }
}
