{
    "CalculatingResidual": {
        "average": 0.0001490774602718028,
        "count": 92126,
        "total": 13.733910105000106
    },
    "CreatePrediction": {
        "average": 3.6617207954330374e-07,
        "count": 92126,
        "total": 0.0337339690000064
    },
    "ErrorMPI": {
        "average": 1.363372148,
        "count": 1,
        "total": 1.363372148
    },
    "InitPrediction": {
        "average": 0.0003803863250656719,
        "count": 92126,
        "total": 35.04347058300009
    },
    "Predict": {
        "average": 0.4170178197494967,
        "count": 92126,
        "total": 38418.18366224213
    },
    "RenderingDatabase": {
        "average": 8.23089572976147e-06,
        "count": 92126,
        "total": 0.7582795000000052
    },
    "RenderingProperty": {
        "average": 8.166092308360296e-06,
        "count": 92126,
        "total": 0.7523094200000007
    },
    "comput-rank-438": {
        "average": 0.41764599374765204,
        "count": 92126,
        "total": 38476.05481999619
    },
    "isOQhk": {
        "average": null,
        "count": 0,
        "total": 0.0
    },
    "recv-rank-438": {
        "average": 0.15800471945847408,
        "count": 92127,
        "total": 14556.50078955084
    },
    "send-rank-438": {
        "average": 2.6872999261879854e-06,
        "count": 92126,
        "total": 0.24757019299999433
    }
}
