{
    "9mJWiX": {
        "average": null,
        "count": 0,
        "total": 0.0
    },
    "CalculatingResidual": {
        "average": 0.00014924762446313203,
        "count": 94297,
        "total": 14.073603243999962
    },
    "CreatePrediction": {
        "average": 4.2902405166657384e-07,
        "count": 94297,
        "total": 0.040455681000002915
    },
    "ErrorMPI": {
        "average": 1.391596524,
        "count": 1,
        "total": 1.391596524
    },
    "InitPrediction": {
        "average": 0.00038333864227917727,
        "count": 94297,
        "total": 36.14768395099958
    },
    "Predict": {
        "average": 0.4075009361612051,
        "count": 94297,
        "total": 38426.115777193154
    },
    "RenderingDatabase": {
        "average": 8.889501161224703e-06,
        "count": 94297,
        "total": 0.8382532910000058
    },
    "RenderingProperty": {
        "average": 8.43694843950496e-06,
        "count": 94297,
        "total": 0.7955789269999991
    },
    "comput-rank-371": {
        "average": 0.40813484558033464,
        "count": 94297,
        "total": 38485.89153368882
    },
    "recv-rank-371": {
        "average": 0.1542633100975324,
        "count": 94298,
        "total": 14546.721615577111
    },
    "send-rank-371": {
        "average": 2.9709968079578697e-06,
        "count": 94297,
        "total": 0.28015608600000325
    }
}
