{
    "9aK6EP": {
        "average": null,
        "count": 0,
        "total": 0.0
    },
    "CalculatingResidual": {
        "average": 0.0001455957218785504,
        "count": 98608,
        "total": 14.356902943000097
    },
    "CreatePrediction": {
        "average": 4.2292631429515346e-07,
        "count": 98608,
        "total": 0.04170391800001649
    },
    "ErrorMPI": {
        "average": 1.370134309,
        "count": 1,
        "total": 1.370134309
    },
    "InitPrediction": {
        "average": 0.0003689228775758561,
        "count": 98608,
        "total": 36.37874711200002
    },
    "Predict": {
        "average": 0.39061975676070015,
        "count": 98608,
        "total": 38518.23297465912
    },
    "RenderingDatabase": {
        "average": 6.924864432906122e-06,
        "count": 98608,
        "total": 0.6828470320000068
    },
    "RenderingProperty": {
        "average": 7.65478828289793e-06,
        "count": 98608,
        "total": 0.7548233629999991
    },
    "comput-rank-51": {
        "average": 0.39122486688907426,
        "count": 98608,
        "total": 38577.901674197834
    },
    "recv-rank-51": {
        "average": 0.14658705343509254,
        "count": 98609,
        "total": 14454.80275218104
    },
    "send-rank-51": {
        "average": 2.0785220164692197e-06,
        "count": 98608,
        "total": 0.2049588989999968
    }
}
