{
    "5Uosis": {
        "average": null,
        "count": 0,
        "total": 0.0
    },
    "CalculatingResidual": {
        "average": 0.00016044836044118348,
        "count": 65098,
        "total": 10.444867368000162
    },
    "CreatePrediction": {
        "average": 5.680657931119814e-07,
        "count": 65098,
        "total": 0.03697994700000376
    },
    "ErrorMPI": {
        "average": 1.354006075,
        "count": 1,
        "total": 1.354006075
    },
    "InitPrediction": {
        "average": 0.00039043197095148794,
        "count": 65098,
        "total": 25.41634044499996
    },
    "Predict": {
        "average": 0.5892867716117445,
        "count": 65098,
        "total": 38361.39025838134
    },
    "RenderingDatabase": {
        "average": 9.345045608160062e-06,
        "count": 65098,
        "total": 0.6083437790000037
    },
    "RenderingProperty": {
        "average": 8.533855110756127e-06,
        "count": 65098,
        "total": 0.5555369000000023
    },
    "comput-rank-161": {
        "average": 0.5899513593949733,
        "count": 65098,
        "total": 38404.65359389398
    },
    "recv-rank-161": {
        "average": 0.22469916235386297,
        "count": 65099,
        "total": 14627.690770074125
    },
    "send-rank-161": {
        "average": 3.6337788257703913e-06,
        "count": 65098,
        "total": 0.23655173400000093
    }
}
