{
    "8HRGSQ": {
        "average": null,
        "count": 0,
        "total": 0.0
    },
    "CalculatingResidual": {
        "average": 0.00015350591385421454,
        "count": 90846,
        "total": 13.945398249999974
    },
    "CreatePrediction": {
        "average": 4.501065869714265e-07,
        "count": 90846,
        "total": 0.04089038300000621
    },
    "ErrorMPI": {
        "average": 1.411639446,
        "count": 1,
        "total": 1.411639446
    },
    "InitPrediction": {
        "average": 0.0003859815826563649,
        "count": 90846,
        "total": 35.064882858000125
    },
    "Predict": {
        "average": 0.42407537081055396,
        "count": 90846,
        "total": 38525.55113665559
    },
    "RenderingDatabase": {
        "average": 7.998271943728927e-06,
        "count": 90846,
        "total": 0.7266110129999981
    },
    "RenderingProperty": {
        "average": 8.905163782665326e-06,
        "count": 90846,
        "total": 0.8089985090000141
    },
    "comput-rank-388": {
        "average": 0.4247158799674584,
        "count": 90846,
        "total": 38583.738831523726
    },
    "recv-rank-388": {
        "average": 0.15904572672989628,
        "count": 90847,
        "total": 14448.827136230888
    },
    "send-rank-388": {
        "average": 2.991926722145135e-06,
        "count": 90846,
        "total": 0.27180457499999694
    }
}
