{
    "CalculatingResidual": {
        "average": 0.00015716664162768548,
        "count": 76747,
        "total": 12.062068244999978
    },
    "CreatePrediction": {
        "average": 5.509919866575115e-07,
        "count": 76747,
        "total": 0.04228698200000403
    },
    "ErrorMPI": {
        "average": 1.380699644,
        "count": 1,
        "total": 1.380699644
    },
    "InitPrediction": {
        "average": 0.0003902740600284066,
        "count": 76747,
        "total": 29.95236328500012
    },
    "Predict": {
        "average": 0.5014915038064269,
        "count": 76747,
        "total": 38487.96844263185
    },
    "RenderingDatabase": {
        "average": 6.964092511759515e-06,
        "count": 76747,
        "total": 0.5344732080000075
    },
    "RenderingProperty": {
        "average": 7.874800865180341e-06,
        "count": 76747,
        "total": 0.6043673419999956
    },
    "comput-rank-113": {
        "average": 0.5021307417125448,
        "count": 76747,
        "total": 38537.02803421267
    },
    "recv-rank-113": {
        "average": 0.1888745913557102,
        "count": 76748,
        "total": 14495.747137368046
    },
    "send-rank-113": {
        "average": 2.7954596531460715e-06,
        "count": 76747,
        "total": 0.21454314200000155
    },
    "zv5bVV": {
        "average": null,
        "count": 0,
        "total": 0.0
    }
}
