{
    "2rSeJO": {
        "average": null,
        "count": 0,
        "total": 0.0
    },
    "CalculatingResidual": {
        "average": 0.00015115309027006785,
        "count": 100864,
        "total": 15.245905297000125
    },
    "CreatePrediction": {
        "average": 6.754238479537183e-07,
        "count": 100864,
        "total": 0.06812595100000383
    },
    "ErrorMPI": {
        "average": 1.376486465,
        "count": 1,
        "total": 1.376486465
    },
    "InitPrediction": {
        "average": 0.0004212328228307433,
        "count": 100864,
        "total": 42.48722744200009
    },
    "Predict": {
        "average": 0.37962430839804756,
        "count": 100864,
        "total": 38290.42624226067
    },
    "RenderingDatabase": {
        "average": 9.780120072573064e-06,
        "count": 100864,
        "total": 0.9864620310000096
    },
    "RenderingProperty": {
        "average": 1.0336655793940442e-05,
        "count": 100864,
        "total": 1.0425964500000087
    },
    "comput-rank-417": {
        "average": 0.3803185502943758,
        "count": 100864,
        "total": 38360.45025689192
    },
    "recv-rank-417": {
        "average": 0.14545812163658153,
        "count": 100865,
        "total": 14671.633438873796
    },
    "send-rank-417": {
        "average": 4.115134309565332e-06,
        "count": 100864,
        "total": 0.4150689069999977
    }
}
