{
    "4TKHlX": {
        "average": null,
        "count": 0,
        "total": 0.0
    },
    "CalculatingResidual": {
        "average": 0.00014782257576814901,
        "count": 97442,
        "total": 14.404127427999976
    },
    "CreatePrediction": {
        "average": 5.239363005685664e-07,
        "count": 97442,
        "total": 0.051053401000002246
    },
    "ErrorMPI": {
        "average": 1.39502233,
        "count": 1,
        "total": 1.39502233
    },
    "InitPrediction": {
        "average": 0.0003884937185299965,
        "count": 97442,
        "total": 37.85560492099992
    },
    "Predict": {
        "average": 0.39160684595649287,
        "count": 97442,
        "total": 38158.954283692576
    },
    "RenderingDatabase": {
        "average": 9.08909760678144e-06,
        "count": 97442,
        "total": 0.885659848999997
    },
    "RenderingProperty": {
        "average": 8.506873360563312e-06,
        "count": 97442,
        "total": 0.8289267540000103
    },
    "comput-rank-237": {
        "average": 0.3922436520773382,
        "count": 97442,
        "total": 38221.00594571999
    },
    "recv-rank-237": {
        "average": 0.15200212207376568,
        "count": 97443,
        "total": 14811.54278123395
    },
    "send-rank-237": {
        "average": 2.994655836292372e-06,
        "count": 97442,
        "total": 0.2918052540000013
    }
}
