{
    "7Qx5Ui": {
        "average": null,
        "count": 0,
        "total": 0.0
    },
    "CalculatingResidual": {
        "average": 0.0001574533256181305,
        "count": 76602,
        "total": 12.061239649000031
    },
    "CreatePrediction": {
        "average": 4.592157254380581e-07,
        "count": 76602,
        "total": 0.035176843000006126
    },
    "ErrorMPI": {
        "average": 1.4064499,
        "count": 1,
        "total": 1.4064499
    },
    "InitPrediction": {
        "average": 0.00037986305634317636,
        "count": 76602,
        "total": 29.098269841999993
    },
    "Predict": {
        "average": 0.499276143687341,
        "count": 76602,
        "total": 38245.5511587377
    },
    "RenderingDatabase": {
        "average": 8.662695921777461e-06,
        "count": 76602,
        "total": 0.663579832999997
    },
    "RenderingProperty": {
        "average": 7.873304730947035e-06,
        "count": 76602,
        "total": 0.6031108890000048
    },
    "comput-rank-276": {
        "average": 0.4999148029155348,
        "count": 76602,
        "total": 38294.473732935796
    },
    "recv-rank-276": {
        "average": 0.19239762452173928,
        "count": 76603,
        "total": 14738.235231238794
    },
    "send-rank-276": {
        "average": 2.924269066081791e-06,
        "count": 76602,
        "total": 0.22400485899999736
    }
}
