{
    "8gX0mt": {
        "average": null,
        "count": 0,
        "total": 0.0
    },
    "CalculatingResidual": {
        "average": 0.0001478766059760435,
        "count": 93172,
        "total": 13.777959131999927
    },
    "CreatePrediction": {
        "average": 5.078451358778943e-07,
        "count": 93172,
        "total": 0.04731694700001517
    },
    "ErrorMPI": {
        "average": 1.412273564,
        "count": 1,
        "total": 1.412273564
    },
    "InitPrediction": {
        "average": 0.00038100039563388296,
        "count": 93172,
        "total": 35.49856886200014
    },
    "Predict": {
        "average": 0.4135706373278022,
        "count": 93172,
        "total": 38533.20342110599
    },
    "RenderingDatabase": {
        "average": 7.529461071995891e-06,
        "count": 93172,
        "total": 0.7015349470000012
    },
    "RenderingProperty": {
        "average": 7.996236594685056e-06,
        "count": 93172,
        "total": 0.7450253559999961
    },
    "comput-rank-100": {
        "average": 0.4141930015533103,
        "count": 93172,
        "total": 38591.19034072503
    },
    "recv-rank-100": {
        "average": 0.15499559648665195,
        "count": 93173,
        "total": 14441.404711450823
    },
    "send-rank-100": {
        "average": 2.807803503198379e-06,
        "count": 93172,
        "total": 0.2616086679999994
    }
}
