{
    "9gMRqx": {
        "average": null,
        "count": 0,
        "total": 0.0
    },
    "CalculatingResidual": {
        "average": 0.00015029058696914923,
        "count": 92964,
        "total": 13.971614126999988
    },
    "CreatePrediction": {
        "average": 5.322847123618639e-07,
        "count": 92964,
        "total": 0.04948331600000831
    },
    "ErrorMPI": {
        "average": 1.369834245,
        "count": 1,
        "total": 1.369834245
    },
    "InitPrediction": {
        "average": 0.0003922087047459195,
        "count": 92964,
        "total": 36.46129002799966
    },
    "Predict": {
        "average": 0.4095252808053729,
        "count": 92964,
        "total": 38071.10820479069
    },
    "RenderingDatabase": {
        "average": 8.159464911148466e-06,
        "count": 92964,
        "total": 0.758536496000006
    },
    "RenderingProperty": {
        "average": 8.951198195000254e-06,
        "count": 92964,
        "total": 0.8321391890000035
    },
    "comput-rank-64": {
        "average": 0.41017155015019624,
        "count": 92964,
        "total": 38131.18798816284
    },
    "recv-rank-64": {
        "average": 0.16028964196430048,
        "count": 92965,
        "total": 14901.326565211195
    },
    "send-rank-64": {
        "average": 3.232997558194544e-06,
        "count": 92964,
        "total": 0.3005523849999976
    }
}
