{
    "4QXCAe": {
        "average": null,
        "count": 0,
        "total": 0.0
    },
    "CalculatingResidual": {
        "average": 0.00015082652449107441,
        "count": 78253,
        "total": 11.802628021000046
    },
    "CreatePrediction": {
        "average": 4.1151654249682355e-07,
        "count": 78253,
        "total": 0.03220240400000393
    },
    "ErrorMPI": {
        "average": 1.395738907,
        "count": 1,
        "total": 1.395738907
    },
    "InitPrediction": {
        "average": 0.0003835898042630955,
        "count": 78253,
        "total": 30.017052953000015
    },
    "Predict": {
        "average": 0.48355691730115846,
        "count": 78253,
        "total": 37839.779449567555
    },
    "RenderingDatabase": {
        "average": 8.610527289688562e-06,
        "count": 78253,
        "total": 0.6737995919999991
    },
    "RenderingProperty": {
        "average": 8.101495508159526e-06,
        "count": 78253,
        "total": 0.6339663280000073
    },
    "comput-rank-165": {
        "average": 0.4841957944258613,
        "count": 78253,
        "total": 37889.773501206924
    },
    "recv-rank-165": {
        "average": 0.19350332425184835,
        "count": 78254,
        "total": 15142.40913600414
    },
    "send-rank-165": {
        "average": 3.0559538420252557e-06,
        "count": 78253,
        "total": 0.23913755600000233
    }
}
