{
    "CalculatingResidual": {
        "average": 0.00015111628004175283,
        "count": 98671,
        "total": 14.910794467999795
    },
    "CreatePrediction": {
        "average": 7.110576765210433e-07,
        "count": 98671,
        "total": 0.07016077200000786
    },
    "ErrorMPI": {
        "average": 1.354412136,
        "count": 1,
        "total": 1.354412136
    },
    "InitPrediction": {
        "average": 0.00039205358241023956,
        "count": 98671,
        "total": 38.68431903000075
    },
    "Predict": {
        "average": 0.39052560891909005,
        "count": 98671,
        "total": 38533.552357655535
    },
    "RenderingDatabase": {
        "average": 6.779908027688052e-06,
        "count": 98671,
        "total": 0.6689803050000078
    },
    "RenderingProperty": {
        "average": 8.824680260664226e-06,
        "count": 98671,
        "total": 0.8707400259999998
    },
    "a6qjPO": {
        "average": null,
        "count": 0,
        "total": 0.0
    },
    "comput-rank-390": {
        "average": 0.3911696139593538,
        "count": 98671,
        "total": 38597.0969789834
    },
    "recv-rank-390": {
        "average": 0.1462973016165469,
        "count": 98672,
        "total": 14435.447345107914
    },
    "send-rank-390": {
        "average": 3.014275998013541e-06,
        "count": 98671,
        "total": 0.29742162699999414
    }
}
