{
    "C54P1g": {
        "average": null,
        "count": 0,
        "total": 0.0
    },
    "CalculatingResidual": {
        "average": 0.00015484351727736091,
        "count": 83375,
        "total": 12.910078252999966
    },
    "CreatePrediction": {
        "average": 6.149016371814849e-07,
        "count": 83375,
        "total": 0.0512674240000063
    },
    "ErrorMPI": {
        "average": 1.392834173,
        "count": 1,
        "total": 1.392834173
    },
    "InitPrediction": {
        "average": 0.00038760176488155984,
        "count": 83375,
        "total": 32.31629714700005
    },
    "Predict": {
        "average": 0.46193679304760893,
        "count": 83375,
        "total": 38513.98012034439
    },
    "RenderingDatabase": {
        "average": 7.5957124437782135e-06,
        "count": 83375,
        "total": 0.6332925250000085
    },
    "RenderingProperty": {
        "average": 8.090413361319429e-06,
        "count": 83375,
        "total": 0.6745382140000074
    },
    "comput-rank-125": {
        "average": 0.46257225971448135,
        "count": 83375,
        "total": 38566.96215369488
    },
    "recv-rank-125": {
        "average": 0.17350019730367225,
        "count": 83376,
        "total": 14465.752450390977
    },
    "send-rank-125": {
        "average": 2.8867616911543973e-06,
        "count": 83375,
        "total": 0.2406837559999979
    }
}
