{
    "9S6meC": {
        "average": null,
        "count": 0,
        "total": 0.0
    },
    "CalculatingResidual": {
        "average": 0.0001503621345813344,
        "count": 81891,
        "total": 12.313305563000055
    },
    "CreatePrediction": {
        "average": 4.3343112185726344e-07,
        "count": 81891,
        "total": 0.03549410800001316
    },
    "ErrorMPI": {
        "average": 1.345768123,
        "count": 1,
        "total": 1.345768123
    },
    "InitPrediction": {
        "average": 0.0003804125489980593,
        "count": 81891,
        "total": 31.152364050000074
    },
    "Predict": {
        "average": 0.46953390477838064,
        "count": 81891,
        "total": 38450.60099620637
    },
    "RenderingDatabase": {
        "average": 7.215019086346467e-06,
        "count": 81891,
        "total": 0.5908451279999986
    },
    "RenderingProperty": {
        "average": 7.716061655126929e-06,
        "count": 81891,
        "total": 0.6318760049999993
    },
    "comput-rank-292": {
        "average": 0.47015858515055137,
        "count": 81891,
        "total": 38501.7566965638
    },
    "recv-rank-292": {
        "average": 0.17744122757277916,
        "count": 81892,
        "total": 14531.017008390032
    },
    "send-rank-292": {
        "average": 2.663670317861534e-06,
        "count": 81891,
        "total": 0.21813062599999888
    }
}
