{
    "CalculatingResidual": {
        "average": 0.0001631661794644245,
        "count": 77748,
        "total": 12.685844121000077
    },
    "CreatePrediction": {
        "average": 2.765168878942057e-07,
        "count": 77748,
        "total": 0.021498634999998704
    },
    "ErrorMPI": {
        "average": 1.32426169,
        "count": 1,
        "total": 1.32426169
    },
    "InitPrediction": {
        "average": 0.000350568290283993,
        "count": 77748,
        "total": 27.25598343299989
    },
    "Predict": {
        "average": 0.48915224472210617,
        "count": 77748,
        "total": 38030.60872265431
    },
    "RenderingDatabase": {
        "average": 6.113895354221374e-06,
        "count": 77748,
        "total": 0.4753431360000034
    },
    "RenderingProperty": {
        "average": 8.081204815557868e-06,
        "count": 77748,
        "total": 0.6282975119999931
    },
    "caasA9": {
        "average": null,
        "count": 0,
        "total": 0.0
    },
    "comput-rank-279": {
        "average": 0.48975812714617795,
        "count": 77748,
        "total": 38077.71486936104
    },
    "recv-rank-279": {
        "average": 0.19235072591930455,
        "count": 77749,
        "total": 14955.07658950001
    },
    "send-rank-279": {
        "average": 3.313727452796206e-06,
        "count": 77748,
        "total": 0.2576356819999994
    }
}
