{
    "7O0VMW": {
        "average": null,
        "count": 0,
        "total": 0.0
    },
    "CalculatingResidual": {
        "average": 0.00014840110224393545,
        "count": 93541,
        "total": 13.881587504999965
    },
    "CreatePrediction": {
        "average": 5.504113811057445e-07,
        "count": 93541,
        "total": 0.05148603100001245
    },
    "ErrorMPI": {
        "average": 1.3578705,
        "count": 1,
        "total": 1.3578705
    },
    "InitPrediction": {
        "average": 0.000380060514533736,
        "count": 93541,
        "total": 35.5512405900002
    },
    "Predict": {
        "average": 0.40869194201439296,
        "count": 93541,
        "total": 38229.45294796833
    },
    "RenderingDatabase": {
        "average": 7.456666370896288e-06,
        "count": 93541,
        "total": 0.6975040290000096
    },
    "RenderingProperty": {
        "average": 8.080993510866965e-06,
        "count": 93541,
        "total": 0.7559042140000068
    },
    "comput-rank-413": {
        "average": 0.4093162300522753,
        "count": 93541,
        "total": 38287.84947531988
    },
    "recv-rank-413": {
        "average": 0.15762474409501556,
        "count": 93542,
        "total": 14744.533812135945
    },
    "send-rank-413": {
        "average": 3.0320372243187244e-06,
        "count": 93541,
        "total": 0.2836197939999978
    }
}
