{
    "5hBbAF": {
        "average": null,
        "count": 0,
        "total": 0.0
    },
    "CalculatingResidual": {
        "average": 0.00014529983847296596,
        "count": 100980,
        "total": 14.672377689000104
    },
    "CreatePrediction": {
        "average": 4.030250148545043e-07,
        "count": 100980,
        "total": 0.04069746600000784
    },
    "ErrorMPI": {
        "average": 1.340802239,
        "count": 1,
        "total": 1.340802239
    },
    "InitPrediction": {
        "average": 0.0003657779625074198,
        "count": 100980,
        "total": 36.93625865399925
    },
    "Predict": {
        "average": 0.38240323701671514,
        "count": 100980,
        "total": 38615.078873947896
    },
    "RenderingDatabase": {
        "average": 7.075252049910815e-06,
        "count": 100980,
        "total": 0.7144589519999941
    },
    "RenderingProperty": {
        "average": 7.761214656367741e-06,
        "count": 100980,
        "total": 0.7837274560000145
    },
    "comput-rank-69": {
        "average": 0.38300362986189596,
        "count": 100980,
        "total": 38675.70654345425
    },
    "recv-rank-69": {
        "average": 0.14217489690242655,
        "count": 100981,
        "total": 14356.963264103935
    },
    "send-rank-69": {
        "average": 2.7950690730837674e-06,
        "count": 100980,
        "total": 0.2822460749999988
    }
}
