{
    "CalculatingResidual": {
        "average": 0.0001471836233549425,
        "count": 97033,
        "total": 14.281668525000136
    },
    "CreatePrediction": {
        "average": 3.986246019396371e-07,
        "count": 97033,
        "total": 0.03867974100000881
    },
    "ErrorMPI": {
        "average": 1.309376569,
        "count": 1,
        "total": 1.309376569
    },
    "InitPrediction": {
        "average": 0.000363970974472604,
        "count": 97033,
        "total": 35.31719556600018
    },
    "Predict": {
        "average": 0.3955613339394087,
        "count": 97033,
        "total": 38382.50291614264
    },
    "RenderingDatabase": {
        "average": 7.125553533334159e-06,
        "count": 97033,
        "total": 0.6914138360000134
    },
    "RenderingProperty": {
        "average": 7.714149629507577e-06,
        "count": 97033,
        "total": 0.7485270810000088
    },
    "comput-rank-176": {
        "average": 0.3961683159989127,
        "count": 97033,
        "total": 38441.4002063225
    },
    "recv-rank-176": {
        "average": 0.15036952139352416,
        "count": 97034,
        "total": 14590.956138899222
    },
    "send-rank-176": {
        "average": 2.641722197602881e-06,
        "count": 97033,
        "total": 0.2563342300000004
    },
    "tgOlxy": {
        "average": null,
        "count": 0,
        "total": 0.0
    }
}
