{
    "CalculatingResidual": {
        "average": 0.00015838627392471933,
        "count": 77817,
        "total": 12.325144677999884
    },
    "CreatePrediction": {
        "average": 6.324732513461246e-07,
        "count": 77817,
        "total": 0.04921717100000138
    },
    "ErrorMPI": {
        "average": 1.383933186,
        "count": 1,
        "total": 1.383933186
    },
    "InitPrediction": {
        "average": 0.00040213221321819373,
        "count": 77817,
        "total": 31.292722436000183
    },
    "Predict": {
        "average": 0.48767472295357106,
        "count": 77817,
        "total": 37949.38391607804
    },
    "RenderingDatabase": {
        "average": 7.751298315278166e-06,
        "count": 77817,
        "total": 0.603182781000001
    },
    "RenderingProperty": {
        "average": 8.29997243532906e-06,
        "count": 77817,
        "total": 0.6458789550000015
    },
    "comput-rank-102": {
        "average": 0.4883328058572062,
        "count": 77817,
        "total": 38000.59395339021
    },
    "recv-rank-102": {
        "average": 0.19317027484806798,
        "count": 77818,
        "total": 15032.124448126955
    },
    "send-rank-102": {
        "average": 3.0186660626854906e-06,
        "count": 77817,
        "total": 0.23490353699999683
    },
    "w6PAw7": {
        "average": null,
        "count": 0,
        "total": 0.0
    }
}
