{
    "3bATXx": {
        "average": null,
        "count": 0,
        "total": 0.0
    },
    "CalculatingResidual": {
        "average": 0.00014776878077424408,
        "count": 95112,
        "total": 14.054584276999902
    },
    "CreatePrediction": {
        "average": 6.272653923795834e-07,
        "count": 95112,
        "total": 0.059660466000006934
    },
    "ErrorMPI": {
        "average": 1.405398688,
        "count": 1,
        "total": 1.405398688
    },
    "InitPrediction": {
        "average": 0.00037710158598284506,
        "count": 95112,
        "total": 35.86688604600036
    },
    "Predict": {
        "average": 0.405905960183639,
        "count": 95112,
        "total": 38606.52768498627
    },
    "RenderingDatabase": {
        "average": 6.564085183783334e-06,
        "count": 95112,
        "total": 0.6243232700000004
    },
    "RenderingProperty": {
        "average": 7.761645575742342e-06,
        "count": 95112,
        "total": 0.7382256340000056
    },
    "comput-rank-138": {
        "average": 0.4065263474511712,
        "count": 95112,
        "total": 38665.5339587758
    },
    "recv-rank-138": {
        "average": 0.1510496179992847,
        "count": 95113,
        "total": 14366.782316765966
    },
    "send-rank-138": {
        "average": 2.6394179283370707e-06,
        "count": 95112,
        "total": 0.2510403179999955
    }
}
