{
    "6mLU4z": {
        "average": null,
        "count": 0,
        "total": 0.0
    },
    "CalculatingResidual": {
        "average": 0.0001462948047680024,
        "count": 98406,
        "total": 14.396286558000044
    },
    "CreatePrediction": {
        "average": 4.625374875517099e-07,
        "count": 98406,
        "total": 0.045516464000013565
    },
    "ErrorMPI": {
        "average": 1.342694664,
        "count": 1,
        "total": 1.342694664
    },
    "InitPrediction": {
        "average": 0.00036242646387415345,
        "count": 98406,
        "total": 35.66493860399994
    },
    "Predict": {
        "average": 0.38824644398084995,
        "count": 98406,
        "total": 38205.77956637952
    },
    "RenderingDatabase": {
        "average": 7.150967380037859e-06,
        "count": 98406,
        "total": 0.7036980960000055
    },
    "RenderingProperty": {
        "average": 7.748135316952145e-06,
        "count": 98406,
        "total": 0.7624630039999928
    },
    "comput-rank-303": {
        "average": 0.38884811920648055,
        "count": 98406,
        "total": 38264.988018632925
    },
    "recv-rank-303": {
        "average": 0.15006700643104703,
        "count": 98407,
        "total": 14767.643901860045
    },
    "send-rank-303": {
        "average": 2.8895702396195538e-06,
        "count": 98406,
        "total": 0.2843510490000018
    }
}
