{
    "CalculatingResidual": {
        "average": 0.00014690395945118795,
        "count": 98030,
        "total": 14.400995144999953
    },
    "CreatePrediction": {
        "average": 5.908240946649838e-07,
        "count": 98030,
        "total": 0.057918486000008366
    },
    "ErrorMPI": {
        "average": 1.33224756,
        "count": 1,
        "total": 1.33224756
    },
    "InitPrediction": {
        "average": 0.00038509774310925034,
        "count": 98030,
        "total": 37.75113175699981
    },
    "Predict": {
        "average": 0.38906583290850755,
        "count": 98030,
        "total": 38140.123600021
    },
    "RenderingDatabase": {
        "average": 6.1646991431194134e-06,
        "count": 98030,
        "total": 0.6043254569999961
    },
    "RenderingProperty": {
        "average": 7.937289676629665e-06,
        "count": 98030,
        "total": 0.7780925070000061
    },
    "comput-rank-229": {
        "average": 0.38968936873233645,
        "count": 98030,
        "total": 38201.24881683094
    },
    "elstOH": {
        "average": null,
        "count": 0,
        "total": 0.0
    },
    "recv-rank-229": {
        "average": 0.1512929170610847,
        "count": 98031,
        "total": 14831.395952415194
    },
    "send-rank-229": {
        "average": 2.8078106906048858e-06,
        "count": 98030,
        "total": 0.27524968199999694
    }
}
