{
    "8GwHHn": {
        "average": null,
        "count": 0,
        "total": 0.0
    },
    "CalculatingResidual": {
        "average": 0.00014816919060106642,
        "count": 100671,
        "total": 14.916340586999958
    },
    "CreatePrediction": {
        "average": 5.605105939148726e-07,
        "count": 100671,
        "total": 0.056427162000004145
    },
    "ErrorMPI": {
        "average": 1.340198268,
        "count": 1,
        "total": 1.340198268
    },
    "InitPrediction": {
        "average": 0.00039137957958101173,
        "count": 100671,
        "total": 39.400573656000034
    },
    "Predict": {
        "average": 0.3820764215903535,
        "count": 100671,
        "total": 38464.01543792248
    },
    "RenderingDatabase": {
        "average": 8.544377000327793e-06,
        "count": 100671,
        "total": 0.8601709769999992
    },
    "RenderingProperty": {
        "average": 8.629493369490778e-06,
        "count": 100671,
        "total": 0.868739727000006
    },
    "comput-rank-202": {
        "average": 0.38271769642207626,
        "count": 100671,
        "total": 38528.57321650684
    },
    "recv-rank-202": {
        "average": 0.1440722487046766,
        "count": 100672,
        "total": 14504.041421597203
    },
    "send-rank-202": {
        "average": 2.748059451083191e-06,
        "count": 100671,
        "total": 0.27664989299999593
    }
}
