{
    "CalculatingResidual": {
        "average": 0.00014535800077890556,
        "count": 96289,
        "total": 13.996376537000037
    },
    "CreatePrediction": {
        "average": 3.165517037253773e-07,
        "count": 96289,
        "total": 0.030480447000012855
    },
    "ErrorMPI": {
        "average": 1.402101402,
        "count": 1,
        "total": 1.402101402
    },
    "InitPrediction": {
        "average": 0.00036710715070257524,
        "count": 96289,
        "total": 35.34838043400027
    },
    "Predict": {
        "average": 0.39560562479399625,
        "count": 96289,
        "total": 38092.4700057891
    },
    "RenderingDatabase": {
        "average": 8.471936337484026e-06,
        "count": 96289,
        "total": 0.8157542779999994
    },
    "RenderingProperty": {
        "average": 8.139032506309188e-06,
        "count": 96289,
        "total": 0.7836993010000054
    },
    "comput-rank-259": {
        "average": 0.39621889122785797,
        "count": 96289,
        "total": 38151.52081743922
    },
    "pPOvwP": {
        "average": null,
        "count": 0,
        "total": 0.0
    },
    "recv-rank-259": {
        "average": 0.15454411352343955,
        "count": 96290,
        "total": 14881.052691171994
    },
    "send-rank-259": {
        "average": 2.9467158346228404e-06,
        "count": 96289,
        "total": 0.2837363209999987
    }
}
