{
    "8LbPsb": {
        "average": null,
        "count": 0,
        "total": 0.0
    },
    "CalculatingResidual": {
        "average": 0.00014860304352642246,
        "count": 92082,
        "total": 13.683665454000034
    },
    "CreatePrediction": {
        "average": 4.094686257901202e-07,
        "count": 92082,
        "total": 0.03770469000000585
    },
    "ErrorMPI": {
        "average": 1.362913397,
        "count": 1,
        "total": 1.362913397
    },
    "InitPrediction": {
        "average": 0.00038555518914663617,
        "count": 92082,
        "total": 35.50269292700055
    },
    "Predict": {
        "average": 0.4161083785601203,
        "count": 92082,
        "total": 38316.091714573
    },
    "RenderingDatabase": {
        "average": 8.424221824026367e-06,
        "count": 92082,
        "total": 0.775719193999996
    },
    "RenderingProperty": {
        "average": 8.066084555070484e-06,
        "count": 92082,
        "total": 0.7427411980000003
    },
    "comput-rank-252": {
        "average": 0.4167395693279584,
        "count": 92082,
        "total": 38374.21302285707
    },
    "recv-rank-252": {
        "average": 0.15918791189248935,
        "count": 92083,
        "total": 14658.500490796097
    },
    "send-rank-252": {
        "average": 2.6472431637018996e-06,
        "count": 92082,
        "total": 0.2437634449999983
    }
}
