{
    "2ow6d5": {
        "average": null,
        "count": 0,
        "total": 0.0
    },
    "CalculatingResidual": {
        "average": 0.00014880602258388604,
        "count": 99540,
        "total": 14.812151488000017
    },
    "CreatePrediction": {
        "average": 5.380144866385756e-07,
        "count": 99540,
        "total": 0.05355396200000382
    },
    "ErrorMPI": {
        "average": 1.35067175,
        "count": 1,
        "total": 1.35067175
    },
    "InitPrediction": {
        "average": 0.00038525725197910437,
        "count": 99540,
        "total": 38.34850686200005
    },
    "Predict": {
        "average": 0.38539630695895705,
        "count": 99540,
        "total": 38362.348394694585
    },
    "RenderingDatabase": {
        "average": 7.807299115933348e-06,
        "count": 99540,
        "total": 0.7771385540000055
    },
    "RenderingProperty": {
        "average": 8.391474161141321e-06,
        "count": 99540,
        "total": 0.8352873380000071
    },
    "comput-rank-409": {
        "average": 0.38603139498386213,
        "count": 99540,
        "total": 38425.56505669364
    },
    "recv-rank-409": {
        "average": 0.1467414329993663,
        "count": 99541,
        "total": 14606.78898218992
    },
    "send-rank-409": {
        "average": 2.850827687361876e-06,
        "count": 99540,
        "total": 0.2837713880000011
    }
}
