{
    "CalculatingResidual": {
        "average": 0.00014612166430557076,
        "count": 97130,
        "total": 14.192797254000087
    },
    "CreatePrediction": {
        "average": 3.058433954494516e-07,
        "count": 97130,
        "total": 0.029706569000005234
    },
    "ErrorMPI": {
        "average": 1.406198899,
        "count": 1,
        "total": 1.406198899
    },
    "InitPrediction": {
        "average": 0.00031320175944609985,
        "count": 97130,
        "total": 30.421286894999678
    },
    "Predict": {
        "average": 0.389367839916591,
        "count": 97130,
        "total": 37819.29829109849
    },
    "RenderingDatabase": {
        "average": 5.98920855554421e-06,
        "count": 97130,
        "total": 0.5817318270000091
    },
    "RenderingProperty": {
        "average": 5.8691965510141865e-06,
        "count": 97130,
        "total": 0.5700750610000079
    },
    "Rrk2Tp": {
        "average": null,
        "count": 0,
        "total": 0.0
    },
    "comput-rank-61": {
        "average": 0.38990866458257917,
        "count": 97130,
        "total": 37871.82859090591
    },
    "recv-rank-61": {
        "average": 0.15608681301153213,
        "count": 97131,
        "total": 15160.868234623127
    },
    "send-rank-61": {
        "average": 2.258911747142952e-06,
        "count": 97130,
        "total": 0.21940809799999492
    }
}
