{
    "CalculatingResidual": {
        "average": 0.0001462330915050438,
        "count": 99459,
        "total": 14.544197048000154
    },
    "CreatePrediction": {
        "average": 5.006251118552115e-07,
        "count": 99459,
        "total": 0.04979167300000748
    },
    "ErrorMPI": {
        "average": 1.417828617,
        "count": 1,
        "total": 1.417828617
    },
    "InitPrediction": {
        "average": 0.00037293894785790703,
        "count": 99459,
        "total": 37.092134814999575
    },
    "Predict": {
        "average": 0.38459221485322675,
        "count": 99459,
        "total": 38251.15709708708
    },
    "RenderingDatabase": {
        "average": 7.849288782312395e-06,
        "count": 99459,
        "total": 0.7806824130000084
    },
    "RenderingProperty": {
        "average": 8.271250032676767e-06,
        "count": 99459,
        "total": 0.8226502569999986
    },
    "comput-rank-348": {
        "average": 0.38520226976269517,
        "count": 99459,
        "total": 38311.8325483279
    },
    "jGNIXk": {
        "average": null,
        "count": 0,
        "total": 0.0
    },
    "recv-rank-348": {
        "average": 0.14800657992442368,
        "count": 99460,
        "total": 14720.73443928318
    },
    "send-rank-348": {
        "average": 2.806765692395841e-06,
        "count": 99459,
        "total": 0.27915810899999793
    }
}
