{
    "4y8u6I": {
        "average": null,
        "count": 0,
        "total": 0.0
    },
    "CalculatingResidual": {
        "average": 0.00015850921470867262,
        "count": 78022,
        "total": 12.367205950000054
    },
    "CreatePrediction": {
        "average": 7.350840403989302e-07,
        "count": 78022,
        "total": 0.05735272700000533
    },
    "ErrorMPI": {
        "average": 1.376444141,
        "count": 1,
        "total": 1.376444141
    },
    "InitPrediction": {
        "average": 0.00040070288241777656,
        "count": 78022,
        "total": 31.263640291999764
    },
    "Predict": {
        "average": 0.4943881250296897,
        "count": 78022,
        "total": 38573.15029106645
    },
    "RenderingDatabase": {
        "average": 7.779295301325298e-06,
        "count": 78022,
        "total": 0.6069561780000025
    },
    "RenderingProperty": {
        "average": 8.625064712517005e-06,
        "count": 78022,
        "total": 0.6729447990000017
    },
    "comput-rank-297": {
        "average": 0.4950513838370945,
        "count": 78022,
        "total": 38624.89906973779
    },
    "recv-rank-297": {
        "average": 0.1846609677048805,
        "count": 78023,
        "total": 14407.802683237891
    },
    "send-rank-297": {
        "average": 3.1164959754940507e-06,
        "count": 78022,
        "total": 0.24315524899999683
    }
}
