{
    "1zxX66": {
        "average": null,
        "count": 0,
        "total": 0.0
    },
    "CalculatingResidual": {
        "average": 0.0001468816475532914,
        "count": 99215,
        "total": 14.572862661999805
    },
    "CreatePrediction": {
        "average": 4.866866703625458e-07,
        "count": 99215,
        "total": 0.04828661800001998
    },
    "ErrorMPI": {
        "average": 1.359710924,
        "count": 1,
        "total": 1.359710924
    },
    "InitPrediction": {
        "average": 0.00037076078619160366,
        "count": 99215,
        "total": 36.78503140199996
    },
    "Predict": {
        "average": 0.3857228046962123,
        "count": 99215,
        "total": 38269.488067934704
    },
    "RenderingDatabase": {
        "average": 7.437806329688144e-06,
        "count": 99215,
        "total": 0.7379419550000091
    },
    "RenderingProperty": {
        "average": 7.930397006500923e-06,
        "count": 99215,
        "total": 0.7868143389999891
    },
    "comput-rank-361": {
        "average": 0.3863339351754904,
        "count": 99215,
        "total": 38330.121378436284
    },
    "recv-rank-361": {
        "average": 0.14818662480248276,
        "count": 99216,
        "total": 14702.48416640313
    },
    "send-rank-361": {
        "average": 2.967990545784377e-06,
        "count": 99215,
        "total": 0.294469181999997
    }
}
