{
    "23JSK7": {
        "average": null,
        "count": 0,
        "total": 0.0
    },
    "CalculatingResidual": {
        "average": 0.0001492397978299797,
        "count": 92165,
        "total": 13.754685967000079
    },
    "CreatePrediction": {
        "average": 4.258540443770448e-07,
        "count": 92165,
        "total": 0.03924883800001033
    },
    "ErrorMPI": {
        "average": 1.348777763,
        "count": 1,
        "total": 1.348777763
    },
    "InitPrediction": {
        "average": 0.00037937591221179844,
        "count": 92165,
        "total": 34.965180949000406
    },
    "Predict": {
        "average": 0.41729549588102344,
        "count": 92165,
        "total": 38460.03937787453
    },
    "RenderingDatabase": {
        "average": 7.221166939727728e-06,
        "count": 92165,
        "total": 0.6655388510000061
    },
    "RenderingProperty": {
        "average": 8.216143742201438e-06,
        "count": 92165,
        "total": 0.7572408879999954
    },
    "comput-rank-235": {
        "average": 0.41791787404824465,
        "count": 92165,
        "total": 38517.40086165647
    },
    "recv-rank-235": {
        "average": 0.15749020459901758,
        "count": 92166,
        "total": 14515.242197073054
    },
    "send-rank-235": {
        "average": 3.0007762925188226e-06,
        "count": 92165,
        "total": 0.2765665469999973
    }
}
