{
    "1NDXX1": {
        "average": null,
        "count": 0,
        "total": 0.0
    },
    "CalculatingResidual": {
        "average": 0.00015751170260358088,
        "count": 90798,
        "total": 14.301747572999938
    },
    "CreatePrediction": {
        "average": 4.6266171061042525e-07,
        "count": 90798,
        "total": 0.04200875800000539
    },
    "ErrorMPI": {
        "average": 1.368044113,
        "count": 1,
        "total": 1.368044113
    },
    "InitPrediction": {
        "average": 0.00041949911991453326,
        "count": 90798,
        "total": 38.08968108999979
    },
    "Predict": {
        "average": 0.42505560806323583,
        "count": 90798,
        "total": 38594.19910092569
    },
    "RenderingDatabase": {
        "average": 9.431243584660495e-06,
        "count": 90798,
        "total": 0.8563380550000037
    },
    "RenderingProperty": {
        "average": 9.741639925989683e-06,
        "count": 90798,
        "total": 0.8845214220000112
    },
    "comput-rank-389": {
        "average": 0.425750006156147,
        "count": 90798,
        "total": 38657.249058965834
    },
    "recv-rank-389": {
        "average": 0.1583173372893412,
        "count": 90799,
        "total": 14375.05590853489
    },
    "send-rank-389": {
        "average": 4.192490418291094e-06,
        "count": 90798,
        "total": 0.38066974499999473
    }
}
