{
    "AwVDIp": {
        "average": null,
        "count": 0,
        "total": 0.0
    },
    "CalculatingResidual": {
        "average": 0.0001487459334326989,
        "count": 95272,
        "total": 14.17132257000009
    },
    "CreatePrediction": {
        "average": 5.275789319003848e-07,
        "count": 95272,
        "total": 0.05026350000001346
    },
    "ErrorMPI": {
        "average": 1.367794441,
        "count": 1,
        "total": 1.367794441
    },
    "InitPrediction": {
        "average": 0.0003776511597426296,
        "count": 95272,
        "total": 35.97958129099981
    },
    "Predict": {
        "average": 0.40408803710894886,
        "count": 95272,
        "total": 38498.275471443776
    },
    "RenderingDatabase": {
        "average": 8.152145530691082e-06,
        "count": 95272,
        "total": 0.7766712090000009
    },
    "RenderingProperty": {
        "average": 8.449689016710037e-06,
        "count": 95272,
        "total": 0.8050187719999986
    },
    "comput-rank-88": {
        "average": 0.4047118265117824,
        "count": 95272,
        "total": 38557.70513543053
    },
    "recv-rank-88": {
        "average": 0.15193065558450983,
        "count": 95273,
        "total": 14474.889349503004
    },
    "send-rank-88": {
        "average": 2.8866408598538606e-06,
        "count": 95272,
        "total": 0.275016047999997
    }
}
