{
    "9yOQJ4": {
        "average": null,
        "count": 0,
        "total": 0.0
    },
    "CalculatingResidual": {
        "average": 0.0001541825143161267,
        "count": 76103,
        "total": 11.73375188700019
    },
    "CreatePrediction": {
        "average": 6.32924155421034e-07,
        "count": 76103,
        "total": 0.04816742700000695
    },
    "ErrorMPI": {
        "average": 1.392347433,
        "count": 1,
        "total": 1.392347433
    },
    "InitPrediction": {
        "average": 0.00037793173947150754,
        "count": 76103,
        "total": 28.761739169000137
    },
    "Predict": {
        "average": 0.5090226172063645,
        "count": 76103,
        "total": 38738.14823725596
    },
    "RenderingDatabase": {
        "average": 7.0054517561726406e-06,
        "count": 76103,
        "total": 0.5331358950000065
    },
    "RenderingProperty": {
        "average": 7.969995414109835e-06,
        "count": 76103,
        "total": 0.6065405610000008
    },
    "comput-rank-120": {
        "average": 0.5096482070168897,
        "count": 76103,
        "total": 38785.757498606356
    },
    "recv-rank-120": {
        "average": 0.18720352220956646,
        "count": 76104,
        "total": 14246.936854236847
    },
    "send-rank-120": {
        "average": 2.762673810493667e-06,
        "count": 76103,
        "total": 0.21024776499999953
    }
}
