{
    "8vn2uS": {
        "average": null,
        "count": 0,
        "total": 0.0
    },
    "CalculatingResidual": {
        "average": 0.0001523005577834645,
        "count": 87127,
        "total": 13.269490697999911
    },
    "CreatePrediction": {
        "average": 4.5630479644665906e-07,
        "count": 87127,
        "total": 0.039756468000008066
    },
    "ErrorMPI": {
        "average": 1.363392837,
        "count": 1,
        "total": 1.363392837
    },
    "InitPrediction": {
        "average": 0.00038241840234370277,
        "count": 87127,
        "total": 33.31896814099979
    },
    "Predict": {
        "average": 0.44193776812018776,
        "count": 87127,
        "total": 38504.7119230076
    },
    "RenderingDatabase": {
        "average": 7.962075717056698e-06,
        "count": 87127,
        "total": 0.6937117709999989
    },
    "RenderingProperty": {
        "average": 8.035358786598804e-06,
        "count": 87127,
        "total": 0.7000967049999941
    },
    "comput-rank-174": {
        "average": 0.44257271970206524,
        "count": 87127,
        "total": 38560.03334948184
    },
    "recv-rank-174": {
        "average": 0.16610394615609578,
        "count": 87128,
        "total": 14472.304620688314
    },
    "send-rank-174": {
        "average": 2.8582296073547488e-06,
        "count": 87127,
        "total": 0.2490289709999972
    }
}
