{
    "CalculatingResidual": {
        "average": 0.00014587549370739518,
        "count": 99164,
        "total": 14.465597458000136
    },
    "CreatePrediction": {
        "average": 4.846650498164752e-07,
        "count": 99164,
        "total": 0.04806132500000095
    },
    "ErrorMPI": {
        "average": 1.381321747,
        "count": 1,
        "total": 1.381321747
    },
    "InitPrediction": {
        "average": 0.00037539362577145274,
        "count": 99164,
        "total": 37.22553350600034
    },
    "Predict": {
        "average": 0.38903688282030674,
        "count": 99164,
        "total": 38578.4534479929
    },
    "RenderingDatabase": {
        "average": 7.629479327175266e-06,
        "count": 99164,
        "total": 0.756569688000008
    },
    "RenderingProperty": {
        "average": 7.971367098947312e-06,
        "count": 99164,
        "total": 0.7904726470000113
    },
    "comput-rank-45": {
        "average": 0.3896510275345238,
        "count": 99164,
        "total": 38639.354494433515
    },
    "nzgXk2": {
        "average": null,
        "count": 0,
        "total": 0.0
    },
    "recv-rank-45": {
        "average": 0.14514552457186686,
        "count": 99165,
        "total": 14393.355944169176
    },
    "send-rank-45": {
        "average": 1.9488457303053435e-06,
        "count": 99164,
        "total": 0.19325533799999908
    }
}
