{
    "2VnAzR": {
        "average": null,
        "count": 0,
        "total": 0.0
    },
    "CalculatingResidual": {
        "average": 0.00014716929102660188,
        "count": 96084,
        "total": 14.140614159000014
    },
    "CreatePrediction": {
        "average": 4.27451729736583e-07,
        "count": 96084,
        "total": 0.04107127200000984
    },
    "ErrorMPI": {
        "average": 1.36867413,
        "count": 1,
        "total": 1.36867413
    },
    "InitPrediction": {
        "average": 0.0003694014904250422,
        "count": 96084,
        "total": 35.493572805999754
    },
    "Predict": {
        "average": 0.4002139156497847,
        "count": 96084,
        "total": 38454.153871293915
    },
    "RenderingDatabase": {
        "average": 7.2433701240581476e-06,
        "count": 96084,
        "total": 0.6959719750000031
    },
    "RenderingProperty": {
        "average": 7.826468246534307e-06,
        "count": 96084,
        "total": 0.7519983750000023
    },
    "comput-rank-311": {
        "average": 0.40082513183644203,
        "count": 96084,
        "total": 38512.8819673727
    },
    "recv-rank-311": {
        "average": 0.1511139533972094,
        "count": 96085,
        "total": 14519.784212170865
    },
    "send-rank-311": {
        "average": 2.820599912576469e-06,
        "count": 96084,
        "total": 0.2710145219999974
    }
}
