{
    "1HP2nN": {
        "average": null,
        "count": 0,
        "total": 0.0
    },
    "CalculatingResidual": {
        "average": 0.00014371857563931457,
        "count": 97370,
        "total": 13.99387771000006
    },
    "CreatePrediction": {
        "average": 3.1065184348370426e-07,
        "count": 97370,
        "total": 0.030248170000008286
    },
    "ErrorMPI": {
        "average": 1.356953751,
        "count": 1,
        "total": 1.356953751
    },
    "InitPrediction": {
        "average": 0.0003567764776625241,
        "count": 97370,
        "total": 34.739325629999975
    },
    "Predict": {
        "average": 0.39191118112466605,
        "count": 97370,
        "total": 38160.391706108734
    },
    "RenderingDatabase": {
        "average": 7.569934199445367e-06,
        "count": 97370,
        "total": 0.7370844929999953
    },
    "RenderingProperty": {
        "average": 7.524518876450744e-06,
        "count": 97370,
        "total": 0.732662403000009
    },
    "comput-rank-429": {
        "average": 0.39250523308491037,
        "count": 97370,
        "total": 38218.234545477724
    },
    "recv-rank-429": {
        "average": 0.15214447470042364,
        "count": 97371,
        "total": 14814.459646054951
    },
    "send-rank-429": {
        "average": 2.6313806511245127e-06,
        "count": 97370,
        "total": 0.2562175339999938
    }
}
