{
    "1av122": {
        "average": null,
        "count": 0,
        "total": 0.0
    },
    "CalculatingResidual": {
        "average": 0.00014715513814947813,
        "count": 98502,
        "total": 14.495075417999894
    },
    "CreatePrediction": {
        "average": 3.8122493959517733e-07,
        "count": 98502,
        "total": 0.03755141900000416
    },
    "ErrorMPI": {
        "average": 1.372319152,
        "count": 1,
        "total": 1.372319152
    },
    "InitPrediction": {
        "average": 0.0003799331394895518,
        "count": 98502,
        "total": 37.42417410599983
    },
    "Predict": {
        "average": 0.38991346473661403,
        "count": 98502,
        "total": 38407.256103485954
    },
    "RenderingDatabase": {
        "average": 8.60446642707755e-06,
        "count": 98502,
        "total": 0.8475571519999928
    },
    "RenderingProperty": {
        "average": 8.185373911189588e-06,
        "count": 98502,
        "total": 0.8062757009999969
    },
    "comput-rank-245": {
        "average": 0.3905360830054787,
        "count": 98502,
        "total": 38468.585248205665
    },
    "recv-rank-245": {
        "average": 0.14785396847228058,
        "count": 98503,
        "total": 14564.059456425053
    },
    "send-rank-245": {
        "average": 2.8537593449879106e-06,
        "count": 98502,
        "total": 0.2811010029999992
    }
}
