{
    "CalculatingResidual": {
        "average": 0.00014838761048624133,
        "count": 92197,
        "total": 13.680892523999992
    },
    "CreatePrediction": {
        "average": 3.934603078192342e-07,
        "count": 92197,
        "total": 0.03627586000000994
    },
    "ErrorMPI": {
        "average": 1.323904111,
        "count": 1,
        "total": 1.323904111
    },
    "InitPrediction": {
        "average": 0.0003781790313133772,
        "count": 92197,
        "total": 34.86697214999944
    },
    "Predict": {
        "average": 0.41704070328815573,
        "count": 92197,
        "total": 38449.90172105809
    },
    "RenderingDatabase": {
        "average": 8.703063874095679e-06,
        "count": 92197,
        "total": 0.8023963799999994
    },
    "RenderingProperty": {
        "average": 8.20830008568621e-06,
        "count": 92197,
        "total": 0.7567806430000115
    },
    "comput-rank-236": {
        "average": 0.4176642695198726,
        "count": 92197,
        "total": 38507.392656923694
    },
    "fZWNj1": {
        "average": null,
        "count": 0,
        "total": 0.0
    },
    "recv-rank-236": {
        "average": 0.15754519622683696,
        "count": 92198,
        "total": 14525.352001721914
    },
    "send-rank-236": {
        "average": 2.7313821274010556e-06,
        "count": 92197,
        "total": 0.2518252379999951
    }
}
