{
    "4Z5ANA": {
        "average": null,
        "count": 0,
        "total": 0.0
    },
    "CalculatingResidual": {
        "average": 0.00014518526260604977,
        "count": 95946,
        "total": 13.92994520600005
    },
    "CreatePrediction": {
        "average": 4.308936589332326e-07,
        "count": 95946,
        "total": 0.04134252300000793
    },
    "ErrorMPI": {
        "average": 1.354100713,
        "count": 1,
        "total": 1.354100713
    },
    "InitPrediction": {
        "average": 0.000369414671544411,
        "count": 95946,
        "total": 35.44386007600006
    },
    "Predict": {
        "average": 0.3985656810683075,
        "count": 95946,
        "total": 38240.78283577983
    },
    "RenderingDatabase": {
        "average": 7.212002001125702e-06,
        "count": 95946,
        "total": 0.6919627440000066
    },
    "RenderingProperty": {
        "average": 7.6190818272778165e-06,
        "count": 95946,
        "total": 0.7310204249999974
    },
    "comput-rank-427": {
        "average": 0.39917404350222124,
        "count": 95946,
        "total": 38299.15277786412
    },
    "recv-rank-427": {
        "average": 0.15355934319718123,
        "count": 95947,
        "total": 14733.558301739948
    },
    "send-rank-427": {
        "average": 2.633316125737405e-06,
        "count": 95946,
        "total": 0.25265614900000105
    }
}
