{
    "CKeUXV": {
        "average": null,
        "count": 0,
        "total": 0.0
    },
    "CalculatingResidual": {
        "average": 0.00014763910731989874,
        "count": 93198,
        "total": 13.759669523999923
    },
    "CreatePrediction": {
        "average": 3.797131590807142e-07,
        "count": 93198,
        "total": 0.035388507000004406
    },
    "ErrorMPI": {
        "average": 1.401233537,
        "count": 1,
        "total": 1.401233537
    },
    "InitPrediction": {
        "average": 0.0003777675821154997,
        "count": 93198,
        "total": 35.20718311800034
    },
    "Predict": {
        "average": 0.41452117059546206,
        "count": 93198,
        "total": 38632.54405715587
    },
    "RenderingDatabase": {
        "average": 8.65576300993592e-06,
        "count": 93198,
        "total": 0.8066998010000078
    },
    "RenderingProperty": {
        "average": 8.142748760703063e-06,
        "count": 93198,
        "total": 0.7588878990000041
    },
    "comput-rank-34": {
        "average": 0.4151406169737221,
        "count": 93198,
        "total": 38690.275220716954
    },
    "recv-rank-34": {
        "average": 0.15389089592508431,
        "count": 93199,
        "total": 14342.477609321933
    },
    "send-rank-34": {
        "average": 1.7793035472863993e-06,
        "count": 93198,
        "total": 0.16582753199999783
    }
}
