{
    "CalculatingResidual": {
        "average": 0.0001475361826356664,
        "count": 92857,
        "total": 13.699767311000075
    },
    "CreatePrediction": {
        "average": 4.1022952496852586e-07,
        "count": 92857,
        "total": 0.0380926830000024
    },
    "ErrorMPI": {
        "average": 1.33366268,
        "count": 1,
        "total": 1.33366268
    },
    "InitPrediction": {
        "average": 0.0003675255372669847,
        "count": 92857,
        "total": 34.1273188140004
    },
    "Predict": {
        "average": 0.41220954681641636,
        "count": 92857,
        "total": 38276.541888731976
    },
    "RenderingDatabase": {
        "average": 6.969432008356967e-06,
        "count": 92857,
        "total": 0.6471605480000029
    },
    "RenderingProperty": {
        "average": 7.602266840410511e-06,
        "count": 92857,
        "total": 0.7059236919999988
    },
    "comput-rank-188": {
        "average": 0.41281793636114195,
        "count": 92857,
        "total": 38333.03511668656
    },
    "nqwrIz": {
        "average": null,
        "count": 0,
        "total": 0.0
    },
    "recv-rank-188": {
        "average": 0.15829939425534767,
        "count": 92858,
        "total": 14699.365151763075
    },
    "send-rank-188": {
        "average": 2.508200286461922e-06,
        "count": 92857,
        "total": 0.2329039539999947
    }
}
