{
    "CalculatingResidual": {
        "average": 0.00015593657861526407,
        "count": 75119,
        "total": 11.71379984900002
    },
    "CreatePrediction": {
        "average": 4.75901676007448e-07,
        "count": 75119,
        "total": 0.03574925800000349
    },
    "ErrorMPI": {
        "average": 1.388015359,
        "count": 1,
        "total": 1.388015359
    },
    "InitPrediction": {
        "average": 0.0003751990660685044,
        "count": 75119,
        "total": 28.18457864399998
    },
    "Predict": {
        "average": 0.5141995682629318,
        "count": 75119,
        "total": 38626.15736834317
    },
    "RenderingDatabase": {
        "average": 8.85477788575465e-06,
        "count": 75119,
        "total": 0.6651620600000036
    },
    "RenderingProperty": {
        "average": 7.633217960835449e-06,
        "count": 75119,
        "total": 0.5733996999999981
    },
    "comput-rank-166": {
        "average": 0.5148327884645926,
        "count": 75119,
        "total": 38673.72423667173
    },
    "qBWGXQ": {
        "average": null,
        "count": 0,
        "total": 0.0
    },
    "recv-rank-166": {
        "average": 0.19114778160455115,
        "count": 75120,
        "total": 14359.021354133882
    },
    "send-rank-166": {
        "average": 2.676966586349662e-06,
        "count": 75119,
        "total": 0.20109105300000027
    }
}
