{
    "AOdimQ": {
        "average": null,
        "count": 0,
        "total": 0.0
    },
    "CalculatingResidual": {
        "average": 0.00014878932504018512,
        "count": 96425,
        "total": 14.34701066699985
    },
    "CreatePrediction": {
        "average": 4.835014882032752e-07,
        "count": 96425,
        "total": 0.04662163100000081
    },
    "ErrorMPI": {
        "average": 1.39333043,
        "count": 1,
        "total": 1.39333043
    },
    "InitPrediction": {
        "average": 0.00037854157805548925,
        "count": 96425,
        "total": 36.50087166400055
    },
    "Predict": {
        "average": 0.39870596277616915,
        "count": 96425,
        "total": 38445.22246069211
    },
    "RenderingDatabase": {
        "average": 7.4747274358310845e-06,
        "count": 96425,
        "total": 0.7207505930000123
    },
    "RenderingProperty": {
        "average": 8.21196393051603e-06,
        "count": 96425,
        "total": 0.7918386220000082
    },
    "comput-rank-133": {
        "average": 0.3993351464357634,
        "count": 96425,
        "total": 38505.891495068485
    },
    "recv-rank-133": {
        "average": 0.15064860281867076,
        "count": 96426,
        "total": 14526.442175393147
    },
    "send-rank-133": {
        "average": 2.779558828104733e-06,
        "count": 96425,
        "total": 0.26801895999999886
    }
}
