{
    "CalculatingResidual": {
        "average": 0.00014779876061222653,
        "count": 96304,
        "total": 14.233611841999863
    },
    "CreatePrediction": {
        "average": 4.4443975328135394e-07,
        "count": 96304,
        "total": 0.04280132600000751
    },
    "ErrorMPI": {
        "average": 1.383521133,
        "count": 1,
        "total": 1.383521133
    },
    "InitPrediction": {
        "average": 0.0003795842359403565,
        "count": 96304,
        "total": 36.55548025800009
    },
    "Predict": {
        "average": 0.39960737413193903,
        "count": 96304,
        "total": 38483.78855840226
    },
    "RenderingDatabase": {
        "average": 7.2987171353215796e-06,
        "count": 96304,
        "total": 0.7028956550000094
    },
    "RenderingProperty": {
        "average": 8.207109673533934e-06,
        "count": 96304,
        "total": 0.790377490000012
    },
    "comput-rank-198": {
        "average": 0.40022809327573095,
        "count": 96304,
        "total": 38543.56629482599
    },
    "iOUVSp": {
        "average": null,
        "count": 0,
        "total": 0.0
    },
    "recv-rank-198": {
        "average": 0.15044947299519082,
        "count": 96305,
        "total": 14489.036496801851
    },
    "send-rank-198": {
        "average": 2.9758121469513e-06,
        "count": 96304,
        "total": 0.286582612999998
    }
}
