{
    "CalculatingResidual": {
        "average": 0.00014787910505767676,
        "count": 101687,
        "total": 15.037382555999978
    },
    "CreatePrediction": {
        "average": 5.057916744520123e-07,
        "count": 101687,
        "total": 0.05143243800000177
    },
    "ErrorMPI": {
        "average": 1.43897182,
        "count": 1,
        "total": 1.43897182
    },
    "InitPrediction": {
        "average": 0.00038913429809120045,
        "count": 101687,
        "total": 39.5698993699999
    },
    "Predict": {
        "average": 0.37870824165594014,
        "count": 101687,
        "total": 38509.70496926759
    },
    "RenderingDatabase": {
        "average": 8.20292751285815e-06,
        "count": 101687,
        "total": 0.8341310900000068
    },
    "RenderingProperty": {
        "average": 8.655060469873316e-06,
        "count": 101687,
        "total": 0.8801071340000078
    },
    "comput-rank-214": {
        "average": 0.3793452232848235,
        "count": 101687,
        "total": 38574.47772016385
    },
    "oY3vNe": {
        "average": null,
        "count": 0,
        "total": 0.0
    },
    "recv-rank-214": {
        "average": 0.14218040149250769,
        "count": 101688,
        "total": 14458.040666970122
    },
    "send-rank-214": {
        "average": 2.7958379045501986e-06,
        "count": 101687,
        "total": 0.28430036899999606
    }
}
