{
    "CalculatingResidual": {
        "average": 0.00014903950780213764,
        "count": 92731,
        "total": 13.820582598000026
    },
    "CreatePrediction": {
        "average": 5.852600748401834e-07,
        "count": 92731,
        "total": 0.054271752000005044
    },
    "ErrorMPI": {
        "average": 1.337434042,
        "count": 1,
        "total": 1.337434042
    },
    "InitPrediction": {
        "average": 0.0003870626080490886,
        "count": 92731,
        "total": 35.89270270700003
    },
    "Predict": {
        "average": 0.4164848236043725,
        "count": 92731,
        "total": 38621.05417765707
    },
    "RenderingDatabase": {
        "average": 7.959721021017798e-06,
        "count": 92731,
        "total": 0.7381128900000014
    },
    "RenderingProperty": {
        "average": 8.29124131088855e-06,
        "count": 92731,
        "total": 0.7688550980000062
    },
    "VSi8LI": {
        "average": null,
        "count": 0,
        "total": 0.0
    },
    "comput-rank-35": {
        "average": 0.41711957291628454,
        "count": 92731,
        "total": 38679.91511609998
    },
    "recv-rank-35": {
        "average": 0.15477690919932763,
        "count": 92732,
        "total": 14352.77234387205
    },
    "send-rank-35": {
        "average": 2.1513365001994825e-06,
        "count": 92731,
        "total": 0.19949558499999823
    }
}
