{
    "CalculatingResidual": {
        "average": 0.0001562480609088313,
        "count": 77066,
        "total": 12.041413061999993
    },
    "CreatePrediction": {
        "average": 5.333215944775659e-07,
        "count": 77066,
        "total": 0.04110096200000809
    },
    "ErrorMPI": {
        "average": 1.325165531,
        "count": 1,
        "total": 1.325165531
    },
    "InitPrediction": {
        "average": 0.0003726503310019994,
        "count": 77066,
        "total": 28.718670409000083
    },
    "Predict": {
        "average": 0.495179833528784,
        "count": 77066,
        "total": 38161.52905072927
    },
    "RenderingDatabase": {
        "average": 8.34170167129479e-06,
        "count": 77066,
        "total": 0.6428615810000042
    },
    "RenderingProperty": {
        "average": 7.457577414164547e-06,
        "count": 77066,
        "total": 0.574725661000005
    },
    "comput-rank-277": {
        "average": 0.49580660822772604,
        "count": 77066,
        "total": 38209.832069677934
    },
    "recv-rank-277": {
        "average": 0.19233889901091325,
        "count": 77067,
        "total": 14822.981930074051
    },
    "send-rank-277": {
        "average": 2.8856414112578838e-06,
        "count": 77066,
        "total": 0.22238484100000008
    },
    "zO9EEt": {
        "average": null,
        "count": 0,
        "total": 0.0
    }
}
