{
    "5cGe09": {
        "average": null,
        "count": 0,
        "total": 0.0
    },
    "CalculatingResidual": {
        "average": 0.00015218053342408235,
        "count": 94034,
        "total": 14.310144280000161
    },
    "CreatePrediction": {
        "average": 5.899974051940419e-07,
        "count": 94034,
        "total": 0.05547981600001653
    },
    "ErrorMPI": {
        "average": 1.337583736,
        "count": 1,
        "total": 1.337583736
    },
    "InitPrediction": {
        "average": 0.00037370337954357015,
        "count": 94034,
        "total": 35.140823592000075
    },
    "Predict": {
        "average": 0.4089391458983837,
        "count": 94034,
        "total": 38454.183645408615
    },
    "RenderingDatabase": {
        "average": 6.9696324520917605e-06,
        "count": 94034,
        "total": 0.6553824179999966
    },
    "RenderingProperty": {
        "average": 7.532559903864602e-06,
        "count": 94034,
        "total": 0.7083167380000039
    },
    "comput-rank-160": {
        "average": 0.409560307141905,
        "count": 94034,
        "total": 38512.593921781896
    },
    "recv-rank-160": {
        "average": 0.1544082870713563,
        "count": 94035,
        "total": 14519.783274754987
    },
    "send-rank-160": {
        "average": 2.7773447582788653e-06,
        "count": 94034,
        "total": 0.2611648369999948
    }
}
