{
    "6Oq8Lj": {
        "average": null,
        "count": 0,
        "total": 0.0
    },
    "CalculatingResidual": {
        "average": 0.00014898664009223918,
        "count": 93235,
        "total": 13.890769388999919
    },
    "CreatePrediction": {
        "average": 5.232380758299159e-07,
        "count": 93235,
        "total": 0.04878410200000221
    },
    "ErrorMPI": {
        "average": 1.397567926,
        "count": 1,
        "total": 1.397567926
    },
    "InitPrediction": {
        "average": 0.00038714802792942535,
        "count": 93235,
        "total": 36.09574638399997
    },
    "Predict": {
        "average": 0.4118955313400356,
        "count": 93235,
        "total": 38403.079864488216
    },
    "RenderingDatabase": {
        "average": 7.418774612538246e-06,
        "count": 93235,
        "total": 0.6916894510000033
    },
    "RenderingProperty": {
        "average": 8.499841164798623e-06,
        "count": 93235,
        "total": 0.7924826909999997
    },
    "comput-rank-367": {
        "average": 0.4125308745480752,
        "count": 93235,
        "total": 38462.31608848979
    },
    "recv-rank-367": {
        "average": 0.15627290066069963,
        "count": 93236,
        "total": 14570.260166000991
    },
    "send-rank-367": {
        "average": 2.9990367994851536e-06,
        "count": 93235,
        "total": 0.2796151959999983
    }
}
