{
    "CalculatingResidual": {
        "average": 0.0001504460156176418,
        "count": 91307,
        "total": 13.73677434800002
    },
    "CreatePrediction": {
        "average": 4.398106935941524e-07,
        "count": 91307,
        "total": 0.04015779500000127
    },
    "ErrorMPI": {
        "average": 1.381515452,
        "count": 1,
        "total": 1.381515452
    },
    "InitPrediction": {
        "average": 0.00039060516383190744,
        "count": 91307,
        "total": 35.664985693999974
    },
    "Predict": {
        "average": 0.4214128734674389,
        "count": 91307,
        "total": 38477.94523769144
    },
    "RenderingDatabase": {
        "average": 9.043261316218982e-06,
        "count": 91307,
        "total": 0.8257130610000065
    },
    "RenderingProperty": {
        "average": 8.508621299571919e-06,
        "count": 91307,
        "total": 0.7768966850000132
    },
    "comput-rank-206": {
        "average": 0.42205413097405925,
        "count": 91307,
        "total": 38536.496536848426
    },
    "recv-rank-206": {
        "average": 0.15876107389988847,
        "count": 91308,
        "total": 14496.156135651017
    },
    "send-rank-206": {
        "average": 3.0016997491977227e-06,
        "count": 91307,
        "total": 0.27407619899999647
    },
    "wshiiX": {
        "average": null,
        "count": 0,
        "total": 0.0
    }
}
