{
    "1PBgCL": {
        "average": null,
        "count": 0,
        "total": 0.0
    },
    "CalculatingResidual": {
        "average": 0.00014503033234864032,
        "count": 101216,
        "total": 14.679390118999978
    },
    "CreatePrediction": {
        "average": 4.3333911634536303e-07,
        "count": 101216,
        "total": 0.04386085200001227
    },
    "ErrorMPI": {
        "average": 1.358390944,
        "count": 1,
        "total": 1.358390944
    },
    "InitPrediction": {
        "average": 0.0003710650792760076,
        "count": 101216,
        "total": 37.557723064000385
    },
    "Predict": {
        "average": 0.38010840460749146,
        "count": 101216,
        "total": 38473.05228075186
    },
    "RenderingDatabase": {
        "average": 7.08890350339874e-06,
        "count": 101216,
        "total": 0.7175104570000068
    },
    "RenderingProperty": {
        "average": 8.044113154046864e-06,
        "count": 101216,
        "total": 0.8141929570000073
    },
    "comput-rank-239": {
        "average": 0.3807162551808311,
        "count": 101216,
        "total": 38534.576484383
    },
    "recv-rank-239": {
        "average": 0.14323723755267412,
        "count": 101217,
        "total": 14498.043473369016
    },
    "send-rank-239": {
        "average": 2.8250481840815277e-06,
        "count": 101216,
        "total": 0.2859400769999959
    }
}
