{
    "2ERyid": {
        "average": null,
        "count": 0,
        "total": 0.0
    },
    "CalculatingResidual": {
        "average": 0.00014601668639328057,
        "count": 96908,
        "total": 14.150185045000033
    },
    "CreatePrediction": {
        "average": 3.2701888389001786e-07,
        "count": 96908,
        "total": 0.03169074600001385
    },
    "ErrorMPI": {
        "average": 1.395979114,
        "count": 1,
        "total": 1.395979114
    },
    "InitPrediction": {
        "average": 0.0003617340630082127,
        "count": 96908,
        "total": 35.05492457799988
    },
    "Predict": {
        "average": 0.3937557227188474,
        "count": 96908,
        "total": 38158.079577238066
    },
    "RenderingDatabase": {
        "average": 7.98389847071455e-06,
        "count": 96908,
        "total": 0.7737036330000057
    },
    "RenderingProperty": {
        "average": 8.10725585091018e-06,
        "count": 96908,
        "total": 0.7856579500000037
    },
    "comput-rank-230": {
        "average": 0.3943587098681847,
        "count": 96908,
        "total": 38216.51385590604
    },
    "recv-rank-230": {
        "average": 0.15288652245265055,
        "count": 96909,
        "total": 14816.080004363914
    },
    "send-rank-230": {
        "average": 2.734363612911134e-06,
        "count": 96908,
        "total": 0.2649817089999922
    }
}
