{
    "CalculatingResidual": {
        "average": 0.00014803296016406515,
        "count": 99960,
        "total": 14.797374697999953
    },
    "CreatePrediction": {
        "average": 5.087150360144464e-07,
        "count": 99960,
        "total": 0.05085115500000406
    },
    "ErrorMPI": {
        "average": 1.342753693,
        "count": 1,
        "total": 1.342753693
    },
    "InitPrediction": {
        "average": 0.00038035935666266325,
        "count": 99960,
        "total": 38.02072129199982
    },
    "Predict": {
        "average": 0.3828786523206586,
        "count": 99960,
        "total": 38272.55008597303
    },
    "RenderingDatabase": {
        "average": 7.907950110044096e-06,
        "count": 99960,
        "total": 0.7904786930000077
    },
    "RenderingProperty": {
        "average": 8.452367907162827e-06,
        "count": 99960,
        "total": 0.8448986959999962
    },
    "VSno3h": {
        "average": null,
        "count": 0,
        "total": 0.0
    },
    "comput-rank-347": {
        "average": 0.38350723637970324,
        "count": 99960,
        "total": 38335.38334851513
    },
    "recv-rank-347": {
        "average": 0.14702898170906648,
        "count": 99961,
        "total": 14697.164040619993
    },
    "send-rank-347": {
        "average": 3.0623805122049004e-06,
        "count": 99960,
        "total": 0.30611555600000184
    }
}
