{
    "At3Lu9": {
        "average": null,
        "count": 0,
        "total": 0.0
    },
    "CalculatingResidual": {
        "average": 0.00015736964433619196,
        "count": 77801,
        "total": 12.24351569900007
    },
    "CreatePrediction": {
        "average": 5.824243904320803e-07,
        "count": 77801,
        "total": 0.04531320000000628
    },
    "ErrorMPI": {
        "average": 1.35932731,
        "count": 1,
        "total": 1.35932731
    },
    "InitPrediction": {
        "average": 0.0003836557723422585,
        "count": 77801,
        "total": 29.848802744000054
    },
    "Predict": {
        "average": 0.48806617602108554,
        "count": 77801,
        "total": 37972.03656061648
    },
    "RenderingDatabase": {
        "average": 9.289951838665378e-06,
        "count": 77801,
        "total": 0.7227675430000051
    },
    "RenderingProperty": {
        "average": 8.174424197632444e-06,
        "count": 77801,
        "total": 0.6359783770000018
    },
    "comput-rank-446": {
        "average": 0.4887092201908995,
        "count": 77801,
        "total": 38022.066040072175
    },
    "recv-rank-446": {
        "average": 0.19293371463845416,
        "count": 77802,
        "total": 15010.628866301011
    },
    "send-rank-446": {
        "average": 2.88201304610477e-06,
        "count": 77801,
        "total": 0.22422349699999722
    }
}
