{
    "BNlYBl": {
        "average": null,
        "count": 0,
        "total": 0.0
    },
    "CalculatingResidual": {
        "average": 0.00014713259821411072,
        "count": 101574,
        "total": 14.944846531000081
    },
    "CreatePrediction": {
        "average": 7.149924094749254e-07,
        "count": 101574,
        "total": 0.07262463900000607
    },
    "ErrorMPI": {
        "average": 1.377208564,
        "count": 1,
        "total": 1.377208564
    },
    "InitPrediction": {
        "average": 0.00039264944639376225,
        "count": 101574,
        "total": 39.882974868000005
    },
    "Predict": {
        "average": 0.3791814540068506,
        "count": 101574,
        "total": 38514.97700929184
    },
    "RenderingDatabase": {
        "average": 6.578187744895327e-06,
        "count": 101574,
        "total": 0.6681728419999979
    },
    "RenderingProperty": {
        "average": 8.31768184771702e-06,
        "count": 101574,
        "total": 0.8448602160000085
    },
    "comput-rank-220": {
        "average": 0.37981933828637865,
        "count": 101574,
        "total": 38579.769467100625
    },
    "recv-rank-220": {
        "average": 0.14228723672662522,
        "count": 101575,
        "total": 14452.826070506955
    },
    "send-rank-220": {
        "average": 2.63240705298596e-06,
        "count": 101574,
        "total": 0.2673841139999959
    }
}
