{
    "1OxrrD": {
        "average": null,
        "count": 0,
        "total": 0.0
    },
    "CalculatingResidual": {
        "average": 0.00016057277489683877,
        "count": 76094,
        "total": 12.21862473300005
    },
    "CreatePrediction": {
        "average": 8.71419717717606e-07,
        "count": 76094,
        "total": 0.0663098120000035
    },
    "ErrorMPI": {
        "average": 1.369923739,
        "count": 1,
        "total": 1.369923739
    },
    "InitPrediction": {
        "average": 0.0004218891363445183,
        "count": 76094,
        "total": 32.10323194099978
    },
    "Predict": {
        "average": 0.5000723242211513,
        "count": 76094,
        "total": 38052.50343928429
    },
    "RenderingDatabase": {
        "average": 8.919525757615623e-06,
        "count": 76094,
        "total": 0.6787223930000033
    },
    "RenderingProperty": {
        "average": 9.043733763503045e-06,
        "count": 76094,
        "total": 0.6881738770000008
    },
    "comput-rank-320": {
        "average": 0.5007609707497698,
        "count": 76094,
        "total": 38104.905308232985
    },
    "recv-rank-320": {
        "average": 0.19617152030011206,
        "count": 76095,
        "total": 14927.671837237027
    },
    "send-rank-320": {
        "average": 3.425685704523312e-06,
        "count": 76094,
        "total": 0.2606741279999969
    }
}
