{
    "5EzYPn": {
        "average": null,
        "count": 0,
        "total": 0.0
    },
    "CalculatingResidual": {
        "average": 0.00014663390903054405,
        "count": 100902,
        "total": 14.795654688999955
    },
    "CreatePrediction": {
        "average": 4.4957231769442435e-07,
        "count": 100902,
        "total": 0.045362746000002806
    },
    "ErrorMPI": {
        "average": 1.372987371,
        "count": 1,
        "total": 1.372987371
    },
    "InitPrediction": {
        "average": 0.0003793235173831991,
        "count": 100902,
        "total": 38.27450155099955
    },
    "Predict": {
        "average": 0.3823725778770372,
        "count": 100902,
        "total": 38582.15785294881
    },
    "RenderingDatabase": {
        "average": 7.706374739846618e-06,
        "count": 100902,
        "total": 0.7775886240000035
    },
    "RenderingProperty": {
        "average": 8.395469326673394e-06,
        "count": 100902,
        "total": 0.8471196459999988
    },
    "comput-rank-44": {
        "average": 0.3829927130366057,
        "count": 100902,
        "total": 38644.73073081959
    },
    "recv-rank-44": {
        "average": 0.14259195128650243,
        "count": 100903,
        "total": 14387.955660661954
    },
    "send-rank-44": {
        "average": 1.8595755287308462e-06,
        "count": 100902,
        "total": 0.18763488999999983
    }
}
