{
    "7GmY2K": {
        "average": null,
        "count": 0,
        "total": 0.0
    },
    "CalculatingResidual": {
        "average": 0.0001513078841313293,
        "count": 86926,
        "total": 13.152589135999932
    },
    "CreatePrediction": {
        "average": 3.9944073119672127e-07,
        "count": 86926,
        "total": 0.034721785000006194
    },
    "ErrorMPI": {
        "average": 1.399424521,
        "count": 1,
        "total": 1.399424521
    },
    "InitPrediction": {
        "average": 0.0003691824868163732,
        "count": 86926,
        "total": 32.09155684900006
    },
    "Predict": {
        "average": 0.4432536005033504,
        "count": 86926,
        "total": 38530.262477354234
    },
    "RenderingDatabase": {
        "average": 8.816510848307801e-06,
        "count": 86926,
        "total": 0.766384022000004
    },
    "RenderingProperty": {
        "average": 7.635935266778615e-06,
        "count": 86926,
        "total": 0.663761308999998
    },
    "comput-rank-294": {
        "average": 0.4438715519181719,
        "count": 86926,
        "total": 38583.97852203901
    },
    "recv-rank-294": {
        "average": 0.16621697221678972,
        "count": 86927,
        "total": 14448.742743888879
    },
    "send-rank-294": {
        "average": 2.6514063111151383e-06,
        "count": 86926,
        "total": 0.23047614499999453
    }
}
