{
    "53nKNk": {
        "average": null,
        "count": 0,
        "total": 0.0
    },
    "CalculatingResidual": {
        "average": 0.00014673503264685763,
        "count": 95415,
        "total": 14.000723139999922
    },
    "CreatePrediction": {
        "average": 3.904440391972782e-07,
        "count": 95415,
        "total": 0.0372542180000083
    },
    "ErrorMPI": {
        "average": 1.374030038,
        "count": 1,
        "total": 1.374030038
    },
    "InitPrediction": {
        "average": 0.00037623129215532883,
        "count": 95415,
        "total": 35.8981087410007
    },
    "Predict": {
        "average": 0.4039107188435356,
        "count": 95415,
        "total": 38539.141238455944
    },
    "RenderingDatabase": {
        "average": 6.814078090446932e-06,
        "count": 95415,
        "total": 0.650165260999994
    },
    "RenderingProperty": {
        "average": 7.85349137976215e-06,
        "count": 95415,
        "total": 0.7493408800000055
    },
    "comput-rank-91": {
        "average": 0.4045220954328222,
        "count": 95415,
        "total": 38597.47573572273
    },
    "recv-rank-91": {
        "average": 0.1512866481180094,
        "count": 95416,
        "total": 14435.166816827985
    },
    "send-rank-91": {
        "average": 2.8289813760938713e-06,
        "count": 95415,
        "total": 0.26992725799999673
    }
}
