{
    "CalculatingResidual": {
        "average": 0.00014671115568390598,
        "count": 99034,
        "total": 14.529392591999946
    },
    "CreatePrediction": {
        "average": 4.7157653937040363e-07,
        "count": 99034,
        "total": 0.04670211100000855
    },
    "ErrorMPI": {
        "average": 1.346712863,
        "count": 1,
        "total": 1.346712863
    },
    "InitPrediction": {
        "average": 0.00037724778165074883,
        "count": 99034,
        "total": 37.36035680800026
    },
    "Predict": {
        "average": 0.38633665618018825,
        "count": 99034,
        "total": 38260.464408148764
    },
    "RenderingDatabase": {
        "average": 7.395010885150605e-06,
        "count": 99034,
        "total": 0.732357508000005
    },
    "RenderingProperty": {
        "average": 7.983329452511326e-06,
        "count": 99034,
        "total": 0.7906210490000066
    },
    "comput-rank-362": {
        "average": 0.3869514874563915,
        "count": 99034,
        "total": 38321.353608756275
    },
    "recv-rank-362": {
        "average": 0.14854663303799012,
        "count": 99035,
        "total": 14711.315802917352
    },
    "send-rank-362": {
        "average": 2.6881638427206233e-06,
        "count": 99034,
        "total": 0.2662196179999942
    },
    "xnxwOO": {
        "average": null,
        "count": 0,
        "total": 0.0
    }
}
