{
    "42ZkVe": {
        "average": null,
        "count": 0,
        "total": 0.0
    },
    "CalculatingResidual": {
        "average": 0.00014947899445806267,
        "count": 93830,
        "total": 14.02561405000002
    },
    "CreatePrediction": {
        "average": 5.407008739209266e-07,
        "count": 93830,
        "total": 0.05073396300000054
    },
    "ErrorMPI": {
        "average": 1.384607807,
        "count": 1,
        "total": 1.384607807
    },
    "InitPrediction": {
        "average": 0.0003822087114568912,
        "count": 93830,
        "total": 35.8626433960001
    },
    "Predict": {
        "average": 0.40987149680995116,
        "count": 93830,
        "total": 38458.24254567772
    },
    "RenderingDatabase": {
        "average": 8.03448269210269e-06,
        "count": 93830,
        "total": 0.7538755109999953
    },
    "RenderingProperty": {
        "average": 8.357002643078076e-06,
        "count": 93830,
        "total": 0.7841375580000159
    },
    "comput-rank-12": {
        "average": 0.41049872918135094,
        "count": 93830,
        "total": 38517.09575908616
    },
    "recv-rank-12": {
        "average": 0.15469964730463412,
        "count": 93831,
        "total": 14515.622606241124
    },
    "send-rank-12": {
        "average": 1.7828965256314583e-06,
        "count": 93830,
        "total": 0.16728918099999973
    }
}
