{
    "2qbUB9": {
        "average": null,
        "count": 0,
        "total": 0.0
    },
    "CalculatingResidual": {
        "average": 0.00014662882566036245,
        "count": 99983,
        "total": 14.660389876000018
    },
    "CreatePrediction": {
        "average": 3.8283302161377616e-07,
        "count": 99983,
        "total": 0.03827679400001018
    },
    "ErrorMPI": {
        "average": 1.43119576,
        "count": 1,
        "total": 1.43119576
    },
    "InitPrediction": {
        "average": 0.00038616227289639413,
        "count": 99983,
        "total": 38.609662531000176
    },
    "Predict": {
        "average": 0.383632168038618,
        "count": 99983,
        "total": 38356.69505700514
    },
    "RenderingDatabase": {
        "average": 6.745630137123327e-06,
        "count": 99983,
        "total": 0.6744483380000016
    },
    "RenderingProperty": {
        "average": 8.093472400308131e-06,
        "count": 99983,
        "total": 0.809209651000008
    },
    "comput-rank-426": {
        "average": 0.3842573209409368,
        "count": 99983,
        "total": 38419.19971963768
    },
    "recv-rank-426": {
        "average": 0.14615607469830164,
        "count": 99984,
        "total": 14613.26897263499
    },
    "send-rank-426": {
        "average": 2.8397583089124996e-06,
        "count": 99983,
        "total": 0.28392755499999844
    }
}
