{
    "CalculatingResidual": {
        "average": 0.000150265166416195,
        "count": 95820,
        "total": 14.398408245999805
    },
    "CreatePrediction": {
        "average": 5.254141515341325e-07,
        "count": 95820,
        "total": 0.05034518400000058
    },
    "ErrorMPI": {
        "average": 1.413218846,
        "count": 1,
        "total": 1.413218846
    },
    "InitPrediction": {
        "average": 0.0003879446084429167,
        "count": 95820,
        "total": 37.172852381000276
    },
    "Predict": {
        "average": 0.40175781830932306,
        "count": 95820,
        "total": 38496.434150399335
    },
    "RenderingDatabase": {
        "average": 7.59965346482988e-06,
        "count": 95820,
        "total": 0.7281987949999991
    },
    "RenderingProperty": {
        "average": 8.445148925067807e-06,
        "count": 95820,
        "total": 0.8092141699999972
    },
    "comput-rank-199": {
        "average": 0.40239394249696625,
        "count": 95820,
        "total": 38557.387570059305
    },
    "n6gvg0": {
        "average": null,
        "count": 0,
        "total": 0.0
    },
    "recv-rank-199": {
        "average": 0.15106509157750397,
        "count": 95821,
        "total": 14475.208140048007
    },
    "send-rank-199": {
        "average": 2.8579817261531736e-06,
        "count": 95820,
        "total": 0.2738518089999971
    }
}
