{
    "6UEwwI": {
        "average": null,
        "count": 0,
        "total": 0.0
    },
    "CalculatingResidual": {
        "average": 0.00014718846215916584,
        "count": 90220,
        "total": 13.279343055999941
    },
    "CreatePrediction": {
        "average": 5.062486920860387e-07,
        "count": 90220,
        "total": 0.04567375700000241
    },
    "ErrorMPI": {
        "average": 1.384532354,
        "count": 1,
        "total": 1.384532354
    },
    "InitPrediction": {
        "average": 0.0003841465690645117,
        "count": 90220,
        "total": 34.657703461000246
    },
    "Predict": {
        "average": 0.42178739734120835,
        "count": 90220,
        "total": 38053.65898812382
    },
    "RenderingDatabase": {
        "average": 8.01889677455119e-06,
        "count": 90220,
        "total": 0.7234648670000083
    },
    "RenderingProperty": {
        "average": 8.339455275991973e-06,
        "count": 90220,
        "total": 0.7523856549999958
    },
    "comput-rank-56": {
        "average": 0.4224148804360911,
        "count": 90220,
        "total": 38110.27051294414
    },
    "recv-rank-56": {
        "average": 0.1653990010703493,
        "count": 90221,
        "total": 14922.463275567985
    },
    "send-rank-56": {
        "average": 1.7337609842607108e-06,
        "count": 90220,
        "total": 0.15641991600000132
    }
}
