{
    "2fe3Fi": {
        "average": null,
        "count": 0,
        "total": 0.0
    },
    "CalculatingResidual": {
        "average": 0.00014568410654917656,
        "count": 93966,
        "total": 13.689352755999925
    },
    "CreatePrediction": {
        "average": 3.447702573272e-07,
        "count": 93966,
        "total": 0.03239668200000768
    },
    "ErrorMPI": {
        "average": 1.360646935,
        "count": 1,
        "total": 1.360646935
    },
    "InitPrediction": {
        "average": 0.0003665664881872188,
        "count": 93966,
        "total": 34.444786629000205
    },
    "Predict": {
        "average": 0.40345470077191453,
        "count": 93966,
        "total": 37911.02441273372
    },
    "RenderingDatabase": {
        "average": 7.866432071174787e-06,
        "count": 93966,
        "total": 0.73917715600001
    },
    "RenderingProperty": {
        "average": 7.85304414362639e-06,
        "count": 93966,
        "total": 0.7379191459999974
    },
    "comput-rank-437": {
        "average": 0.4040630312658843,
        "count": 93966,
        "total": 37968.18679593008
    },
    "recv-rank-437": {
        "average": 0.16031612967842981,
        "count": 93967,
        "total": 15064.425757493014
    },
    "send-rank-437": {
        "average": 3.0279737671072427e-06,
        "count": 93966,
        "total": 0.28452658299999917
    }
}
