{
    "CalculatingResidual": {
        "average": 0.0001571377196231699,
        "count": 77913,
        "total": 12.243071149000036
    },
    "CreatePrediction": {
        "average": 4.181330458333117e-07,
        "count": 77913,
        "total": 0.032578000000010814
    },
    "ErrorMPI": {
        "average": 1.339619021,
        "count": 1,
        "total": 1.339619021
    },
    "InitPrediction": {
        "average": 0.00037922774281570434,
        "count": 77913,
        "total": 29.54677112599997
    },
    "Predict": {
        "average": 0.49487431481164834,
        "count": 77913,
        "total": 38557.142489919956
    },
    "RenderingDatabase": {
        "average": 9.561362558238183e-06,
        "count": 77913,
        "total": 0.7449544410000115
    },
    "RenderingProperty": {
        "average": 8.354416413178838e-06,
        "count": 77913,
        "total": 0.6509176460000028
    },
    "comput-rank-336": {
        "average": 0.495509832003447,
        "count": 77913,
        "total": 38606.65754088457
    },
    "qWToiH": {
        "average": null,
        "count": 0,
        "total": 0.0
    },
    "recv-rank-336": {
        "average": 0.1851538891656709,
        "count": 77914,
        "total": 14426.080120454084
    },
    "send-rank-336": {
        "average": 3.128114011782385e-06,
        "count": 77913,
        "total": 0.243720747000001
    }
}
