{
    "0VSb2J": {
        "average": null,
        "count": 0,
        "total": 0.0
    },
    "CalculatingResidual": {
        "average": 0.00014720354552016937,
        "count": 94200,
        "total": 13.866573987999955
    },
    "CreatePrediction": {
        "average": 3.92478545647655e-07,
        "count": 94200,
        "total": 0.0369714790000091
    },
    "ErrorMPI": {
        "average": 1.365734938,
        "count": 1,
        "total": 1.365734938
    },
    "InitPrediction": {
        "average": 0.0003806503963588138,
        "count": 94200,
        "total": 35.85726733700026
    },
    "Predict": {
        "average": 0.40732130459562227,
        "count": 94200,
        "total": 38369.66689290762
    },
    "RenderingDatabase": {
        "average": 8.818061358811128e-06,
        "count": 94200,
        "total": 0.8306613800000083
    },
    "RenderingProperty": {
        "average": 8.323564469214488e-06,
        "count": 94200,
        "total": 0.7840797730000049
    },
    "comput-rank-374": {
        "average": 0.4079453544959298,
        "count": 94200,
        "total": 38428.452393516585
    },
    "recv-rank-374": {
        "average": 0.1550321977731248,
        "count": 94201,
        "total": 14604.188062426128
    },
    "send-rank-374": {
        "average": 2.9435816772823656e-06,
        "count": 94200,
        "total": 0.27728539399999885
    }
}
