{
    "0ViHzz": {
        "average": null,
        "count": 0,
        "total": 0.0
    },
    "CalculatingResidual": {
        "average": 0.00015077162717026267,
        "count": 99815,
        "total": 15.04926996599977
    },
    "CreatePrediction": {
        "average": 5.617028903472001e-07,
        "count": 99815,
        "total": 0.05606637400000578
    },
    "ErrorMPI": {
        "average": 1.346030797,
        "count": 1,
        "total": 1.346030797
    },
    "InitPrediction": {
        "average": 0.00041734181062966084,
        "count": 99815,
        "total": 41.656972827999596
    },
    "Predict": {
        "average": 0.38347741651786854,
        "count": 99815,
        "total": 38276.79832973105
    },
    "RenderingDatabase": {
        "average": 9.3148067324552e-06,
        "count": 99815,
        "total": 0.9297574340000158
    },
    "RenderingProperty": {
        "average": 1.0011554355557828e-05,
        "count": 99815,
        "total": 0.9993032980000045
    },
    "comput-rank-419": {
        "average": 0.38415931672576326,
        "count": 99815,
        "total": 38344.86219898206
    },
    "recv-rank-419": {
        "average": 0.1471432323839053,
        "count": 99816,
        "total": 14687.248883631892
    },
    "send-rank-419": {
        "average": 3.933248730150761e-06,
        "count": 99815,
        "total": 0.3925972219999982
    }
}
