{
    "32hAvy": {
        "average": null,
        "count": 0,
        "total": 0.0
    },
    "CalculatingResidual": {
        "average": 0.00014871084387198144,
        "count": 96581,
        "total": 14.362642011999839
    },
    "CreatePrediction": {
        "average": 4.05408848531327e-07,
        "count": 96581,
        "total": 0.039154792000004095
    },
    "ErrorMPI": {
        "average": 1.325484659,
        "count": 1,
        "total": 1.325484659
    },
    "InitPrediction": {
        "average": 0.0003760845468881034,
        "count": 96581,
        "total": 36.32262162299991
    },
    "Predict": {
        "average": 0.39837091539766406,
        "count": 96581,
        "total": 38475.06138002179
    },
    "RenderingDatabase": {
        "average": 8.74458352056822e-06,
        "count": 96581,
        "total": 0.8445606209999993
    },
    "RenderingProperty": {
        "average": 8.341288307223947e-06,
        "count": 96581,
        "total": 0.805609965999996
    },
    "comput-rank-75": {
        "average": 0.39899365202499654,
        "count": 96581,
        "total": 38535.20590622619
    },
    "recv-rank-75": {
        "average": 0.1501052058456235,
        "count": 96582,
        "total": 14497.460990982008
    },
    "send-rank-75": {
        "average": 2.9533907393793474e-06,
        "count": 96581,
        "total": 0.28524143099999677
    }
}
