{
    "6hJbps": {
        "average": null,
        "count": 0,
        "total": 0.0
    },
    "CalculatingResidual": {
        "average": 0.00015154389287748066,
        "count": 82541,
        "total": 12.508584462000131
    },
    "CreatePrediction": {
        "average": 7.112622090841452e-07,
        "count": 82541,
        "total": 0.05870829400001443
    },
    "ErrorMPI": {
        "average": 1.364192357,
        "count": 1,
        "total": 1.364192357
    },
    "InitPrediction": {
        "average": 0.0003742956431349287,
        "count": 82541,
        "total": 30.894736680000147
    },
    "Predict": {
        "average": 0.4604598720852012,
        "count": 82541,
        "total": 38006.818301784595
    },
    "RenderingDatabase": {
        "average": 6.999428199319205e-06,
        "count": 82541,
        "total": 0.5777398030000065
    },
    "RenderingProperty": {
        "average": 7.583371112538188e-06,
        "count": 82541,
        "total": 0.6259390350000146
    },
    "comput-rank-285": {
        "average": 0.46108030629897423,
        "count": 82541,
        "total": 38058.02956222363
    },
    "recv-rank-285": {
        "average": 0.18141914036387669,
        "count": 82542,
        "total": 14974.698683915109
    },
    "send-rank-285": {
        "average": 2.852504876364434e-06,
        "count": 82541,
        "total": 0.23544860499999673
    }
}
