{
    "CalculatingResidual": {
        "average": 0.000148128291071176,
        "count": 99498,
        "total": 14.738468704999871
    },
    "CreatePrediction": {
        "average": 4.2969149128627023e-07,
        "count": 99498,
        "total": 0.04275344400000131
    },
    "ErrorMPI": {
        "average": 1.3405587,
        "count": 1,
        "total": 1.3405587
    },
    "InitPrediction": {
        "average": 0.00037780956681541497,
        "count": 99498,
        "total": 37.59129627900016
    },
    "Predict": {
        "average": 0.38541239878726485,
        "count": 99498,
        "total": 38347.76285453528
    },
    "RenderingDatabase": {
        "average": 7.441195049146751e-06,
        "count": 99498,
        "total": 0.7403840250000034
    },
    "RenderingProperty": {
        "average": 8.205400681420823e-06,
        "count": 99498,
        "total": 0.8164209570000089
    },
    "comput-rank-418": {
        "average": 0.38603349838579504,
        "count": 99498,
        "total": 38409.56102238983
    },
    "recv-rank-418": {
        "average": 0.14696421396243134,
        "count": 99499,
        "total": 14622.792325047956
    },
    "send-rank-418": {
        "average": 2.9248798367805733e-06,
        "count": 99498,
        "total": 0.2910196939999935
    },
    "x5QkZu": {
        "average": null,
        "count": 0,
        "total": 0.0
    }
}
