{
    "3rd1wZ": {
        "average": null,
        "count": 0,
        "total": 0.0
    },
    "CalculatingResidual": {
        "average": 0.0001492977099955051,
        "count": 93402,
        "total": 13.944704709000169
    },
    "CreatePrediction": {
        "average": 6.066694610394227e-07,
        "count": 93402,
        "total": 0.056664141000004165
    },
    "ErrorMPI": {
        "average": 1.438809627,
        "count": 1,
        "total": 1.438809627
    },
    "InitPrediction": {
        "average": 0.0003888974589302159,
        "count": 93402,
        "total": 36.323800459000026
    },
    "Predict": {
        "average": 0.41273435006488113,
        "count": 93402,
        "total": 38550.213764760025
    },
    "RenderingDatabase": {
        "average": 7.90428738142654e-06,
        "count": 93402,
        "total": 0.7382762500000016
    },
    "RenderingProperty": {
        "average": 8.552934958566221e-06,
        "count": 93402,
        "total": 0.7988612310000022
    },
    "comput-rank-99": {
        "average": 0.41336936535002206,
        "count": 93402,
        "total": 38609.52546242276
    },
    "recv-rank-99": {
        "average": 0.15441716250265075,
        "count": 93403,
        "total": 14423.026229235087
    },
    "send-rank-99": {
        "average": 2.8564732018586235e-06,
        "count": 93402,
        "total": 0.26680030999999915
    }
}
