{
    "4GkMfl": {
        "average": null,
        "count": 0,
        "total": 0.0
    },
    "CalculatingResidual": {
        "average": 0.00015955442268739053,
        "count": 76818,
        "total": 12.256651641999966
    },
    "CreatePrediction": {
        "average": 5.70162110442946e-07,
        "count": 76818,
        "total": 0.04379871300000622
    },
    "ErrorMPI": {
        "average": 1.440452848,
        "count": 1,
        "total": 1.440452848
    },
    "InitPrediction": {
        "average": 0.00039390644595017123,
        "count": 76818,
        "total": 30.259105365000252
    },
    "Predict": {
        "average": 0.4947851974898358,
        "count": 76818,
        "total": 38008.409300774205
    },
    "RenderingDatabase": {
        "average": 7.908607045223828e-06,
        "count": 76818,
        "total": 0.607523376000004
    },
    "RenderingProperty": {
        "average": 8.324823583014453e-06,
        "count": 76818,
        "total": 0.6394962980000042
    },
    "comput-rank-272": {
        "average": 0.4954423183308858,
        "count": 76818,
        "total": 38058.88800954199
    },
    "recv-rank-272": {
        "average": 0.19492257477636696,
        "count": 76819,
        "total": 14973.757271745733
    },
    "send-rank-272": {
        "average": 3.028069124423952e-06,
        "count": 76818,
        "total": 0.23261021399999915
    }
}
