{
    "CalculatingResidual": {
        "average": 0.00015207006206748602,
        "count": 93350,
        "total": 14.19574029399982
    },
    "CreatePrediction": {
        "average": 3.567565077665036e-07,
        "count": 93350,
        "total": 0.03330322000000311
    },
    "ErrorMPI": {
        "average": 1.383995636,
        "count": 1,
        "total": 1.383995636
    },
    "InitPrediction": {
        "average": 0.00037995325679699983,
        "count": 93350,
        "total": 35.46863652199993
    },
    "Predict": {
        "average": 0.4128149406532531,
        "count": 93350,
        "total": 38536.274709981175
    },
    "RenderingDatabase": {
        "average": 8.71159227637934e-06,
        "count": 93350,
        "total": 0.8132271390000114
    },
    "RenderingProperty": {
        "average": 8.564089351901386e-06,
        "count": 93350,
        "total": 0.7994577409999944
    },
    "comput-rank-386": {
        "average": 0.41344678389377604,
        "count": 93350,
        "total": 38595.25727648399
    },
    "rKiVrO": {
        "average": null,
        "count": 0,
        "total": 0.0
    },
    "recv-rank-386": {
        "average": 0.1546557846401528,
        "count": 93351,
        "total": 14437.272151942905
    },
    "send-rank-386": {
        "average": 3.066097793251243e-06,
        "count": 93350,
        "total": 0.28622022900000355
    }
}
