{
    "73NmiH": {
        "average": null,
        "count": 0,
        "total": 0.0
    },
    "CalculatingResidual": {
        "average": 0.0001481561071405504,
        "count": 92878,
        "total": 13.76044291900004
    },
    "CreatePrediction": {
        "average": 4.186636770818735e-07,
        "count": 92878,
        "total": 0.038884645000010244
    },
    "ErrorMPI": {
        "average": 1.410081094,
        "count": 1,
        "total": 1.410081094
    },
    "InitPrediction": {
        "average": 0.00037445190307715297,
        "count": 92878,
        "total": 34.778343853999814
    },
    "Predict": {
        "average": 0.41462093324788296,
        "count": 92878,
        "total": 38509.16303819687
    },
    "RenderingDatabase": {
        "average": 6.867412896487888e-06,
        "count": 92878,
        "total": 0.6378315750000021
    },
    "RenderingProperty": {
        "average": 7.703273390899878e-06,
        "count": 92878,
        "total": 0.7154646259999989
    },
    "comput-rank-85": {
        "average": 0.4152337128342118,
        "count": 92878,
        "total": 38566.07678061592
    },
    "recv-rank-85": {
        "average": 0.15575681102268343,
        "count": 92879,
        "total": 14466.536850975815
    },
    "send-rank-85": {
        "average": 2.7510511100583433e-06,
        "count": 92878,
        "total": 0.2555121249999988
    }
}
