{
    "8VxmWR": {
        "average": null,
        "count": 0,
        "total": 0.0
    },
    "CalculatingResidual": {
        "average": 0.00015415856760273586,
        "count": 84538,
        "total": 13.032256988000084
    },
    "CreatePrediction": {
        "average": 7.516983486716574e-07,
        "count": 84538,
        "total": 0.06354707500000457
    },
    "ErrorMPI": {
        "average": 1.392945098,
        "count": 1,
        "total": 1.392945098
    },
    "InitPrediction": {
        "average": 0.000404810912950386,
        "count": 84538,
        "total": 34.22190495899973
    },
    "Predict": {
        "average": 0.4490449447194106,
        "count": 84538,
        "total": 37961.36153668953
    },
    "RenderingDatabase": {
        "average": 8.376043649010078e-06,
        "count": 84538,
        "total": 0.7080939780000141
    },
    "RenderingProperty": {
        "average": 8.243038787290922e-06,
        "count": 84538,
        "total": 0.6968500129999999
    },
    "comput-rank-110": {
        "average": 0.44970398324307553,
        "count": 84538,
        "total": 38017.07533540312
    },
    "recv-rank-110": {
        "average": 0.17761751800128936,
        "count": 84539,
        "total": 15015.607354311001
    },
    "send-rank-110": {
        "average": 2.8912534836404273e-06,
        "count": 84538,
        "total": 0.24442078699999445
    }
}
