{
    "CalculatingResidual": {
        "average": 0.00015144164921602576,
        "count": 92031,
        "total": 13.937326419000067
    },
    "CreatePrediction": {
        "average": 5.268091403984107e-07,
        "count": 92031,
        "total": 0.04848277200000614
    },
    "ErrorMPI": {
        "average": 1.395187055,
        "count": 1,
        "total": 1.395187055
    },
    "InitPrediction": {
        "average": 0.00038525751028457633,
        "count": 92031,
        "total": 35.455633928999845
    },
    "Predict": {
        "average": 0.4185688277926729,
        "count": 92031,
        "total": 38521.30779058748
    },
    "RenderingDatabase": {
        "average": 7.701198259282238e-06,
        "count": 92031,
        "total": 0.7087489770000036
    },
    "RenderingProperty": {
        "average": 8.626882593908506e-06,
        "count": 92031,
        "total": 0.7939406319999938
    },
    "comput-rank-200": {
        "average": 0.4192049982555326,
        "count": 92031,
        "total": 38579.85519445492
    },
    "recv-rank-200": {
        "average": 0.1570401341531197,
        "count": 92032,
        "total": 14452.717626379912
    },
    "send-rank-200": {
        "average": 2.9815473590420684e-06,
        "count": 92031,
        "total": 0.2743947850000006
    },
    "xSfWdc": {
        "average": null,
        "count": 0,
        "total": 0.0
    }
}
