{
    "8SXJ2Z": {
        "average": null,
        "count": 0,
        "total": 0.0
    },
    "CalculatingResidual": {
        "average": 0.00014817685801299052,
        "count": 93910,
        "total": 13.91528873599994
    },
    "CreatePrediction": {
        "average": 5.335969119369782e-07,
        "count": 93910,
        "total": 0.05011008600000162
    },
    "ErrorMPI": {
        "average": 1.372990129,
        "count": 1,
        "total": 1.372990129
    },
    "InitPrediction": {
        "average": 0.0003885826447556197,
        "count": 93910,
        "total": 36.491796169000246
    },
    "Predict": {
        "average": 0.40391436265832315,
        "count": 93910,
        "total": 37931.59779724313
    },
    "RenderingDatabase": {
        "average": 7.694552135023e-06,
        "count": 93910,
        "total": 0.7225953910000098
    },
    "RenderingProperty": {
        "average": 8.504651410925491e-06,
        "count": 93910,
        "total": 0.7986718140000129
    },
    "comput-rank-404": {
        "average": 0.4045508567425939,
        "count": 93910,
        "total": 37991.37095669699
    },
    "recv-rank-404": {
        "average": 0.16016465403500277,
        "count": 93911,
        "total": 15041.222825081146
    },
    "send-rank-404": {
        "average": 2.900543584282795e-06,
        "count": 93910,
        "total": 0.2723900479999973
    }
}
