{
    "0kyOUe": {
        "average": null,
        "count": 0,
        "total": 0.0
    },
    "CalculatingResidual": {
        "average": 0.0001547764651130702,
        "count": 86981,
        "total": 13.46261171199996
    },
    "CreatePrediction": {
        "average": 2.724392338556198e-07,
        "count": 86981,
        "total": 0.023697036999995664
    },
    "ErrorMPI": {
        "average": 1.333956184,
        "count": 1,
        "total": 1.333956184
    },
    "InitPrediction": {
        "average": 0.00033144394242420487,
        "count": 86981,
        "total": 28.829325555999763
    },
    "Predict": {
        "average": 0.4415219536727329,
        "count": 86981,
        "total": 38404.02105240798
    },
    "RenderingDatabase": {
        "average": 6.0251556201930954e-06,
        "count": 86981,
        "total": 0.5240740610000156
    },
    "RenderingProperty": {
        "average": 6.607145066163875e-06,
        "count": 86981,
        "total": 0.574696085
    },
    "comput-rank-326": {
        "average": 0.44209001167336187,
        "count": 86981,
        "total": 38453.43130536069
    },
    "recv-rank-326": {
        "average": 0.16761256431504434,
        "count": 86982,
        "total": 14579.276069251187
    },
    "send-rank-326": {
        "average": 3.333171784642619e-06,
        "count": 86981,
        "total": 0.28992261499999966
    }
}
