{
    "4rzXNG": {
        "average": null,
        "count": 0,
        "total": 0.0
    },
    "CalculatingResidual": {
        "average": 0.00014558788211145525,
        "count": 91103,
        "total": 13.263492823999908
    },
    "CreatePrediction": {
        "average": 3.2588766560942037e-07,
        "count": 91103,
        "total": 0.029689344000015026
    },
    "ErrorMPI": {
        "average": 1.336209851,
        "count": 1,
        "total": 1.336209851
    },
    "InitPrediction": {
        "average": 0.00036784459279057654,
        "count": 91103,
        "total": 33.511745936999894
    },
    "Predict": {
        "average": 0.41560240235824875,
        "count": 91103,
        "total": 37862.62566204354
    },
    "RenderingDatabase": {
        "average": 8.01700638837365e-06,
        "count": 91103,
        "total": 0.7303733330000047
    },
    "RenderingProperty": {
        "average": 7.622487195811403e-06,
        "count": 91103,
        "total": 0.6944314510000063
    },
    "comput-rank-309": {
        "average": 0.4162104961850425,
        "count": 91103,
        "total": 37918.02483394593
    },
    "recv-rank-309": {
        "average": 0.16590622039191508,
        "count": 91104,
        "total": 15114.720302585032
    },
    "send-rank-309": {
        "average": 2.732407055750063e-06,
        "count": 91103,
        "total": 0.248930479999998
    }
}
