{
    "2xQF4S": {
        "average": null,
        "count": 0,
        "total": 0.0
    },
    "CalculatingResidual": {
        "average": 0.0001559032182996191,
        "count": 78406,
        "total": 12.223747733999934
    },
    "CreatePrediction": {
        "average": 5.329890059435101e-07,
        "count": 78406,
        "total": 0.04178953600000685
    },
    "ErrorMPI": {
        "average": 1.346253424,
        "count": 1,
        "total": 1.346253424
    },
    "InitPrediction": {
        "average": 0.0003922013552151608,
        "count": 78406,
        "total": 30.750939456999895
    },
    "Predict": {
        "average": 0.48851343231049504,
        "count": 78406,
        "total": 38302.384173736675
    },
    "RenderingDatabase": {
        "average": 8.978976315588107e-06,
        "count": 78406,
        "total": 0.7040056170000011
    },
    "RenderingProperty": {
        "average": 7.813794582047267e-06,
        "count": 78406,
        "total": 0.612648377999998
    },
    "comput-rank-107": {
        "average": 0.48915692842249264,
        "count": 78406,
        "total": 38352.83812989396
    },
    "recv-rank-107": {
        "average": 0.18722748848155046,
        "count": 78407,
        "total": 14679.945689372928
    },
    "send-rank-107": {
        "average": 3.017455092722512e-06,
        "count": 78406,
        "total": 0.23658658400000127
    }
}
