{
    "82JmvB": {
        "average": null,
        "count": 0,
        "total": 0.0
    },
    "CalculatingResidual": {
        "average": 0.00015880956621878488,
        "count": 79411,
        "total": 12.611226462999927
    },
    "CreatePrediction": {
        "average": 6.915451133974199e-07,
        "count": 79411,
        "total": 0.05491628900000252
    },
    "ErrorMPI": {
        "average": 1.382448165,
        "count": 1,
        "total": 1.382448165
    },
    "InitPrediction": {
        "average": 0.00040348433976401354,
        "count": 79411,
        "total": 32.04109490500008
    },
    "Predict": {
        "average": 0.47869558316630545,
        "count": 79411,
        "total": 38013.69495481948
    },
    "RenderingDatabase": {
        "average": 7.871361373109598e-06,
        "count": 79411,
        "total": 0.6250726780000063
    },
    "RenderingProperty": {
        "average": 8.490053871629915e-06,
        "count": 79411,
        "total": 0.6742036680000032
    },
    "comput-rank-103": {
        "average": 0.47935407522539986,
        "count": 79411,
        "total": 38065.98646772423
    },
    "recv-rank-103": {
        "average": 0.1884693611766228,
        "count": 79412,
        "total": 14966.72890975797
    },
    "send-rank-103": {
        "average": 3.101474229011088e-06,
        "count": 79411,
        "total": 0.2462911699999995
    }
}
