{
    "CalculatingResidual": {
        "average": 0.00015224804937465108,
        "count": 10714,
        "total": 1.6311856010000116
    },
    "CreatePrediction": {
        "average": 2.578488893037156e-07,
        "count": 10714,
        "total": 0.002762593000000009
    },
    "ErrorMPI": {
        "average": 3.346749713,
        "count": 1,
        "total": 3.346749713
    },
    "InitPrediction": {
        "average": 0.0004605994403584108,
        "count": 10714,
        "total": 4.934862404000013
    },
    "Predict": {
        "average": 0.7054577873091308,
        "count": 10714,
        "total": 7558.274733230027
    },
    "RenderingDatabase": {
        "average": 9.878176031360904e-06,
        "count": 10714,
        "total": 0.10583477800000073
    },
    "RenderingProperty": {
        "average": 6.935417677804743e-06,
        "count": 10714,
        "total": 0.07430606500000002
    },
    "comput-rank-39": {
        "average": 0.7062033113298477,
        "count": 10714,
        "total": 7566.262277587988
    },
    "oDqfoU": {
        "average": null,
        "count": 0,
        "total": 0.0
    },
    "recv-rank-39": {
        "average": 0.12972825138936056,
        "count": 10715,
        "total": 1390.0382136369983
    },
    "send-rank-39": {
        "average": 1.9882942878476867e-06,
        "count": 10714,
        "total": 0.021302585000000117
    }
}
