{
    "8kZyjT": {
        "average": null,
        "count": 0,
        "total": 0.0
    },
    "CalculatingResidual": {
        "average": 0.00015166319817813776,
        "count": 9880,
        "total": 1.4984323980000012
    },
    "CreatePrediction": {
        "average": 2.647312753036446e-07,
        "count": 9880,
        "total": 0.002615545000000009
    },
    "ErrorMPI": {
        "average": 3.511703881,
        "count": 1,
        "total": 3.511703881
    },
    "InitPrediction": {
        "average": 0.0004808456252024269,
        "count": 9880,
        "total": 4.750754776999978
    },
    "Predict": {
        "average": 0.7624190234300601,
        "count": 9880,
        "total": 7532.699951488994
    },
    "RenderingDatabase": {
        "average": 9.506339979757099e-06,
        "count": 9880,
        "total": 0.09392263900000013
    },
    "RenderingProperty": {
        "average": 6.490822874493906e-06,
        "count": 9880,
        "total": 0.06412932999999979
    },
    "comput-rank-230": {
        "average": 0.763177478081884,
        "count": 9880,
        "total": 7540.193483449014
    },
    "recv-rank-230": {
        "average": 0.1433044813331652,
        "count": 9881,
        "total": 1415.9915800530052
    },
    "send-rank-230": {
        "average": 2.7409727732793645e-06,
        "count": 9880,
        "total": 0.02708081100000012
    }
}
