{
    "CalculatingResidual": {
        "average": 0.00014937122676791662,
        "count": 10535,
        "total": 1.5736258740000018
    },
    "CreatePrediction": {
        "average": 2.7805420028476466e-07,
        "count": 10535,
        "total": 0.0029293009999999957
    },
    "ErrorMPI": {
        "average": 3.473713558,
        "count": 1,
        "total": 3.473713558
    },
    "InitPrediction": {
        "average": 0.00045887591181775013,
        "count": 10535,
        "total": 4.8342577309999974
    },
    "Predict": {
        "average": 0.7151172972201234,
        "count": 10535,
        "total": 7533.760726214
    },
    "RenderingDatabase": {
        "average": 9.742170289511227e-06,
        "count": 10535,
        "total": 0.10263376400000078
    },
    "RenderingProperty": {
        "average": 6.810258471760812e-06,
        "count": 10535,
        "total": 0.07174607300000016
    },
    "comput-rank-212": {
        "average": 0.7158560380257241,
        "count": 10535,
        "total": 7541.543360601003
    },
    "recv-rank-212": {
        "average": 0.1342694176024118,
        "count": 10536,
        "total": 1414.6625838590107
    },
    "send-rank-212": {
        "average": 3.1223918367346884e-06,
        "count": 10535,
        "total": 0.03289439799999994
    },
    "zhtUyw": {
        "average": null,
        "count": 0,
        "total": 0.0
    }
}
