{
    "CalculatingResidual": {
        "average": 0.00015505165423457715,
        "count": 10001,
        "total": 1.550671594000006
    },
    "CreatePrediction": {
        "average": 2.724823517648198e-07,
        "count": 10001,
        "total": 0.002725095999999963
    },
    "ErrorMPI": {
        "average": 3.496814383,
        "count": 1,
        "total": 3.496814383
    },
    "InitPrediction": {
        "average": 0.0004741362706729326,
        "count": 10001,
        "total": 4.741836842999999
    },
    "Predict": {
        "average": 0.7552121709398046,
        "count": 10001,
        "total": 7552.876921568986
    },
    "RenderingDatabase": {
        "average": 9.850636136386415e-06,
        "count": 10001,
        "total": 0.09851621200000053
    },
    "RenderingProperty": {
        "average": 6.944572642735731e-06,
        "count": 10001,
        "total": 0.06945267100000005
    },
    "comput-rank-178": {
        "average": 0.7559727183187686,
        "count": 10001,
        "total": 7560.483155906005
    },
    "flsRYs": {
        "average": null,
        "count": 0,
        "total": 0.0
    },
    "recv-rank-178": {
        "average": 0.13954162178094393,
        "count": 10002,
        "total": 1395.695301053001
    },
    "send-rank-178": {
        "average": 2.9160942905709364e-06,
        "count": 10001,
        "total": 0.029163858999999934
    }
}
