{
    "CalculatingResidual": {
        "average": 0.0001508302928530478,
        "count": 10466,
        "total": 1.5785898449999982
    },
    "CreatePrediction": {
        "average": 2.8669252818650717e-07,
        "count": 10466,
        "total": 0.003000523999999984
    },
    "ErrorMPI": {
        "average": 3.457384722,
        "count": 1,
        "total": 3.457384722
    },
    "InitPrediction": {
        "average": 0.0004619216647238676,
        "count": 10466,
        "total": 4.834472142999998
    },
    "Predict": {
        "average": 0.7214482283451166,
        "count": 10466,
        "total": 7550.67715785999
    },
    "RenderingDatabase": {
        "average": 1.0349559334989528e-05,
        "count": 10466,
        "total": 0.10831848800000039
    },
    "RenderingProperty": {
        "average": 6.740316739919766e-06,
        "count": 10466,
        "total": 0.07054415500000027
    },
    "comput-rank-28": {
        "average": 0.7221943230587627,
        "count": 10466,
        "total": 7558.485785133011
    },
    "cwLV8W": {
        "average": null,
        "count": 0,
        "total": 0.0
    },
    "recv-rank-28": {
        "average": 0.1335341935130407,
        "count": 10467,
        "total": 1397.702403500997
    },
    "send-rank-28": {
        "average": 1.8094320657366685e-06,
        "count": 10466,
        "total": 0.018937515999999974
    }
}
