{
    "7ak8s2": {
        "average": null,
        "count": 0,
        "total": 0.0
    },
    "CalculatingResidual": {
        "average": 0.00015641188037286355,
        "count": 9655,
        "total": 1.5101567049999975
    },
    "CreatePrediction": {
        "average": 2.6756903158984615e-07,
        "count": 9655,
        "total": 0.0025833789999999647
    },
    "ErrorMPI": {
        "average": 3.471809606,
        "count": 1,
        "total": 3.471809606
    },
    "InitPrediction": {
        "average": 0.0004902849872604882,
        "count": 9655,
        "total": 4.733701552000014
    },
    "Predict": {
        "average": 0.7841012793054398,
        "count": 9655,
        "total": 7570.497851694022
    },
    "RenderingDatabase": {
        "average": 9.907518694976756e-06,
        "count": 9655,
        "total": 0.09565709300000058
    },
    "RenderingProperty": {
        "average": 6.983448058001028e-06,
        "count": 9655,
        "total": 0.06742519099999993
    },
    "comput-rank-4": {
        "average": 0.7848848763865361,
        "count": 9655,
        "total": 7578.063481512007
    },
    "recv-rank-4": {
        "average": 0.14272233251014899,
        "count": 9656,
        "total": 1378.1268427179987
    },
    "send-rank-4": {
        "average": 1.3903108234075506e-06,
        "count": 9655,
        "total": 0.0134234509999999
    }
}
