{
    "CalculatingResidual": {
        "average": 0.00015197218242202573,
        "count": 10388,
        "total": 1.5786870310000032
    },
    "CreatePrediction": {
        "average": 2.46956680785517e-07,
        "count": 10388,
        "total": 0.0025653859999999504
    },
    "ErrorMPI": {
        "average": 3.595222911,
        "count": 1,
        "total": 3.595222911
    },
    "InitPrediction": {
        "average": 0.0004614802723334625,
        "count": 10388,
        "total": 4.793857069000008
    },
    "Predict": {
        "average": 0.7256832805816351,
        "count": 10388,
        "total": 7538.397918682025
    },
    "RenderingDatabase": {
        "average": 9.549654601463222e-06,
        "count": 10388,
        "total": 0.09920181199999996
    },
    "RenderingProperty": {
        "average": 6.300781093569502e-06,
        "count": 10388,
        "total": 0.06545251399999999
    },
    "comput-rank-297": {
        "average": 0.7264230040883719,
        "count": 10388,
        "total": 7546.082166470008
    },
    "recv-rank-297": {
        "average": 0.13572415835383628,
        "count": 10389,
        "total": 1410.038281138005
    },
    "rx0qGG": {
        "average": null,
        "count": 0,
        "total": 0.0
    },
    "send-rank-297": {
        "average": 2.509373026569111e-06,
        "count": 10388,
        "total": 0.026067366999999928
    }
}
