{
    "8TU1Gd": {
        "average": null,
        "count": 0,
        "total": 0.0
    },
    "CalculatingResidual": {
        "average": 0.0001555470756959968,
        "count": 9842,
        "total": 1.5308943190000004
    },
    "CreatePrediction": {
        "average": 2.5316978256451743e-07,
        "count": 9842,
        "total": 0.0024916969999999807
    },
    "ErrorMPI": {
        "average": 3.517911175,
        "count": 1,
        "total": 3.517911175
    },
    "InitPrediction": {
        "average": 0.0004803728186344249,
        "count": 9842,
        "total": 4.72782928100001
    },
    "Predict": {
        "average": 0.7660292018304188,
        "count": 9842,
        "total": 7539.259404414982
    },
    "RenderingDatabase": {
        "average": 1.002392267831743e-05,
        "count": 9842,
        "total": 0.09865544700000013
    },
    "RenderingProperty": {
        "average": 6.440041353383491e-06,
        "count": 9842,
        "total": 0.06338288700000032
    },
    "comput-rank-92": {
        "average": 0.766794501885898,
        "count": 9842,
        "total": 7546.791487561009
    },
    "recv-rank-92": {
        "average": 0.14318866482921883,
        "count": 9843,
        "total": 1409.4060279140008
    },
    "send-rank-92": {
        "average": 2.4682714895346387e-06,
        "count": 9842,
        "total": 0.024292727999999913
    }
}
