{
    "9xyuG0": {
        "average": null,
        "count": 0,
        "total": 0.0
    },
    "CalculatingResidual": {
        "average": 0.0001523123650004685,
        "count": 10663,
        "total": 1.6241067479999958
    },
    "CreatePrediction": {
        "average": 2.755230235393421e-07,
        "count": 10663,
        "total": 0.002937902000000005
    },
    "ErrorMPI": {
        "average": 3.522099024,
        "count": 1,
        "total": 3.522099024
    },
    "InitPrediction": {
        "average": 0.0004577733947294361,
        "count": 10663,
        "total": 4.881237707999977
    },
    "Predict": {
        "average": 0.7075249109536718,
        "count": 10663,
        "total": 7544.338125499002
    },
    "RenderingDatabase": {
        "average": 1.0004335271499627e-05,
        "count": 10663,
        "total": 0.10667622700000053
    },
    "RenderingProperty": {
        "average": 6.799560067523202e-06,
        "count": 10663,
        "total": 0.0725037089999999
    },
    "comput-rank-9": {
        "average": 0.7082679135913018,
        "count": 10663,
        "total": 7552.2607626240515
    },
    "recv-rank-9": {
        "average": 0.13164523808598996,
        "count": 10664,
        "total": 1403.864818948997
    },
    "send-rank-9": {
        "average": 1.960045296820784e-06,
        "count": 10663,
        "total": 0.02089996300000002
    }
}
