{
    "0YfeeL": {
        "average": null,
        "count": 0,
        "total": 0.0
    },
    "CalculatingResidual": {
        "average": 0.00015075090901360528,
        "count": 10584,
        "total": 1.5955476209999981
    },
    "CreatePrediction": {
        "average": 2.5446428571428467e-07,
        "count": 10584,
        "total": 0.002693249999999989
    },
    "ErrorMPI": {
        "average": 3.461245232,
        "count": 1,
        "total": 3.461245232
    },
    "InitPrediction": {
        "average": 0.00045547505309901623,
        "count": 10584,
        "total": 4.820747961999988
    },
    "Predict": {
        "average": 0.7103627615216364,
        "count": 10584,
        "total": 7518.479467945
    },
    "RenderingDatabase": {
        "average": 9.42395030234321e-06,
        "count": 10584,
        "total": 0.09974309000000053
    },
    "RenderingProperty": {
        "average": 6.399562830687824e-06,
        "count": 10584,
        "total": 0.06773297299999993
    },
    "comput-rank-302": {
        "average": 0.7110943888773602,
        "count": 10584,
        "total": 7526.22301187798
    },
    "recv-rank-302": {
        "average": 0.13509948201757185,
        "count": 10585,
        "total": 1430.028017155998
    },
    "send-rank-302": {
        "average": 2.7460239040060473e-06,
        "count": 10584,
        "total": 0.029063917000000005
    }
}
