{
    "5ZHeY3": {
        "average": null,
        "count": 0,
        "total": 0.0
    },
    "CalculatingResidual": {
        "average": 0.00015190536320045084,
        "count": 10636,
        "total": 1.615665442999995
    },
    "CreatePrediction": {
        "average": 2.638414817600557e-07,
        "count": 10636,
        "total": 0.002806217999999953
    },
    "ErrorMPI": {
        "average": 3.449233693,
        "count": 1,
        "total": 3.449233693
    },
    "InitPrediction": {
        "average": 0.00046021190231289923,
        "count": 10636,
        "total": 4.894813792999996
    },
    "Predict": {
        "average": 0.7103550882715298,
        "count": 10636,
        "total": 7555.336718855991
    },
    "RenderingDatabase": {
        "average": 9.906298608499431e-06,
        "count": 10636,
        "total": 0.10536339199999994
    },
    "RenderingProperty": {
        "average": 6.649168766453561e-06,
        "count": 10636,
        "total": 0.07072055900000007
    },
    "comput-rank-60": {
        "average": 0.7110974654674667,
        "count": 10636,
        "total": 7563.232642711975
    },
    "recv-rank-60": {
        "average": 0.13095501934793605,
        "count": 10637,
        "total": 1392.9685408039957
    },
    "send-rank-60": {
        "average": 1.7595202143663095e-06,
        "count": 10636,
        "total": 0.018714257000000067
    }
}
