{
    "1I7rsD": {
        "average": null,
        "count": 0,
        "total": 0.0
    },
    "CalculatingResidual": {
        "average": 0.0001519472601549217,
        "count": 10586,
        "total": 1.6085136960000013
    },
    "CreatePrediction": {
        "average": 2.9444001511429596e-07,
        "count": 10586,
        "total": 0.0031169419999999373
    },
    "ErrorMPI": {
        "average": 3.4855131,
        "count": 1,
        "total": 3.4855131
    },
    "InitPrediction": {
        "average": 0.0004566229071415092,
        "count": 10586,
        "total": 4.8338100950000165
    },
    "Predict": {
        "average": 0.7140358970841703,
        "count": 10586,
        "total": 7558.7840065330265
    },
    "RenderingDatabase": {
        "average": 1.00189793122993e-05,
        "count": 10586,
        "total": 0.1060609150000004
    },
    "RenderingProperty": {
        "average": 7.031088040808567e-06,
        "count": 10586,
        "total": 0.07443109799999949
    },
    "comput-rank-58": {
        "average": 0.7147764556244066,
        "count": 10586,
        "total": 7566.623559239968
    },
    "recv-rank-58": {
        "average": 0.13124878110834107,
        "count": 10587,
        "total": 1389.530845594007
    },
    "send-rank-58": {
        "average": 1.9262542981296135e-06,
        "count": 10586,
        "total": 0.020391328000000087
    }
}
