{
    "4ZkcGn": {
        "average": null,
        "count": 0,
        "total": 0.0
    },
    "CalculatingResidual": {
        "average": 0.00015686246436804696,
        "count": 9977,
        "total": 1.5650168070000046
    },
    "CreatePrediction": {
        "average": 3.084053322641972e-07,
        "count": 9977,
        "total": 0.0030769599999998956
    },
    "ErrorMPI": {
        "average": 3.566179137,
        "count": 1,
        "total": 3.566179137
    },
    "InitPrediction": {
        "average": 0.0004818512720256584,
        "count": 9977,
        "total": 4.807430140999994
    },
    "Predict": {
        "average": 0.7551948952683166,
        "count": 9977,
        "total": 7534.579470091995
    },
    "RenderingDatabase": {
        "average": 9.744362533827841e-06,
        "count": 9977,
        "total": 0.09721950500000037
    },
    "RenderingProperty": {
        "average": 7.12766773579234e-06,
        "count": 9977,
        "total": 0.07111274100000017
    },
    "comput-rank-221": {
        "average": 0.7559692696015843,
        "count": 9977,
        "total": 7542.305402815006
    },
    "recv-rank-221": {
        "average": 0.141685640728503,
        "count": 9978,
        "total": 1413.739323189003
    },
    "send-rank-221": {
        "average": 3.194560789816573e-06,
        "count": 9977,
        "total": 0.03187213299999995
    }
}
