{
    "5vjp1x": {
        "average": null,
        "count": 0,
        "total": 0.0
    },
    "CalculatingResidual": {
        "average": 0.0001532307387775054,
        "count": 10225,
        "total": 1.5667843039999927
    },
    "CreatePrediction": {
        "average": 2.86538288508564e-07,
        "count": 10225,
        "total": 0.0029298540000000668
    },
    "ErrorMPI": {
        "average": 3.512237762,
        "count": 1,
        "total": 3.512237762
    },
    "InitPrediction": {
        "average": 0.00046713868801956073,
        "count": 10225,
        "total": 4.776493085000008
    },
    "Predict": {
        "average": 0.7384159996608307,
        "count": 10225,
        "total": 7550.303596531994
    },
    "RenderingDatabase": {
        "average": 9.966030415647957e-06,
        "count": 10225,
        "total": 0.10190266100000037
    },
    "RenderingProperty": {
        "average": 7.114248312958449e-06,
        "count": 10225,
        "total": 0.07274318900000014
    },
    "comput-rank-55": {
        "average": 0.7391706784255259,
        "count": 10225,
        "total": 7558.020186901002
    },
    "recv-rank-55": {
        "average": 0.13672103913319078,
        "count": 10226,
        "total": 1398.1093461760088
    },
    "send-rank-55": {
        "average": 2.1082473349633263e-06,
        "count": 10225,
        "total": 0.021556829000000013
    }
}
