{
    "7Pw7CK": {
        "average": null,
        "count": 0,
        "total": 0.0
    },
    "CalculatingResidual": {
        "average": 0.00015078169407496995,
        "count": 10751,
        "total": 1.6210539930000019
    },
    "CreatePrediction": {
        "average": 2.6822853688029646e-07,
        "count": 10751,
        "total": 0.002883725000000067
    },
    "ErrorMPI": {
        "average": 3.505147888,
        "count": 1,
        "total": 3.505147888
    },
    "InitPrediction": {
        "average": 0.0004576513402474176,
        "count": 10751,
        "total": 4.920209558999987
    },
    "Predict": {
        "average": 0.7019903714664693,
        "count": 10751,
        "total": 7547.098483636011
    },
    "RenderingDatabase": {
        "average": 9.435409915356772e-06,
        "count": 10751,
        "total": 0.10144009200000065
    },
    "RenderingProperty": {
        "average": 6.358768300623175e-06,
        "count": 10751,
        "total": 0.06836311799999975
    },
    "comput-rank-291": {
        "average": 0.7027237041326351,
        "count": 10751,
        "total": 7554.98254312996
    },
    "recv-rank-291": {
        "average": 0.13032234768498932,
        "count": 10752,
        "total": 1401.225882309005
    },
    "send-rank-291": {
        "average": 2.4150780392521664e-06,
        "count": 10751,
        "total": 0.02596450400000004
    }
}
