{
    "CalculatingResidual": {
        "average": 0.00015999925319664895,
        "count": 9072,
        "total": 1.4515132249999991
    },
    "CreatePrediction": {
        "average": 3.031762566137527e-07,
        "count": 9072,
        "total": 0.0027504149999999644
    },
    "ErrorMPI": {
        "average": 3.540628757,
        "count": 1,
        "total": 3.540628757
    },
    "InitPrediction": {
        "average": 0.0004895133858024691,
        "count": 9072,
        "total": 4.440865435999999
    },
    "Predict": {
        "average": 0.8310353804120354,
        "count": 9072,
        "total": 7539.152971097985
    },
    "RenderingDatabase": {
        "average": 1.0223599206349237e-05,
        "count": 9072,
        "total": 0.09274849200000028
    },
    "RenderingProperty": {
        "average": 7.863558641975328e-06,
        "count": 9072,
        "total": 0.07133820400000017
    },
    "comput-rank-129": {
        "average": 0.8318316752592596,
        "count": 9072,
        "total": 7546.376957952003
    },
    "g4Tosb": {
        "average": null,
        "count": 0,
        "total": 0.0
    },
    "recv-rank-129": {
        "average": 0.155378440981704,
        "count": 9073,
        "total": 1409.7485950270004
    },
    "send-rank-129": {
        "average": 3.5521095679012434e-06,
        "count": 9072,
        "total": 0.03222473800000008
    }
}
