{
    "4GnLmv": {
        "average": null,
        "count": 0,
        "total": 0.0
    },
    "CalculatingResidual": {
        "average": 0.00015450288418444264,
        "count": 9282,
        "total": 1.4340957709999966
    },
    "CreatePrediction": {
        "average": 2.8464705882353754e-07,
        "count": 9282,
        "total": 0.0026420940000000757
    },
    "ErrorMPI": {
        "average": 3.405667117,
        "count": 1,
        "total": 3.405667117
    },
    "InitPrediction": {
        "average": 0.0004820024741435014,
        "count": 9282,
        "total": 4.47394696499998
    },
    "Predict": {
        "average": 0.810969798140487,
        "count": 9282,
        "total": 7527.42166634
    },
    "RenderingDatabase": {
        "average": 9.94850743374277e-06,
        "count": 9282,
        "total": 0.0923420460000004
    },
    "RenderingProperty": {
        "average": 6.7181005171299156e-06,
        "count": 9282,
        "total": 0.06235740899999988
    },
    "comput-rank-268": {
        "average": 0.8117421924719896,
        "count": 9282,
        "total": 7534.591030525008
    },
    "recv-rank-268": {
        "average": 0.15315287678369127,
        "count": 9283,
        "total": 1421.718155183006
    },
    "send-rank-268": {
        "average": 2.9638675931911154e-06,
        "count": 9282,
        "total": 0.027510618999999934
    }
}
