{
    "CalculatingResidual": {
        "average": 0.0001551488752451946,
        "count": 10196,
        "total": 1.5818979320000042
    },
    "CreatePrediction": {
        "average": 2.729490976853693e-07,
        "count": 10196,
        "total": 0.0027829890000000256
    },
    "ErrorMPI": {
        "average": 3.513441865,
        "count": 1,
        "total": 3.513441865
    },
    "InitPrediction": {
        "average": 0.00046682205629658516,
        "count": 10196,
        "total": 4.759717685999982
    },
    "Predict": {
        "average": 0.7396420739520418,
        "count": 10196,
        "total": 7541.390586015019
    },
    "RenderingDatabase": {
        "average": 9.872114456649688e-06,
        "count": 10196,
        "total": 0.10065607900000023
    },
    "RenderingProperty": {
        "average": 7.1429214397802836e-06,
        "count": 10196,
        "total": 0.07282922699999977
    },
    "comput-rank-185": {
        "average": 0.7403941088157092,
        "count": 10196,
        "total": 7549.058333484971
    },
    "recv-rank-185": {
        "average": 0.13799137988241653,
        "count": 10197,
        "total": 1407.0981006610014
    },
    "send-rank-185": {
        "average": 3.0902876618281554e-06,
        "count": 10196,
        "total": 0.03150857299999987
    },
    "zjZOh9": {
        "average": null,
        "count": 0,
        "total": 0.0
    }
}
