{
    "CalculatingResidual": {
        "average": 0.0001521226459283702,
        "count": 10303,
        "total": 1.5673196209999982
    },
    "CreatePrediction": {
        "average": 2.8986285547898253e-07,
        "count": 10303,
        "total": 0.002986456999999957
    },
    "ErrorMPI": {
        "average": 3.524201999,
        "count": 1,
        "total": 3.524201999
    },
    "InitPrediction": {
        "average": 0.00046671627438610395,
        "count": 10303,
        "total": 4.808577775000029
    },
    "Predict": {
        "average": 0.7338659738878943,
        "count": 10303,
        "total": 7561.021128966975
    },
    "RenderingDatabase": {
        "average": 9.977068911967459e-06,
        "count": 10303,
        "total": 0.10279374100000073
    },
    "RenderingProperty": {
        "average": 6.827524022129445e-06,
        "count": 10303,
        "total": 0.07034397999999967
    },
    "comput-rank-156": {
        "average": 0.7346160208522761,
        "count": 10303,
        "total": 7568.748862841
    },
    "kq5f1a": {
        "average": null,
        "count": 0,
        "total": 0.0
    },
    "recv-rank-156": {
        "average": 0.13464639986878926,
        "count": 10304,
        "total": 1387.3965042480045
    },
    "send-rank-156": {
        "average": 2.9292717655051925e-06,
        "count": 10303,
        "total": 0.030180287
    }
}
