{
    "CUeT23": {
        "average": null,
        "count": 0,
        "total": 0.0
    },
    "CalculatingResidual": {
        "average": 0.00014978175014332127,
        "count": 10466,
        "total": 1.5676157970000004
    },
    "CreatePrediction": {
        "average": 2.8491324288171554e-07,
        "count": 10466,
        "total": 0.002981902000000035
    },
    "ErrorMPI": {
        "average": 3.526436312,
        "count": 1,
        "total": 3.526436312
    },
    "InitPrediction": {
        "average": 0.0004568695613414883,
        "count": 10466,
        "total": 4.781596829000017
    },
    "Predict": {
        "average": 0.7184417377338084,
        "count": 10466,
        "total": 7519.2112271220385
    },
    "RenderingDatabase": {
        "average": 9.560696541181046e-06,
        "count": 10466,
        "total": 0.10006225000000082
    },
    "RenderingProperty": {
        "average": 6.590937225300966e-06,
        "count": 10466,
        "total": 0.06898074899999991
    },
    "comput-rank-304": {
        "average": 0.7191766511588006,
        "count": 10466,
        "total": 7526.902831028007
    },
    "recv-rank-304": {
        "average": 0.13655064434795036,
        "count": 10467,
        "total": 1429.2755943899965
    },
    "send-rank-304": {
        "average": 2.9740311484807998e-06,
        "count": 10466,
        "total": 0.03112621000000005
    }
}
