{
    "C3ZWdn": {
        "average": null,
        "count": 0,
        "total": 0.0
    },
    "CalculatingResidual": {
        "average": 0.00015229378411187709,
        "count": 10297,
        "total": 1.5681690949999982
    },
    "CreatePrediction": {
        "average": 2.619282315237477e-07,
        "count": 10297,
        "total": 0.00269707500000003
    },
    "ErrorMPI": {
        "average": 3.52942152,
        "count": 1,
        "total": 3.52942152
    },
    "InitPrediction": {
        "average": 0.000465937893172769,
        "count": 10297,
        "total": 4.7977624860000025
    },
    "Predict": {
        "average": 0.7341225076031845,
        "count": 10297,
        "total": 7559.259460789991
    },
    "RenderingDatabase": {
        "average": 9.586488200446779e-06,
        "count": 10297,
        "total": 0.09871206900000049
    },
    "RenderingProperty": {
        "average": 6.530282703700131e-06,
        "count": 10297,
        "total": 0.06724232100000024
    },
    "comput-rank-107": {
        "average": 0.7348674936900065,
        "count": 10297,
        "total": 7566.930582525996
    },
    "recv-rank-107": {
        "average": 0.13490475167333466,
        "count": 10298,
        "total": 1389.2491327320004
    },
    "send-rank-107": {
        "average": 2.7397200155385055e-06,
        "count": 10297,
        "total": 0.02821089699999999
    }
}
