{
    "CalculatingResidual": {
        "average": 0.00015309256994175475,
        "count": 10473,
        "total": 1.6033384849999974
    },
    "CreatePrediction": {
        "average": 2.4031423660841813e-07,
        "count": 10473,
        "total": 0.002516810999999963
    },
    "ErrorMPI": {
        "average": 3.457608711,
        "count": 1,
        "total": 3.457608711
    },
    "InitPrediction": {
        "average": 0.00046736305690824037,
        "count": 10473,
        "total": 4.8946932950000015
    },
    "Predict": {
        "average": 0.7217484308579194,
        "count": 10473,
        "total": 7558.87131637499
    },
    "RenderingDatabase": {
        "average": 9.816648906712522e-06,
        "count": 10473,
        "total": 0.10280976400000025
    },
    "RenderingProperty": {
        "average": 6.531246061300447e-06,
        "count": 10473,
        "total": 0.06840173999999959
    },
    "comput-rank-111": {
        "average": 0.7224955504735979,
        "count": 10473,
        "total": 7566.695900109991
    },
    "fCQrxZ": {
        "average": null,
        "count": 0,
        "total": 0.0
    },
    "recv-rank-111": {
        "average": 0.13266694836633594,
        "count": 10474,
        "total": 1389.5536171890026
    },
    "send-rank-111": {
        "average": 2.7727356058435923e-06,
        "count": 10473,
        "total": 0.029038859999999944
    }
}
