{
    "CalculatingResidual": {
        "average": 0.00015156694609970062,
        "count": 10371,
        "total": 1.571900797999995
    },
    "CreatePrediction": {
        "average": 2.2641452126120817e-07,
        "count": 10371,
        "total": 0.00234814499999999
    },
    "ErrorMPI": {
        "average": 3.552095585,
        "count": 1,
        "total": 3.552095585
    },
    "InitPrediction": {
        "average": 0.00046239851885064077,
        "count": 10371,
        "total": 4.795535038999995
    },
    "Predict": {
        "average": 0.7270339524145207,
        "count": 10371,
        "total": 7540.0691204909945
    },
    "RenderingDatabase": {
        "average": 9.472050911194743e-06,
        "count": 10371,
        "total": 0.09823464000000068
    },
    "RenderingProperty": {
        "average": 6.479574679394479e-06,
        "count": 10371,
        "total": 0.06719966900000014
    },
    "comput-rank-301": {
        "average": 0.7277739327153608,
        "count": 10371,
        "total": 7547.743456191008
    },
    "h8ELm9": {
        "average": null,
        "count": 0,
        "total": 0.0
    },
    "recv-rank-301": {
        "average": 0.13579062983455475,
        "count": 10372,
        "total": 1408.4204126440018
    },
    "send-rank-301": {
        "average": 2.4998999132195403e-06,
        "count": 10371,
        "total": 0.02592646199999985
    }
}
