{
    "74v7WF": {
        "average": null,
        "count": 0,
        "total": 0.0
    },
    "CalculatingResidual": {
        "average": 0.00015196332316187142,
        "count": 10323,
        "total": 1.5687173849999987
    },
    "CreatePrediction": {
        "average": 2.853533856437234e-07,
        "count": 10323,
        "total": 0.0029457030000001566
    },
    "ErrorMPI": {
        "average": 3.575350753,
        "count": 1,
        "total": 3.575350753
    },
    "InitPrediction": {
        "average": 0.00046586435212631966,
        "count": 10323,
        "total": 4.809117706999998
    },
    "Predict": {
        "average": 0.7296919658501415,
        "count": 10323,
        "total": 7532.610163471011
    },
    "RenderingDatabase": {
        "average": 9.592258355129374e-06,
        "count": 10323,
        "total": 0.09902088300000053
    },
    "RenderingProperty": {
        "average": 6.344990700377789e-06,
        "count": 10323,
        "total": 0.06549933899999992
    },
    "comput-rank-303": {
        "average": 0.7304360531811509,
        "count": 10323,
        "total": 7540.291376989021
    },
    "recv-rank-303": {
        "average": 0.13714137561730014,
        "count": 10324,
        "total": 1415.8475618730065
    },
    "send-rank-303": {
        "average": 2.546921437566596e-06,
        "count": 10323,
        "total": 0.02629186999999997
    }
}
