{
    "CalculatingResidual": {
        "average": 0.00015360705188055147,
        "count": 10582,
        "total": 1.6254698229999955
    },
    "CreatePrediction": {
        "average": 2.563953883953947e-07,
        "count": 10582,
        "total": 0.0027131760000000667
    },
    "ErrorMPI": {
        "average": 3.3291019,
        "count": 1,
        "total": 3.3291019
    },
    "InitPrediction": {
        "average": 0.0004619765119070095,
        "count": 10582,
        "total": 4.888635448999975
    },
    "Predict": {
        "average": 0.7130345758356622,
        "count": 10582,
        "total": 7545.331881492978
    },
    "RenderingDatabase": {
        "average": 1.0061332829332826e-05,
        "count": 10582,
        "total": 0.10646902399999995
    },
    "RenderingProperty": {
        "average": 6.924265639765652e-06,
        "count": 10582,
        "total": 0.07327257900000013
    },
    "comput-rank-57": {
        "average": 0.7137835679997167,
        "count": 10582,
        "total": 7553.257716573002
    },
    "kY54BB": {
        "average": null,
        "count": 0,
        "total": 0.0
    },
    "recv-rank-57": {
        "average": 0.13257650271794397,
        "count": 10583,
        "total": 1403.057128264001
    },
    "send-rank-57": {
        "average": 2.045808448308453e-06,
        "count": 10582,
        "total": 0.02164874500000005
    }
}
