{
    "CalculatingResidual": {
        "average": 0.00015204250414657707,
        "count": 10370,
        "total": 1.5766807680000041
    },
    "CreatePrediction": {
        "average": 2.455402121504345e-07,
        "count": 10370,
        "total": 0.002546252000000006
    },
    "ErrorMPI": {
        "average": 3.392466333,
        "count": 1,
        "total": 3.392466333
    },
    "IZ77Uf": {
        "average": null,
        "count": 0,
        "total": 0.0
    },
    "InitPrediction": {
        "average": 0.00046757765004821626,
        "count": 10370,
        "total": 4.848780231000003
    },
    "Predict": {
        "average": 0.7274565997602674,
        "count": 10370,
        "total": 7543.724939513973
    },
    "RenderingDatabase": {
        "average": 1.0116280327868866e-05,
        "count": 10370,
        "total": 0.10490582700000015
    },
    "RenderingProperty": {
        "average": 6.483319479267121e-06,
        "count": 10370,
        "total": 0.06723202300000004
    },
    "comput-rank-74": {
        "average": 0.72820609498775,
        "count": 10370,
        "total": 7551.497205022967
    },
    "recv-rank-74": {
        "average": 0.1354558092525316,
        "count": 10371,
        "total": 1404.8121977580051
    },
    "send-rank-74": {
        "average": 2.4456993249758923e-06,
        "count": 10370,
        "total": 0.025361902000000002
    }
}
