{
    "ALoq3V": {
        "average": null,
        "count": 0,
        "total": 0.0
    },
    "CalculatingResidual": {
        "average": 0.00015307133311036743,
        "count": 10465,
        "total": 1.601891500999995
    },
    "CreatePrediction": {
        "average": 2.659240324892531e-07,
        "count": 10465,
        "total": 0.002782895000000034
    },
    "ErrorMPI": {
        "average": 3.50751544,
        "count": 1,
        "total": 3.50751544
    },
    "InitPrediction": {
        "average": 0.00046182440602006577,
        "count": 10465,
        "total": 4.8329924089999885
    },
    "Predict": {
        "average": 0.7202717270277151,
        "count": 10465,
        "total": 7537.643623345039
    },
    "RenderingDatabase": {
        "average": 9.869299761108507e-06,
        "count": 10465,
        "total": 0.10328222200000052
    },
    "RenderingProperty": {
        "average": 6.575216435738168e-06,
        "count": 10465,
        "total": 0.06880963999999992
    },
    "comput-rank-285": {
        "average": 0.7210140266812233,
        "count": 10465,
        "total": 7545.411789219002
    },
    "recv-rank-285": {
        "average": 0.13479752662602731,
        "count": 10466,
        "total": 1410.7909136680018
    },
    "send-rank-285": {
        "average": 2.5103602484472054e-06,
        "count": 10465,
        "total": 0.026270920000000003
    }
}
