{
    "CalculatingResidual": {
        "average": 0.00015126209727317852,
        "count": 10085,
        "total": 1.5254782510000053
    },
    "CreatePrediction": {
        "average": 2.8951115518096135e-07,
        "count": 10085,
        "total": 0.0029197199999999954
    },
    "ErrorMPI": {
        "average": 3.521591026,
        "count": 1,
        "total": 3.521591026
    },
    "InitPrediction": {
        "average": 0.0004684394763510166,
        "count": 10085,
        "total": 4.724212119000002
    },
    "Predict": {
        "average": 0.7467183515805671,
        "count": 10085,
        "total": 7530.654575690019
    },
    "RenderingDatabase": {
        "average": 9.81902627664854e-06,
        "count": 10085,
        "total": 0.09902488000000052
    },
    "RenderingProperty": {
        "average": 6.7932462072384695e-06,
        "count": 10085,
        "total": 0.06850988799999996
    },
    "WIhs1y": {
        "average": null,
        "count": 0,
        "total": 0.0
    },
    "comput-rank-319": {
        "average": 0.7474697724529499,
        "count": 10085,
        "total": 7538.232655188
    },
    "recv-rank-319": {
        "average": 0.14058565791770788,
        "count": 10086,
        "total": 1417.9469457580017
    },
    "send-rank-319": {
        "average": 2.968327119484387e-06,
        "count": 10085,
        "total": 0.029935579000000042
    }
}
