{
    "CalculatingResidual": {
        "average": 0.0001532337850297106,
        "count": 10434,
        "total": 1.5988413130000005
    },
    "CreatePrediction": {
        "average": 2.6781838221200354e-07,
        "count": 10434,
        "total": 0.002794417000000045
    },
    "ErrorMPI": {
        "average": 3.471560239,
        "count": 1,
        "total": 3.471560239
    },
    "InitPrediction": {
        "average": 0.000467725300651718,
        "count": 10434,
        "total": 4.8802457870000255
    },
    "Predict": {
        "average": 0.723482678207303,
        "count": 10434,
        "total": 7548.818264415
    },
    "RenderingDatabase": {
        "average": 1.0066044853364083e-05,
        "count": 10434,
        "total": 0.10502911200000085
    },
    "RenderingProperty": {
        "average": 6.789539677975854e-06,
        "count": 10434,
        "total": 0.07084205700000006
    },
    "comput-rank-152": {
        "average": 0.7242329846945598,
        "count": 10434,
        "total": 7556.646962303037
    },
    "lOFpKj": {
        "average": null,
        "count": 0,
        "total": 0.0
    },
    "recv-rank-152": {
        "average": 0.1341214499956883,
        "count": 10435,
        "total": 1399.5573307050076
    },
    "send-rank-152": {
        "average": 2.6536850680467733e-06,
        "count": 10434,
        "total": 0.02768855000000003
    }
}
