{
    "CalculatingResidual": {
        "average": 0.0001570566178389395,
        "count": 9810,
        "total": 1.5407254209999965
    },
    "CreatePrediction": {
        "average": 2.438419979612619e-07,
        "count": 9810,
        "total": 0.002392089999999979
    },
    "ErrorMPI": {
        "average": 3.551646032,
        "count": 1,
        "total": 3.551646032
    },
    "InitPrediction": {
        "average": 0.0004771412469928638,
        "count": 9810,
        "total": 4.680755632999994
    },
    "Predict": {
        "average": 0.7702609158434263,
        "count": 9810,
        "total": 7556.259584424011
    },
    "RenderingDatabase": {
        "average": 9.80339215086649e-06,
        "count": 9810,
        "total": 0.09617127700000026
    },
    "RenderingProperty": {
        "average": 6.697599490316015e-06,
        "count": 9810,
        "total": 0.06570345100000011
    },
    "ZtkD4E": {
        "average": null,
        "count": 0,
        "total": 0.0
    },
    "comput-rank-117": {
        "average": 0.7710240545673821,
        "count": 9810,
        "total": 7563.745975306018
    },
    "recv-rank-117": {
        "average": 0.14192348420517786,
        "count": 9811,
        "total": 1392.411303537
    },
    "send-rank-117": {
        "average": 2.8613819571865445e-06,
        "count": 9810,
        "total": 0.028070157000000002
    }
}
