{
    "CalculatingResidual": {
        "average": 0.0001544684159703764,
        "count": 10532,
        "total": 1.6268613570000041
    },
    "CreatePrediction": {
        "average": 2.800904861374854e-07,
        "count": 10532,
        "total": 0.0029499129999999963
    },
    "ErrorMPI": {
        "average": 3.450504341,
        "count": 1,
        "total": 3.450504341
    },
    "InitPrediction": {
        "average": 0.0004593292142043279,
        "count": 10532,
        "total": 4.837655283999982
    },
    "Predict": {
        "average": 0.717605662799471,
        "count": 10532,
        "total": 7557.822840604029
    },
    "RenderingDatabase": {
        "average": 9.800732719331606e-06,
        "count": 10532,
        "total": 0.10322131700000048
    },
    "RenderingProperty": {
        "average": 6.816247721230496e-06,
        "count": 10532,
        "total": 0.07178872099999958
    },
    "comput-rank-169": {
        "average": 0.7183484597283525,
        "count": 10532,
        "total": 7565.645977859009
    },
    "recv-rank-169": {
        "average": 0.13202043009418002,
        "count": 10533,
        "total": 1390.5711901819982
    },
    "send-rank-169": {
        "average": 3.0145420622863573e-06,
        "count": 10532,
        "total": 0.03174915699999992
    },
    "tHs16I": {
        "average": null,
        "count": 0,
        "total": 0.0
    }
}
