{
    "CalculatingResidual": {
        "average": 0.0001514161559580547,
        "count": 10490,
        "total": 1.588355475999994
    },
    "CreatePrediction": {
        "average": 2.720333651096268e-07,
        "count": 10490,
        "total": 0.0028536299999999846
    },
    "ErrorMPI": {
        "average": 3.552619379,
        "count": 1,
        "total": 3.552619379
    },
    "Hm990c": {
        "average": null,
        "count": 0,
        "total": 0.0
    },
    "InitPrediction": {
        "average": 0.0004584925120114372,
        "count": 10490,
        "total": 4.809586450999976
    },
    "Predict": {
        "average": 0.7176708679139152,
        "count": 10490,
        "total": 7528.36740441697
    },
    "RenderingDatabase": {
        "average": 9.542760247855119e-06,
        "count": 10490,
        "total": 0.10010355500000019
    },
    "RenderingProperty": {
        "average": 6.812090181124892e-06,
        "count": 10490,
        "total": 0.07145882600000011
    },
    "comput-rank-296": {
        "average": 0.7184105612910409,
        "count": 10490,
        "total": 7536.126787943019
    },
    "recv-rank-296": {
        "average": 0.13535629715613384,
        "count": 10491,
        "total": 1420.022913465
    },
    "send-rank-296": {
        "average": 2.9821275500476575e-06,
        "count": 10490,
        "total": 0.031282517999999926
    }
}
