{
    "CalculatingResidual": {
        "average": 0.00015578140124095167,
        "count": 9670,
        "total": 1.5064061500000026
    },
    "CreatePrediction": {
        "average": 2.328319544984464e-07,
        "count": 9670,
        "total": 0.0022514849999999767
    },
    "ErrorMPI": {
        "average": 3.558048538,
        "count": 1,
        "total": 3.558048538
    },
    "InitPrediction": {
        "average": 0.000487061551602895,
        "count": 9670,
        "total": 4.7098852039999946
    },
    "Predict": {
        "average": 0.7790918191480868,
        "count": 9670,
        "total": 7533.817891161999
    },
    "RenderingDatabase": {
        "average": 9.864440951396059e-06,
        "count": 9670,
        "total": 0.0953891439999999
    },
    "RenderingProperty": {
        "average": 6.545333092037236e-06,
        "count": 9670,
        "total": 0.06329337100000007
    },
    "awB94A": {
        "average": null,
        "count": 0,
        "total": 0.0
    },
    "comput-rank-100": {
        "average": 0.7798626986192334,
        "count": 9670,
        "total": 7541.272295647987
    },
    "recv-rank-100": {
        "average": 0.14630197455837135,
        "count": 9671,
        "total": 1414.8863959540095
    },
    "send-rank-100": {
        "average": 2.5550683557394034e-06,
        "count": 9670,
        "total": 0.02470751100000003
    }
}
