{
    "8dpaWB": {
        "average": null,
        "count": 0,
        "total": 0.0
    },
    "CalculatingResidual": {
        "average": 0.00015919215511381183,
        "count": 9709,
        "total": 1.5455966339999991
    },
    "CreatePrediction": {
        "average": 3.256073746008828e-07,
        "count": 9709,
        "total": 0.003161321999999971
    },
    "ErrorMPI": {
        "average": 3.754436179,
        "count": 1,
        "total": 3.754436179
    },
    "InitPrediction": {
        "average": 0.0005424154994335154,
        "count": 9709,
        "total": 5.266312084000001
    },
    "Predict": {
        "average": 0.7791104832363814,
        "count": 9709,
        "total": 7564.383681742028
    },
    "RenderingDatabase": {
        "average": 1.128426645380578e-05,
        "count": 9709,
        "total": 0.10955894300000033
    },
    "RenderingProperty": {
        "average": 8.129375012874654e-06,
        "count": 9709,
        "total": 0.07892810200000001
    },
    "comput-rank-135": {
        "average": 0.7799580307062518,
        "count": 9709,
        "total": 7572.612520126999
    },
    "recv-rank-135": {
        "average": 0.1424606625938217,
        "count": 9710,
        "total": 1383.2930337860087
    },
    "send-rank-135": {
        "average": 3.7362889071995133e-06,
        "count": 9709,
        "total": 0.03627562900000007
    }
}
