{
    "9QcKDS": {
        "average": null,
        "count": 0,
        "total": 0.0
    },
    "CalculatingResidual": {
        "average": 0.00015490025816894295,
        "count": 9885,
        "total": 1.531189052000001
    },
    "CreatePrediction": {
        "average": 3.0151360647444905e-07,
        "count": 9885,
        "total": 0.002980461999999929
    },
    "ErrorMPI": {
        "average": 3.493423553,
        "count": 1,
        "total": 3.493423553
    },
    "InitPrediction": {
        "average": 0.0004765146083965595,
        "count": 9885,
        "total": 4.710346903999991
    },
    "Predict": {
        "average": 0.7635656132166905,
        "count": 9885,
        "total": 7547.846086646985
    },
    "RenderingDatabase": {
        "average": 9.871251694486604e-06,
        "count": 9885,
        "total": 0.09757732300000008
    },
    "RenderingProperty": {
        "average": 7.072806373292881e-06,
        "count": 9885,
        "total": 0.06991469100000013
    },
    "comput-rank-183": {
        "average": 0.7643323233812813,
        "count": 9885,
        "total": 7555.425016623966
    },
    "recv-rank-183": {
        "average": 0.14168773951001457,
        "count": 9886,
        "total": 1400.724992796004
    },
    "send-rank-183": {
        "average": 3.978189074355068e-06,
        "count": 9885,
        "total": 0.03932439899999984
    }
}
