{
    "8UbAsJ": {
        "average": null,
        "count": 0,
        "total": 0.0
    },
    "CalculatingResidual": {
        "average": 0.0001507656107156602,
        "count": 10396,
        "total": 1.5673592890000034
    },
    "CreatePrediction": {
        "average": 2.735047133512933e-07,
        "count": 10396,
        "total": 0.002843355000000045
    },
    "ErrorMPI": {
        "average": 3.51792229,
        "count": 1,
        "total": 3.51792229
    },
    "InitPrediction": {
        "average": 0.00046512750961908496,
        "count": 10396,
        "total": 4.835465590000007
    },
    "Predict": {
        "average": 0.726374908623892,
        "count": 10396,
        "total": 7551.393550053981
    },
    "RenderingDatabase": {
        "average": 9.658486148518683e-06,
        "count": 10396,
        "total": 0.10040962200000023
    },
    "RenderingProperty": {
        "average": 6.454083301269699e-06,
        "count": 10396,
        "total": 0.06709664999999979
    },
    "comput-rank-164": {
        "average": 0.72711818239958,
        "count": 10396,
        "total": 7559.120624226034
    },
    "recv-rank-164": {
        "average": 0.1343695644617686,
        "count": 10397,
        "total": 1397.040361709008
    },
    "send-rank-164": {
        "average": 2.5573807233551282e-06,
        "count": 10396,
        "total": 0.026586529999999914
    }
}
