{
    "CalculatingResidual": {
        "average": 0.00015517546276706045,
        "count": 9642,
        "total": 1.496201811999997
    },
    "CreatePrediction": {
        "average": 2.658539722049394e-07,
        "count": 9642,
        "total": 0.0025633640000000254
    },
    "ErrorMPI": {
        "average": 3.465858958,
        "count": 1,
        "total": 3.465858958
    },
    "InitPrediction": {
        "average": 0.0004885613341630377,
        "count": 9642,
        "total": 4.71070838400001
    },
    "Predict": {
        "average": 0.7813593490629538,
        "count": 9642,
        "total": 7533.8668436650005
    },
    "Q5naoW": {
        "average": null,
        "count": 0,
        "total": 0.0
    },
    "RenderingDatabase": {
        "average": 1.0029771105579791e-05,
        "count": 9642,
        "total": 0.09670705300000035
    },
    "RenderingProperty": {
        "average": 6.9167599045840926e-06,
        "count": 9642,
        "total": 0.06669139899999982
    },
    "comput-rank-2": {
        "average": 0.7821407522277548,
        "count": 9642,
        "total": 7541.401132980011
    },
    "recv-rank-2": {
        "average": 0.1467173958371874,
        "count": 9643,
        "total": 1414.795848057998
    },
    "send-rank-2": {
        "average": 1.528635552789894e-06,
        "count": 9642,
        "total": 0.014739104000000159
    }
}
