{
    "CalculatingResidual": {
        "average": 0.0001536941122770191,
        "count": 10483,
        "total": 1.6111753789999912
    },
    "CreatePrediction": {
        "average": 2.889708098826632e-07,
        "count": 10483,
        "total": 0.003029280999999959
    },
    "ErrorMPI": {
        "average": 3.549370365,
        "count": 1,
        "total": 3.549370365
    },
    "InitPrediction": {
        "average": 0.0004663952608985974,
        "count": 10483,
        "total": 4.889221519999997
    },
    "Predict": {
        "average": 0.7215404964370844,
        "count": 10483,
        "total": 7563.909024149956
    },
    "QwAyiS": {
        "average": null,
        "count": 0,
        "total": 0.0
    },
    "RenderingDatabase": {
        "average": 1.0051303825240973e-05,
        "count": 10483,
        "total": 0.10536781800000111
    },
    "RenderingProperty": {
        "average": 6.963130496995174e-06,
        "count": 10483,
        "total": 0.07299449700000041
    },
    "comput-rank-209": {
        "average": 0.7222931497026582,
        "count": 10483,
        "total": 7571.799088332967
    },
    "recv-rank-209": {
        "average": 0.13204246543857315,
        "count": 10484,
        "total": 1384.333207658001
    },
    "send-rank-209": {
        "average": 3.028382333301532e-06,
        "count": 10483,
        "total": 0.03174653199999996
    }
}
