{
    "CalculatingResidual": {
        "average": 0.0001523732396788985,
        "count": 10464,
        "total": 1.5944335799999938
    },
    "CreatePrediction": {
        "average": 2.560385129969381e-07,
        "count": 10464,
        "total": 0.0026791869999999605
    },
    "ErrorMPI": {
        "average": 3.473287235,
        "count": 1,
        "total": 3.473287235
    },
    "InitPrediction": {
        "average": 0.0004664910694762988,
        "count": 10464,
        "total": 4.881362550999991
    },
    "Predict": {
        "average": 0.7226985348282668,
        "count": 10464,
        "total": 7562.317468442984
    },
    "RenderingDatabase": {
        "average": 9.88863455657498e-06,
        "count": 10464,
        "total": 0.1034746720000006
    },
    "RenderingProperty": {
        "average": 6.5810800840978574e-06,
        "count": 10464,
        "total": 0.06886442199999998
    },
    "V7NBFw": {
        "average": null,
        "count": 0,
        "total": 0.0
    },
    "comput-rank-143": {
        "average": 0.7234468276053132,
        "count": 10464,
        "total": 7570.147604061997
    },
    "recv-rank-143": {
        "average": 0.13244707142264692,
        "count": 10465,
        "total": 1386.058602438
    },
    "send-rank-143": {
        "average": 2.7343128822629946e-06,
        "count": 10464,
        "total": 0.028611849999999973
    }
}
