{
    "CalculatingResidual": {
        "average": 0.00015609608910682285,
        "count": 9483,
        "total": 1.480259213000001
    },
    "CreatePrediction": {
        "average": 2.715117578825299e-07,
        "count": 9483,
        "total": 0.0025747460000000314
    },
    "ErrorMPI": {
        "average": 3.665445133,
        "count": 1,
        "total": 3.665445133
    },
    "InitPrediction": {
        "average": 0.00048620375303173944,
        "count": 9483,
        "total": 4.610670189999985
    },
    "Predict": {
        "average": 0.7969713220033736,
        "count": 9483,
        "total": 7557.6790465579925
    },
    "RenderingDatabase": {
        "average": 9.973685331646174e-06,
        "count": 9483,
        "total": 0.09458045800000067
    },
    "RenderingProperty": {
        "average": 6.635821048191464e-06,
        "count": 9483,
        "total": 0.06292749099999966
    },
    "comput-rank-275": {
        "average": 0.797748389240217,
        "count": 9483,
        "total": 7565.047975164977
    },
    "oWbb9e": {
        "average": null,
        "count": 0,
        "total": 0.0
    },
    "recv-rank-275": {
        "average": 0.1466682697784692,
        "count": 9484,
        "total": 1391.001870579002
    },
    "send-rank-275": {
        "average": 2.744785827269857e-06,
        "count": 9483,
        "total": 0.026028804000000055
    }
}
