{
    "CalculatingResidual": {
        "average": 0.00015427870043552375,
        "count": 10562,
        "total": 1.6294916340000019
    },
    "CreatePrediction": {
        "average": 2.8628318500283783e-07,
        "count": 10562,
        "total": 0.003023722999999973
    },
    "ErrorMPI": {
        "average": 3.443301981,
        "count": 1,
        "total": 3.443301981
    },
    "InitPrediction": {
        "average": 0.0004687236461844363,
        "count": 10562,
        "total": 4.950659151000016
    },
    "Predict": {
        "average": 0.7148258420151465,
        "count": 10562,
        "total": 7549.990543363978
    },
    "RenderingDatabase": {
        "average": 1.0293849460329558e-05,
        "count": 10562,
        "total": 0.10872363800000079
    },
    "RenderingProperty": {
        "average": 7.219746449536085e-06,
        "count": 10562,
        "total": 0.07625496200000013
    },
    "comput-rank-33": {
        "average": 0.7155869644642124,
        "count": 10562,
        "total": 7558.029518671012
    },
    "recv-rank-33": {
        "average": 0.13236473558970008,
        "count": 10563,
        "total": 1398.1687020340019
    },
    "send-rank-33": {
        "average": 2.127573565612591e-06,
        "count": 10562,
        "total": 0.022471432000000187
    },
    "xFWmXn": {
        "average": null,
        "count": 0,
        "total": 0.0
    }
}
