{
    "31deAQ": {
        "average": null,
        "count": 0,
        "total": 0.0
    },
    "CalculatingResidual": {
        "average": 0.00015196781283524896,
        "count": 10440,
        "total": 1.5865439659999991
    },
    "CreatePrediction": {
        "average": 2.5396609195402046e-07,
        "count": 10440,
        "total": 0.0026514059999999734
    },
    "ErrorMPI": {
        "average": 3.55189481,
        "count": 1,
        "total": 3.55189481
    },
    "InitPrediction": {
        "average": 0.00045907099070881214,
        "count": 10440,
        "total": 4.792701142999999
    },
    "Predict": {
        "average": 0.7222546134682947,
        "count": 10440,
        "total": 7540.3381646089965
    },
    "RenderingDatabase": {
        "average": 9.552395019157126e-06,
        "count": 10440,
        "total": 0.09972700400000038
    },
    "RenderingProperty": {
        "average": 6.4151915708812045e-06,
        "count": 10440,
        "total": 0.06697459999999977
    },
    "comput-rank-171": {
        "average": 0.7229910360980852,
        "count": 10440,
        "total": 7548.02641686401
    },
    "recv-rank-171": {
        "average": 0.13486271733828242,
        "count": 10441,
        "total": 1408.1016317290068
    },
    "send-rank-171": {
        "average": 2.6419937739463645e-06,
        "count": 10440,
        "total": 0.027582415000000048
    }
}
