{
    "CalculatingResidual": {
        "average": 0.00015313626994451905,
        "count": 10454,
        "total": 1.6008865660000022
    },
    "CreatePrediction": {
        "average": 2.5809565716472015e-07,
        "count": 10454,
        "total": 0.0026981319999999846
    },
    "E004Zx": {
        "average": null,
        "count": 0,
        "total": 0.0
    },
    "ErrorMPI": {
        "average": 3.498793851,
        "count": 1,
        "total": 3.498793851
    },
    "InitPrediction": {
        "average": 0.0004585518619667098,
        "count": 10454,
        "total": 4.793701164999984
    },
    "Predict": {
        "average": 0.7217389248288688,
        "count": 10454,
        "total": 7545.058720160994
    },
    "RenderingDatabase": {
        "average": 9.590272622919546e-06,
        "count": 10454,
        "total": 0.10025671000000093
    },
    "RenderingProperty": {
        "average": 6.781027166634768e-06,
        "count": 10454,
        "total": 0.07088885799999986
    },
    "comput-rank-163": {
        "average": 0.7224787891993525,
        "count": 10454,
        "total": 7552.793262290031
    },
    "recv-rank-163": {
        "average": 0.13423051010043013,
        "count": 10455,
        "total": 1403.3799830999972
    },
    "send-rank-163": {
        "average": 2.947297589439438e-06,
        "count": 10454,
        "total": 0.030811048999999882
    }
}
