{
    "6sFs2k": {
        "average": null,
        "count": 0,
        "total": 0.0
    },
    "CalculatingResidual": {
        "average": 0.0001553239516931315,
        "count": 10454,
        "total": 1.6237565909999965
    },
    "CreatePrediction": {
        "average": 2.8017160895350855e-07,
        "count": 10454,
        "total": 0.0029289139999999782
    },
    "ErrorMPI": {
        "average": 3.564629836,
        "count": 1,
        "total": 3.564629836
    },
    "InitPrediction": {
        "average": 0.0004688135535680118,
        "count": 10454,
        "total": 4.900976888999995
    },
    "Predict": {
        "average": 0.723390243487275,
        "count": 10454,
        "total": 7562.321605415973
    },
    "RenderingDatabase": {
        "average": 9.803401855749046e-06,
        "count": 10454,
        "total": 0.10248476300000053
    },
    "RenderingProperty": {
        "average": 6.937790032523448e-06,
        "count": 10454,
        "total": 0.07252765700000012
    },
    "comput-rank-113": {
        "average": 0.7241435893399649,
        "count": 10454,
        "total": 7570.197082959993
    },
    "recv-rank-113": {
        "average": 0.13256239163338168,
        "count": 10455,
        "total": 1385.9398045270054
    },
    "send-rank-113": {
        "average": 2.9544044384924364e-06,
        "count": 10454,
        "total": 0.03088534399999993
    }
}
