{
    "CalculatingResidual": {
        "average": 0.0001518301247283373,
        "count": 10583,
        "total": 1.6068182099999937
    },
    "CreatePrediction": {
        "average": 2.5824671643200954e-07,
        "count": 10583,
        "total": 0.002733024999999957
    },
    "ErrorMPI": {
        "average": 3.478691926,
        "count": 1,
        "total": 3.478691926
    },
    "InitPrediction": {
        "average": 0.000454707255031656,
        "count": 10583,
        "total": 4.8121668800000155
    },
    "Predict": {
        "average": 0.7128415615715733,
        "count": 10583,
        "total": 7544.002246111961
    },
    "RenderingDatabase": {
        "average": 9.768349617310839e-06,
        "count": 10583,
        "total": 0.10337844400000061
    },
    "RenderingProperty": {
        "average": 6.499378720589616e-06,
        "count": 10583,
        "total": 0.06878292499999991
    },
    "comput-rank-216": {
        "average": 0.7135739158885948,
        "count": 10583,
        "total": 7551.752751848998
    },
    "mjyQ4s": {
        "average": null,
        "count": 0,
        "total": 0.0
    },
    "recv-rank-216": {
        "average": 0.13269640464635302,
        "count": 10584,
        "total": 1404.4587467770004
    },
    "send-rank-216": {
        "average": 2.7518485306623807e-06,
        "count": 10583,
        "total": 0.029122812999999977
    }
}
