{
    "8ApM91": {
        "average": null,
        "count": 0,
        "total": 0.0
    },
    "CalculatingResidual": {
        "average": 0.00015192618517812894,
        "count": 10498,
        "total": 1.5949210919999977
    },
    "CreatePrediction": {
        "average": 2.867513812154663e-07,
        "count": 10498,
        "total": 0.003010315999999965
    },
    "ErrorMPI": {
        "average": 3.57557041,
        "count": 1,
        "total": 3.57557041
    },
    "InitPrediction": {
        "average": 0.0004651943214898069,
        "count": 10498,
        "total": 4.883609986999993
    },
    "Predict": {
        "average": 0.7198396472105176,
        "count": 10498,
        "total": 7556.876616416014
    },
    "RenderingDatabase": {
        "average": 1.0170616403124377e-05,
        "count": 10498,
        "total": 0.10677113099999971
    },
    "RenderingProperty": {
        "average": 6.700652981520276e-06,
        "count": 10498,
        "total": 0.07034345499999986
    },
    "comput-rank-205": {
        "average": 0.7205894681777473,
        "count": 10498,
        "total": 7564.7482369299905
    },
    "recv-rank-205": {
        "average": 0.13252307645547207,
        "count": 10499,
        "total": 1391.3597797060013
    },
    "send-rank-205": {
        "average": 2.9293514955229575e-06,
        "count": 10498,
        "total": 0.030752332000000007
    }
}
