{
    "CalculatingResidual": {
        "average": 0.0001510026209193249,
        "count": 10660,
        "total": 1.6096879390000034
    },
    "CreatePrediction": {
        "average": 2.481248592870552e-07,
        "count": 10660,
        "total": 0.0026450110000000087
    },
    "ErrorMPI": {
        "average": 3.537671838,
        "count": 1,
        "total": 3.537671838
    },
    "InitPrediction": {
        "average": 0.00046358444634146114,
        "count": 10660,
        "total": 4.941810197999976
    },
    "Predict": {
        "average": 0.7083152699912757,
        "count": 10660,
        "total": 7550.640778106998
    },
    "RenderingDatabase": {
        "average": 1.004768874296439e-05,
        "count": 10660,
        "total": 0.1071083620000004
    },
    "RenderingProperty": {
        "average": 6.535306191369612e-06,
        "count": 10660,
        "total": 0.06966636400000006
    },
    "comput-rank-154": {
        "average": 0.7090583357910902,
        "count": 10660,
        "total": 7558.561859533022
    },
    "recv-rank-154": {
        "average": 0.1310928642068284,
        "count": 10661,
        "total": 1397.5810253089974
    },
    "send-rank-154": {
        "average": 2.6086696998123804e-06,
        "count": 10660,
        "total": 0.027808418999999973
    },
    "wVMmLW": {
        "average": null,
        "count": 0,
        "total": 0.0
    }
}
