{
    "5l0wC1": {
        "average": null,
        "count": 0,
        "total": 0.0
    },
    "CalculatingResidual": {
        "average": 0.00015168669783210823,
        "count": 10471,
        "total": 1.5883114130000053
    },
    "CreatePrediction": {
        "average": 2.8863919396429005e-07,
        "count": 10471,
        "total": 0.003022341000000081
    },
    "ErrorMPI": {
        "average": 3.576321179,
        "count": 1,
        "total": 3.576321179
    },
    "InitPrediction": {
        "average": 0.0004571449104192519,
        "count": 10471,
        "total": 4.786764356999987
    },
    "Predict": {
        "average": 0.7214123409726876,
        "count": 10471,
        "total": 7553.9086223250115
    },
    "RenderingDatabase": {
        "average": 9.758122242383747e-06,
        "count": 10471,
        "total": 0.10217729800000022
    },
    "RenderingProperty": {
        "average": 6.495393181167006e-06,
        "count": 10471,
        "total": 0.06801326199999973
    },
    "comput-rank-174": {
        "average": 0.7221469686913387,
        "count": 10471,
        "total": 7561.600909167008
    },
    "recv-rank-174": {
        "average": 0.1331647711090527,
        "count": 10472,
        "total": 1394.501483054
    },
    "send-rank-174": {
        "average": 2.655656479801347e-06,
        "count": 10471,
        "total": 0.027807378999999906
    }
}
