{
    "CNYiLP": {
        "average": null,
        "count": 0,
        "total": 0.0
    },
    "CalculatingResidual": {
        "average": 0.00015489255766298142,
        "count": 10492,
        "total": 1.625132715000001
    },
    "CreatePrediction": {
        "average": 2.710569958063302e-07,
        "count": 10492,
        "total": 0.0028439300000000166
    },
    "ErrorMPI": {
        "average": 3.524174104,
        "count": 1,
        "total": 3.524174104
    },
    "InitPrediction": {
        "average": 0.00045850536589782604,
        "count": 10492,
        "total": 4.810638298999991
    },
    "Predict": {
        "average": 0.7174829934792205,
        "count": 10492,
        "total": 7527.831567583981
    },
    "RenderingDatabase": {
        "average": 1.0045983987800216e-05,
        "count": 10492,
        "total": 0.10540246399999986
    },
    "RenderingProperty": {
        "average": 6.773270205871136e-06,
        "count": 10492,
        "total": 0.07106515099999997
    },
    "comput-rank-41": {
        "average": 0.7182300922498074,
        "count": 10492,
        "total": 7535.67012788498
    },
    "recv-rank-41": {
        "average": 0.13537134636290915,
        "count": 10493,
        "total": 1420.4515373860056
    },
    "send-rank-41": {
        "average": 2.0516975791078993e-06,
        "count": 10492,
        "total": 0.02152641100000008
    }
}
