{
    "CalculatingResidual": {
        "average": 0.00015238362035168698,
        "count": 10407,
        "total": 1.5858563370000063
    },
    "CreatePrediction": {
        "average": 2.564670894590144e-07,
        "count": 10407,
        "total": 0.002669052999999963
    },
    "ErrorMPI": {
        "average": 3.519628986,
        "count": 1,
        "total": 3.519628986
    },
    "InitPrediction": {
        "average": 0.000462970884404728,
        "count": 10407,
        "total": 4.818137994000004
    },
    "Predict": {
        "average": 0.7265844654049177,
        "count": 10407,
        "total": 7561.564531468979
    },
    "RenderingDatabase": {
        "average": 9.930861439415802e-06,
        "count": 10407,
        "total": 0.10335047500000025
    },
    "RenderingProperty": {
        "average": 6.614030748534613e-06,
        "count": 10407,
        "total": 0.06883221799999972
    },
    "UppHtz": {
        "average": null,
        "count": 0,
        "total": 0.0
    },
    "comput-rank-53": {
        "average": 0.7273294693207445,
        "count": 10407,
        "total": 7569.317787220988
    },
    "recv-rank-53": {
        "average": 0.13324474411164436,
        "count": 10408,
        "total": 1386.8112967139944
    },
    "send-rank-53": {
        "average": 1.8439932737580611e-06,
        "count": 10407,
        "total": 0.019190438000000143
    }
}
