{
    "9gLOr6": {
        "average": null,
        "count": 0,
        "total": 0.0
    },
    "CalculatingResidual": {
        "average": 0.00015275568225272057,
        "count": 10565,
        "total": 1.613863782999993
    },
    "CreatePrediction": {
        "average": 2.5878211074301907e-07,
        "count": 10565,
        "total": 0.0027340329999999964
    },
    "ErrorMPI": {
        "average": 3.598779134,
        "count": 1,
        "total": 3.598779134
    },
    "InitPrediction": {
        "average": 0.0004564851172740159,
        "count": 10565,
        "total": 4.822765263999978
    },
    "Predict": {
        "average": 0.7144899555132075,
        "count": 10565,
        "total": 7548.5863799970375
    },
    "RenderingDatabase": {
        "average": 9.435848367250369e-06,
        "count": 10565,
        "total": 0.09968973800000015
    },
    "RenderingProperty": {
        "average": 6.613072976810239e-06,
        "count": 10565,
        "total": 0.06986711600000017
    },
    "comput-rank-251": {
        "average": 0.7152246674757238,
        "count": 10565,
        "total": 7556.3486118810215
    },
    "recv-rank-251": {
        "average": 0.13247634281421483,
        "count": 10566,
        "total": 1399.7450381749939
    },
    "send-rank-251": {
        "average": 2.7523712257453947e-06,
        "count": 10565,
        "total": 0.029078802000000094
    }
}
