{
    "4X1mqJ": {
        "average": null,
        "count": 0,
        "total": 0.0
    },
    "CalculatingResidual": {
        "average": 0.00015178631721451613,
        "count": 10526,
        "total": 1.5977027749999968
    },
    "CreatePrediction": {
        "average": 2.620486414592401e-07,
        "count": 10526,
        "total": 0.002758323999999961
    },
    "ErrorMPI": {
        "average": 3.524956752,
        "count": 1,
        "total": 3.524956752
    },
    "InitPrediction": {
        "average": 0.00045974779251377497,
        "count": 10526,
        "total": 4.839305263999996
    },
    "Predict": {
        "average": 0.7163334940249856,
        "count": 10526,
        "total": 7540.126358106998
    },
    "RenderingDatabase": {
        "average": 9.840271518145602e-06,
        "count": 10526,
        "total": 0.10357869800000061
    },
    "RenderingProperty": {
        "average": 6.663697130913917e-06,
        "count": 10526,
        "total": 0.07014207599999989
    },
    "comput-rank-211": {
        "average": 0.717074361137091,
        "count": 10526,
        "total": 7547.92472532902
    },
    "recv-rank-211": {
        "average": 0.1337741126288593,
        "count": 10527,
        "total": 1408.2400836440017
    },
    "send-rank-211": {
        "average": 2.669399486984613e-06,
        "count": 10526,
        "total": 0.028098099000000036
    }
}
