{
    "CalculatingResidual": {
        "average": 0.00015165823873450977,
        "count": 10652,
        "total": 1.6154635589999982
    },
    "CreatePrediction": {
        "average": 2.469432031543335e-07,
        "count": 10652,
        "total": 0.0026304389999999606
    },
    "ErrorMPI": {
        "average": 3.521839387,
        "count": 1,
        "total": 3.521839387
    },
    "InitPrediction": {
        "average": 0.00045740399126924496,
        "count": 10652,
        "total": 4.8722673149999975
    },
    "Predict": {
        "average": 0.7077524771897289,
        "count": 10652,
        "total": 7538.979387024992
    },
    "RenderingDatabase": {
        "average": 9.588508918512977e-06,
        "count": 10652,
        "total": 0.10213679700000022
    },
    "RenderingProperty": {
        "average": 6.581525722868965e-06,
        "count": 10652,
        "total": 0.07010641200000022
    },
    "comput-rank-175": {
        "average": 0.7084871507667073,
        "count": 10652,
        "total": 7546.805129966967
    },
    "rC01zS": {
        "average": null,
        "count": 0,
        "total": 0.0
    },
    "recv-rank-175": {
        "average": 0.13229617181347994,
        "count": 10653,
        "total": 1409.3511183290018
    },
    "send-rank-175": {
        "average": 2.7076522718738366e-06,
        "count": 10652,
        "total": 0.02884191200000011
    }
}
