{
    "0IEgsa": {
        "average": null,
        "count": 0,
        "total": 0.0
    },
    "CalculatingResidual": {
        "average": 0.00014907887459419334,
        "count": 10781,
        "total": 1.6072193469999985
    },
    "CreatePrediction": {
        "average": 2.687116222984906e-07,
        "count": 10781,
        "total": 0.002896980000000027
    },
    "ErrorMPI": {
        "average": 3.567997471,
        "count": 1,
        "total": 3.567997471
    },
    "InitPrediction": {
        "average": 0.00044630114507003153,
        "count": 10781,
        "total": 4.81157264500001
    },
    "Predict": {
        "average": 0.697736441090993,
        "count": 10781,
        "total": 7522.296571401995
    },
    "RenderingDatabase": {
        "average": 9.459185511548093e-06,
        "count": 10781,
        "total": 0.10197947899999998
    },
    "RenderingProperty": {
        "average": 6.319370095538428e-06,
        "count": 10781,
        "total": 0.06812912899999979
    },
    "comput-rank-252": {
        "average": 0.6984527807150543,
        "count": 10781,
        "total": 7530.019428889001
    },
    "recv-rank-252": {
        "average": 0.13226714772231463,
        "count": 10782,
        "total": 1426.1043867419964
    },
    "send-rank-252": {
        "average": 2.7159218996382406e-06,
        "count": 10781,
        "total": 0.029280353999999873
    }
}
