{
    "CalculatingResidual": {
        "average": 0.00015490934566030103,
        "count": 9897,
        "total": 1.5331377939999993
    },
    "CreatePrediction": {
        "average": 2.682923108012513e-07,
        "count": 9897,
        "total": 0.002655288999999984
    },
    "ErrorMPI": {
        "average": 3.447338502,
        "count": 1,
        "total": 3.447338502
    },
    "InitPrediction": {
        "average": 0.00048769041376174713,
        "count": 9897,
        "total": 4.826672025000011
    },
    "Predict": {
        "average": 0.7635728365374381,
        "count": 9897,
        "total": 7557.080363211025
    },
    "RenderingDatabase": {
        "average": 1.0081769425078339e-05,
        "count": 9897,
        "total": 0.09977927200000032
    },
    "RenderingProperty": {
        "average": 6.641953925431917e-06,
        "count": 9897,
        "total": 0.06573541799999968
    },
    "comput-rank-82": {
        "average": 0.7643482424402338,
        "count": 9897,
        "total": 7564.754555430994
    },
    "pP0jgv": {
        "average": null,
        "count": 0,
        "total": 0.0
    },
    "recv-rank-82": {
        "average": 0.14058521575894165,
        "count": 9898,
        "total": 1391.5124655820043
    },
    "send-rank-82": {
        "average": 2.6080685056077623e-06,
        "count": 9897,
        "total": 0.025812054000000022
    }
}
