{
    "0ajFsw": {
        "average": null,
        "count": 0,
        "total": 0.0
    },
    "CalculatingResidual": {
        "average": 0.0001492885522893768,
        "count": 10920,
        "total": 1.6302309909999946
    },
    "CreatePrediction": {
        "average": 2.585428571428587e-07,
        "count": 10920,
        "total": 0.002823288000000017
    },
    "ErrorMPI": {
        "average": 3.414656003,
        "count": 1,
        "total": 3.414656003
    },
    "InitPrediction": {
        "average": 0.00044988617307692273,
        "count": 10920,
        "total": 4.912757009999996
    },
    "Predict": {
        "average": 0.6896381080017404,
        "count": 10920,
        "total": 7530.848139379005
    },
    "RenderingDatabase": {
        "average": 9.235544505494518e-06,
        "count": 10920,
        "total": 0.10085214600000013
    },
    "RenderingProperty": {
        "average": 6.470142673992647e-06,
        "count": 10920,
        "total": 0.0706539579999997
    },
    "comput-rank-290": {
        "average": 0.690361873117125,
        "count": 10920,
        "total": 7538.7516544390055
    },
    "recv-rank-290": {
        "average": 0.12979955017104708,
        "count": 10921,
        "total": 1417.540887418005
    },
    "send-rank-290": {
        "average": 2.7378912087911944e-06,
        "count": 10920,
        "total": 0.029897771999999843
    }
}
