{
    "BOhgDh": {
        "average": null,
        "count": 0,
        "total": 0.0
    },
    "CalculatingResidual": {
        "average": 0.00015131912860141122,
        "count": 10482,
        "total": 1.5861271059999924
    },
    "CreatePrediction": {
        "average": 2.6656668574699913e-07,
        "count": 10482,
        "total": 0.002794152000000045
    },
    "ErrorMPI": {
        "average": 3.519321612,
        "count": 1,
        "total": 3.519321612
    },
    "InitPrediction": {
        "average": 0.0004659863444953263,
        "count": 10482,
        "total": 4.88446886300001
    },
    "Predict": {
        "average": 0.7204444359857867,
        "count": 10482,
        "total": 7551.698578003015
    },
    "RenderingDatabase": {
        "average": 9.571699580232818e-06,
        "count": 10482,
        "total": 0.10033055500000039
    },
    "RenderingProperty": {
        "average": 6.422455447433714e-06,
        "count": 10482,
        "total": 0.06732017800000019
    },
    "comput-rank-309": {
        "average": 0.7211874454294958,
        "count": 10482,
        "total": 7559.486802991974
    },
    "recv-rank-309": {
        "average": 0.13323561780263393,
        "count": 10483,
        "total": 1396.7089814250114
    },
    "send-rank-309": {
        "average": 2.4091193474527763e-06,
        "count": 10482,
        "total": 0.025252389
    }
}
