{
    "CalculatingResidual": {
        "average": 0.0001522626760387683,
        "count": 10421,
        "total": 1.5867293470000046
    },
    "CreatePrediction": {
        "average": 2.4847874484214065e-07,
        "count": 10421,
        "total": 0.0025893969999999478
    },
    "ErrorMPI": {
        "average": 3.533482282,
        "count": 1,
        "total": 3.533482282
    },
    "InitPrediction": {
        "average": 0.00045846990096919566,
        "count": 10421,
        "total": 4.777714837999988
    },
    "Predict": {
        "average": 0.7223587139086467,
        "count": 10421,
        "total": 7527.700157642007
    },
    "RenderingDatabase": {
        "average": 9.506017944535083e-06,
        "count": 10421,
        "total": 0.0990622130000001
    },
    "RenderingProperty": {
        "average": 6.314494578255451e-06,
        "count": 10421,
        "total": 0.06580334800000005
    },
    "SkDFxK": {
        "average": null,
        "count": 0,
        "total": 0.0
    },
    "comput-rank-307": {
        "average": 0.7230957243923822,
        "count": 10421,
        "total": 7535.380543893015
    },
    "recv-rank-307": {
        "average": 0.13632712086154264,
        "count": 10422,
        "total": 1420.8012536189974
    },
    "send-rank-307": {
        "average": 2.495336244122447e-06,
        "count": 10421,
        "total": 0.026003899000000018
    }
}
