{
    "32uQV9": {
        "average": null,
        "count": 0,
        "total": 0.0
    },
    "CalculatingResidual": {
        "average": 0.00015720435518033727,
        "count": 10009,
        "total": 1.5734583909999957
    },
    "CreatePrediction": {
        "average": 2.9750674393045893e-07,
        "count": 10009,
        "total": 0.0029777449999999635
    },
    "ErrorMPI": {
        "average": 3.523072766,
        "count": 1,
        "total": 3.523072766
    },
    "InitPrediction": {
        "average": 0.0004853228614247177,
        "count": 10009,
        "total": 4.8575965199999995
    },
    "Predict": {
        "average": 0.7528090435995608,
        "count": 10009,
        "total": 7534.865717388004
    },
    "RenderingDatabase": {
        "average": 1.0170841842341909e-05,
        "count": 10009,
        "total": 0.10179995600000016
    },
    "RenderingProperty": {
        "average": 7.069877310420618e-06,
        "count": 10009,
        "total": 0.07076240199999996
    },
    "comput-rank-83": {
        "average": 0.753587019044859,
        "count": 10009,
        "total": 7542.652473619994
    },
    "recv-rank-83": {
        "average": 0.141210970881918,
        "count": 10010,
        "total": 1413.5218185279991
    },
    "send-rank-83": {
        "average": 3.2444690778299694e-06,
        "count": 10009,
        "total": 0.032473891000000164
    }
}
