{
    "7rRjXI": {
        "average": null,
        "count": 0,
        "total": 0.0
    },
    "CalculatingResidual": {
        "average": 0.00015115157780671632,
        "count": 10751,
        "total": 1.6250306130000072
    },
    "CreatePrediction": {
        "average": 2.5696111989582377e-07,
        "count": 10751,
        "total": 0.0027625890000000015
    },
    "ErrorMPI": {
        "average": 3.539189689,
        "count": 1,
        "total": 3.539189689
    },
    "InitPrediction": {
        "average": 0.0004563986199423308,
        "count": 10751,
        "total": 4.906741562999999
    },
    "Predict": {
        "average": 0.7007103210594418,
        "count": 10751,
        "total": 7533.336661710058
    },
    "RenderingDatabase": {
        "average": 9.953173286205996e-06,
        "count": 10751,
        "total": 0.10700656600000066
    },
    "RenderingProperty": {
        "average": 6.496479304250776e-06,
        "count": 10751,
        "total": 0.06984364900000009
    },
    "comput-rank-18": {
        "average": 0.7014461433284328,
        "count": 10751,
        "total": 7541.247486923981
    },
    "recv-rank-18": {
        "average": 0.13159136326906593,
        "count": 10752,
        "total": 1414.8703378689968
    },
    "send-rank-18": {
        "average": 1.5184997674634762e-06,
        "count": 10751,
        "total": 0.01632539099999983
    }
}
