{
    "46wxb1": {
        "average": null,
        "count": 0,
        "total": 0.0
    },
    "CalculatingResidual": {
        "average": 0.00015423118138586936,
        "count": 10304,
        "total": 1.5891980929999978
    },
    "CreatePrediction": {
        "average": 2.880959821428547e-07,
        "count": 10304,
        "total": 0.0029685409999999747
    },
    "ErrorMPI": {
        "average": 3.474576842,
        "count": 1,
        "total": 3.474576842
    },
    "InitPrediction": {
        "average": 0.000464653674786491,
        "count": 10304,
        "total": 4.787791465000003
    },
    "Predict": {
        "average": 0.7330589846397528,
        "count": 10304,
        "total": 7553.439777728013
    },
    "RenderingDatabase": {
        "average": 9.686426242236072e-06,
        "count": 10304,
        "total": 0.09980893600000049
    },
    "RenderingProperty": {
        "average": 6.952441770186277e-06,
        "count": 10304,
        "total": 0.0716379599999994
    },
    "comput-rank-176": {
        "average": 0.7338094242239923,
        "count": 10304,
        "total": 7561.172307204017
    },
    "recv-rank-176": {
        "average": 0.1353735159423584,
        "count": 10305,
        "total": 1395.0240817860033
    },
    "send-rank-176": {
        "average": 2.985547845496886e-06,
        "count": 10304,
        "total": 0.030763084999999912
    }
}
