{
    "CalculatingResidual": {
        "average": 0.00015230872967919752,
        "count": 10162,
        "total": 1.5477613110000052
    },
    "CreatePrediction": {
        "average": 2.4136173981499837e-07,
        "count": 10162,
        "total": 0.0024527180000000134
    },
    "ErrorMPI": {
        "average": 3.535304157,
        "count": 1,
        "total": 3.535304157
    },
    "InitPrediction": {
        "average": 0.00046864623568195206,
        "count": 10162,
        "total": 4.762383046999997
    },
    "Predict": {
        "average": 0.7412904344835679,
        "count": 10162,
        "total": 7532.993395222017
    },
    "RenderingDatabase": {
        "average": 9.553601554812051e-06,
        "count": 10162,
        "total": 0.09708369900000006
    },
    "RenderingProperty": {
        "average": 6.513156366856883e-06,
        "count": 10162,
        "total": 0.06618669499999964
    },
    "comput-rank-226": {
        "average": 0.742037656700947,
        "count": 10162,
        "total": 7540.586667395023
    },
    "q9EGtM": {
        "average": null,
        "count": 0,
        "total": 0.0
    },
    "recv-rank-226": {
        "average": 0.13928668381196546,
        "count": 10163,
        "total": 1415.570567581005
    },
    "send-rank-226": {
        "average": 2.798989568982492e-06,
        "count": 10162,
        "total": 0.02844333200000008
    }
}
