{
    "BXN3kz": {
        "average": null,
        "count": 0,
        "total": 0.0
    },
    "CalculatingResidual": {
        "average": 0.00015510172618234935,
        "count": 10255,
        "total": 1.5905682019999927
    },
    "CreatePrediction": {
        "average": 3.0437025841053e-07,
        "count": 10255,
        "total": 0.003121316999999985
    },
    "ErrorMPI": {
        "average": 3.553463488,
        "count": 1,
        "total": 3.553463488
    },
    "InitPrediction": {
        "average": 0.000483531954948805,
        "count": 10255,
        "total": 4.958620197999996
    },
    "Predict": {
        "average": 0.734913531111166,
        "count": 10255,
        "total": 7536.538261545007
    },
    "RenderingDatabase": {
        "average": 1.010405499756223e-05,
        "count": 10255,
        "total": 0.10361708400000066
    },
    "RenderingProperty": {
        "average": 6.945666114090684e-06,
        "count": 10255,
        "total": 0.07122780599999996
    },
    "comput-rank-264": {
        "average": 0.7356911246424193,
        "count": 10255,
        "total": 7544.512483208009
    },
    "recv-rank-264": {
        "average": 0.13764010538504287,
        "count": 10256,
        "total": 1411.6369208289996
    },
    "send-rank-264": {
        "average": 3.0906383227693914e-06,
        "count": 10255,
        "total": 0.03169449600000011
    }
}
