{
    "CalculatingResidual": {
        "average": 0.00015290627103935428,
        "count": 9910,
        "total": 1.515301146000001
    },
    "CreatePrediction": {
        "average": 2.639786074672038e-07,
        "count": 9910,
        "total": 0.0026160279999999894
    },
    "ErrorMPI": {
        "average": 3.453374872,
        "count": 1,
        "total": 3.453374872
    },
    "InitPrediction": {
        "average": 0.00047204300655903154,
        "count": 9910,
        "total": 4.677946195000002
    },
    "Predict": {
        "average": 0.7579605694554995,
        "count": 9910,
        "total": 7511.389243304
    },
    "RenderingDatabase": {
        "average": 9.624780221998076e-06,
        "count": 9910,
        "total": 0.09538157200000093
    },
    "RenderingProperty": {
        "average": 6.780786579212893e-06,
        "count": 9910,
        "total": 0.06719759499999978
    },
    "comput-rank-236": {
        "average": 0.7587133014087816,
        "count": 9910,
        "total": 7518.8488169610255
    },
    "cwtEvO": {
        "average": null,
        "count": 0,
        "total": 0.0
    },
    "recv-rank-236": {
        "average": 0.145029218509434,
        "count": 9911,
        "total": 1437.3845846470006
    },
    "send-rank-236": {
        "average": 3.085177497477297e-06,
        "count": 9910,
        "total": 0.030574109000000012
    }
}
