{
    "CalculatingResidual": {
        "average": 0.00015336822684791846,
        "count": 10593,
        "total": 1.6246296270000002
    },
    "CreatePrediction": {
        "average": 2.3578599074860963e-07,
        "count": 10593,
        "total": 0.002497681000000022
    },
    "ErrorMPI": {
        "average": 3.489659906,
        "count": 1,
        "total": 3.489659906
    },
    "InitPrediction": {
        "average": 0.00046380680317190614,
        "count": 10593,
        "total": 4.913105466000002
    },
    "Predict": {
        "average": 0.7123197394397245,
        "count": 10593,
        "total": 7545.602999885002
    },
    "RenderingDatabase": {
        "average": 9.635640611724797e-06,
        "count": 10593,
        "total": 0.10207034100000077
    },
    "RenderingProperty": {
        "average": 6.614146700651354e-06,
        "count": 10593,
        "total": 0.0700636559999998
    },
    "comput-rank-115": {
        "average": 0.7130631158732178,
        "count": 10593,
        "total": 7553.477586444997
    },
    "gj6pt6": {
        "average": null,
        "count": 0,
        "total": 0.0
    },
    "recv-rank-115": {
        "average": 0.13240869426618876,
        "count": 10594,
        "total": 1402.7377070560037
    },
    "send-rank-115": {
        "average": 2.8595001416029493e-06,
        "count": 10593,
        "total": 0.03029068500000004
    }
}
