{
    "CalculatingResidual": {
        "average": 0.00015611984242424196,
        "count": 9240,
        "total": 1.4425473439999958
    },
    "CreatePrediction": {
        "average": 2.3603885281384943e-07,
        "count": 9240,
        "total": 0.0021809989999999686
    },
    "ErrorMPI": {
        "average": 3.527294889,
        "count": 1,
        "total": 3.527294889
    },
    "InitPrediction": {
        "average": 0.0004900315790043268,
        "count": 9240,
        "total": 4.5278917899999795
    },
    "Predict": {
        "average": 0.8159742313451297,
        "count": 9240,
        "total": 7539.601897628999
    },
    "RenderingDatabase": {
        "average": 1.0104321753246757e-05,
        "count": 9240,
        "total": 0.09336393300000004
    },
    "RenderingProperty": {
        "average": 6.617402705627672e-06,
        "count": 9240,
        "total": 0.061144800999999686
    },
    "comput-rank-132": {
        "average": 0.8167581980899378,
        "count": 9240,
        "total": 7546.845750351025
    },
    "h9XZCY": {
        "average": null,
        "count": 0,
        "total": 0.0
    },
    "recv-rank-132": {
        "average": 0.15250663352559277,
        "count": 9241,
        "total": 1409.3138004100028
    },
    "send-rank-132": {
        "average": 2.7002633116883204e-06,
        "count": 9240,
        "total": 0.02495043300000008
    }
}
