{
    "CalculatingResidual": {
        "average": 0.0001529910493032196,
        "count": 10405,
        "total": 1.591871868
    },
    "CreatePrediction": {
        "average": 2.5558173954829165e-07,
        "count": 10405,
        "total": 0.0026593279999999747
    },
    "ErrorMPI": {
        "average": 3.55389113,
        "count": 1,
        "total": 3.55389113
    },
    "InitPrediction": {
        "average": 0.0004625434789043731,
        "count": 10405,
        "total": 4.812764898000002
    },
    "Predict": {
        "average": 0.7241555927060079,
        "count": 10405,
        "total": 7534.838942106013
    },
    "RenderingDatabase": {
        "average": 9.688245458913956e-06,
        "count": 10405,
        "total": 0.10080619399999972
    },
    "RenderingProperty": {
        "average": 6.449696203748207e-06,
        "count": 10405,
        "total": 0.0671090890000001
    },
    "comput-rank-114": {
        "average": 0.7248977826336378,
        "count": 10405,
        "total": 7542.561428303002
    },
    "jMn1Sj": {
        "average": null,
        "count": 0,
        "total": 0.0
    },
    "recv-rank-114": {
        "average": 0.13584424018431673,
        "count": 10406,
        "total": 1413.5951633579998
    },
    "send-rank-114": {
        "average": 2.478432292167234e-06,
        "count": 10405,
        "total": 0.02578808800000007
    }
}
