{
    "1fQUhR": {
        "average": null,
        "count": 0,
        "total": 0.0
    },
    "CalculatingResidual": {
        "average": 0.00015395306595330783,
        "count": 10280,
        "total": 1.5826375180000045
    },
    "CreatePrediction": {
        "average": 3.0923219844356336e-07,
        "count": 10280,
        "total": 0.003178906999999831
    },
    "ErrorMPI": {
        "average": 3.387766858,
        "count": 1,
        "total": 3.387766858
    },
    "InitPrediction": {
        "average": 0.0004735594262645906,
        "count": 10280,
        "total": 4.868190901999991
    },
    "Predict": {
        "average": 0.733268229959045,
        "count": 10280,
        "total": 7537.997403978982
    },
    "RenderingDatabase": {
        "average": 9.922271887159567e-06,
        "count": 10280,
        "total": 0.10200095500000034
    },
    "RenderingProperty": {
        "average": 7.061377140077814e-06,
        "count": 10280,
        "total": 0.07259095699999993
    },
    "comput-rank-218": {
        "average": 0.7340279454942594,
        "count": 10280,
        "total": 7545.8072796809865
    },
    "recv-rank-218": {
        "average": 0.13719260984194154,
        "count": 10281,
        "total": 1410.477221785001
    },
    "send-rank-218": {
        "average": 3.3762574902723714e-06,
        "count": 10280,
        "total": 0.03470792699999998
    }
}
