{
    "CalculatingResidual": {
        "average": 0.0001530010424609181,
        "count": 9915,
        "total": 1.5170053360000029
    },
    "CreatePrediction": {
        "average": 2.4894936964195134e-07,
        "count": 9915,
        "total": 0.0024683329999999476
    },
    "ErrorMPI": {
        "average": 3.476393597,
        "count": 1,
        "total": 3.476393597
    },
    "InitPrediction": {
        "average": 0.00047387473393847965,
        "count": 9915,
        "total": 4.698467987000026
    },
    "Predict": {
        "average": 0.759847682350683,
        "count": 9915,
        "total": 7533.889770507022
    },
    "RenderingDatabase": {
        "average": 9.779584972264234e-06,
        "count": 9915,
        "total": 0.09696458499999988
    },
    "RenderingProperty": {
        "average": 6.700076752395333e-06,
        "count": 9915,
        "total": 0.06643126099999973
    },
    "comput-rank-276": {
        "average": 0.7606075326071585,
        "count": 9915,
        "total": 7541.423685799977
    },
    "pFsWCb": {
        "average": null,
        "count": 0,
        "total": 0.0
    },
    "recv-rank-276": {
        "average": 0.14267987006998845,
        "count": 9916,
        "total": 1414.8135916140054
    },
    "send-rank-276": {
        "average": 2.8182368129097304e-06,
        "count": 9915,
        "total": 0.027942817999999977
    }
}
