{
    "7BDizh": {
        "average": null,
        "count": 0,
        "total": 0.0
    },
    "CalculatingResidual": {
        "average": 0.00015097221361815794,
        "count": 10486,
        "total": 1.5830946320000043
    },
    "CreatePrediction": {
        "average": 2.679850276559205e-07,
        "count": 10486,
        "total": 0.0028100909999999825
    },
    "ErrorMPI": {
        "average": 3.582835173,
        "count": 1,
        "total": 3.582835173
    },
    "InitPrediction": {
        "average": 0.00046181840616059454,
        "count": 10486,
        "total": 4.842627806999994
    },
    "Predict": {
        "average": 0.7207833721125322,
        "count": 10486,
        "total": 7558.134439972013
    },
    "RenderingDatabase": {
        "average": 1.0090750143047893e-05,
        "count": 10486,
        "total": 0.10581160600000021
    },
    "RenderingProperty": {
        "average": 6.5035963189013695e-06,
        "count": 10486,
        "total": 0.06819671099999976
    },
    "comput-rank-5": {
        "average": 0.7215279765572178,
        "count": 10486,
        "total": 7565.942362178986
    },
    "recv-rank-5": {
        "average": 0.13255720644273858,
        "count": 10487,
        "total": 1390.1274239649995
    },
    "send-rank-5": {
        "average": 1.9535771504863758e-06,
        "count": 10486,
        "total": 0.020485210000000136
    }
}
