{
    "2oEmQi": {
        "average": null,
        "count": 0,
        "total": 0.0
    },
    "CalculatingResidual": {
        "average": 0.00015738152634848325,
        "count": 9659,
        "total": 1.5201481629999998
    },
    "CreatePrediction": {
        "average": 3.1236235635158177e-07,
        "count": 9659,
        "total": 0.0030171079999999286
    },
    "ErrorMPI": {
        "average": 3.560664345,
        "count": 1,
        "total": 3.560664345
    },
    "InitPrediction": {
        "average": 0.00048723664085309097,
        "count": 9659,
        "total": 4.706218714000006
    },
    "Predict": {
        "average": 0.7823883570561159,
        "count": 9659,
        "total": 7557.089140805023
    },
    "RenderingDatabase": {
        "average": 9.778149497877618e-06,
        "count": 9659,
        "total": 0.09444714599999991
    },
    "RenderingProperty": {
        "average": 7.151374883528294e-06,
        "count": 9659,
        "total": 0.06907512999999979
    },
    "comput-rank-124": {
        "average": 0.7831673433407179,
        "count": 9659,
        "total": 7564.613369327994
    },
    "recv-rank-124": {
        "average": 0.14405028864441047,
        "count": 9660,
        "total": 1391.525788305005
    },
    "send-rank-124": {
        "average": 3.086485557511124e-06,
        "count": 9659,
        "total": 0.029812363999999945
    }
}
