{
    "1tpzDT": {
        "average": null,
        "count": 0,
        "total": 0.0
    },
    "CalculatingResidual": {
        "average": 0.00015194104838552275,
        "count": 10251,
        "total": 1.5575476869999936
    },
    "CreatePrediction": {
        "average": 2.57023802555845e-07,
        "count": 10251,
        "total": 0.0026347509999999673
    },
    "ErrorMPI": {
        "average": 3.462592467,
        "count": 1,
        "total": 3.462592467
    },
    "InitPrediction": {
        "average": 0.0004642157061750049,
        "count": 10251,
        "total": 4.758675203999975
    },
    "Predict": {
        "average": 0.7345796310490685,
        "count": 10251,
        "total": 7530.175797884001
    },
    "RenderingDatabase": {
        "average": 9.875329041069168e-06,
        "count": 10251,
        "total": 0.10123199800000005
    },
    "RenderingProperty": {
        "average": 6.6480121939323124e-06,
        "count": 10251,
        "total": 0.06814877300000013
    },
    "comput-rank-51": {
        "average": 0.7353270233664999,
        "count": 10251,
        "total": 7537.837316529991
    },
    "recv-rank-51": {
        "average": 0.13834914277906707,
        "count": 10252,
        "total": 1418.3554117709957
    },
    "send-rank-51": {
        "average": 1.9731321822261344e-06,
        "count": 10251,
        "total": 0.020226578000000103
    }
}
