{
    "CalculatingResidual": {
        "average": 0.00014847326031294444,
        "count": 10545,
        "total": 1.5656505299999992
    },
    "CreatePrediction": {
        "average": 2.3132147937411074e-07,
        "count": 10545,
        "total": 0.0024392849999999976
    },
    "ErrorMPI": {
        "average": 3.551887574,
        "count": 1,
        "total": 3.551887574
    },
    "InitPrediction": {
        "average": 0.00045598725538169613,
        "count": 10545,
        "total": 4.808385607999986
    },
    "Predict": {
        "average": 0.7145006880353728,
        "count": 10545,
        "total": 7534.409755333007
    },
    "RenderingDatabase": {
        "average": 9.585567093409269e-06,
        "count": 10545,
        "total": 0.10107980500000073
    },
    "RenderingProperty": {
        "average": 6.179504030346126e-06,
        "count": 10545,
        "total": 0.0651628699999999
    },
    "comput-rank-300": {
        "average": 0.7152317199242323,
        "count": 10545,
        "total": 7542.11848660103
    },
    "ih5oUV": {
        "average": null,
        "count": 0,
        "total": 0.0
    },
    "recv-rank-300": {
        "average": 0.13408329615048356,
        "count": 10546,
        "total": 1414.0424412029997
    },
    "send-rank-300": {
        "average": 2.61892688477951e-06,
        "count": 10545,
        "total": 0.027616583999999934
    }
}
