{
    "3lPPUU": {
        "average": null,
        "count": 0,
        "total": 0.0
    },
    "CalculatingResidual": {
        "average": 0.00015277777592661885,
        "count": 10684,
        "total": 1.6322777579999956
    },
    "CreatePrediction": {
        "average": 3.0472884687382513e-07,
        "count": 10684,
        "total": 0.0032557229999999474
    },
    "ErrorMPI": {
        "average": 3.371766697,
        "count": 1,
        "total": 3.371766697
    },
    "InitPrediction": {
        "average": 0.0004607129175402437,
        "count": 10684,
        "total": 4.922256810999964
    },
    "Predict": {
        "average": 0.7073355242964265,
        "count": 10684,
        "total": 7557.172741583021
    },
    "RenderingDatabase": {
        "average": 1.0038635155372583e-05,
        "count": 10684,
        "total": 0.10725277800000069
    },
    "RenderingProperty": {
        "average": 7.104252246349704e-06,
        "count": 10684,
        "total": 0.07590183100000024
    },
    "comput-rank-17": {
        "average": 0.7080838023883349,
        "count": 10684,
        "total": 7565.167344716971
    },
    "recv-rank-17": {
        "average": 0.13019164660028043,
        "count": 10685,
        "total": 1391.0977439239964
    },
    "send-rank-17": {
        "average": 2.1953533320853626e-06,
        "count": 10684,
        "total": 0.023455155000000016
    }
}
