{
    "CalculatingResidual": {
        "average": 0.0001549798117817584,
        "count": 9659,
        "total": 1.4969500020000044
    },
    "CreatePrediction": {
        "average": 2.7524940470028607e-07,
        "count": 9659,
        "total": 0.0026586340000000633
    },
    "ErrorMPI": {
        "average": 3.54740265,
        "count": 1,
        "total": 3.54740265
    },
    "InitPrediction": {
        "average": 0.0004822207791696856,
        "count": 9659,
        "total": 4.657770505999993
    },
    "Predict": {
        "average": 0.7813442323354388,
        "count": 9659,
        "total": 7547.003940128004
    },
    "RenderingDatabase": {
        "average": 1.0202917589812618e-05,
        "count": 9659,
        "total": 0.09854998100000008
    },
    "RenderingProperty": {
        "average": 6.61940231908064e-06,
        "count": 9659,
        "total": 0.0639368069999999
    },
    "ZbuMKk": {
        "average": null,
        "count": 0,
        "total": 0.0
    },
    "comput-rank-263": {
        "average": 0.7821183623794401,
        "count": 9659,
        "total": 7554.481262223012
    },
    "recv-rank-263": {
        "average": 0.14510226526190506,
        "count": 9660,
        "total": 1401.687882430003
    },
    "send-rank-263": {
        "average": 2.6850641888394194e-06,
        "count": 9659,
        "total": 0.025935034999999954
    }
}
