{
    "CalculatingResidual": {
        "average": 0.0001524797739738987,
        "count": 10574,
        "total": 1.6123211300000049
    },
    "CreatePrediction": {
        "average": 2.4692878759220483e-07,
        "count": 10574,
        "total": 0.002611024999999974
    },
    "ErrorMPI": {
        "average": 3.572833023,
        "count": 1,
        "total": 3.572833023
    },
    "InitPrediction": {
        "average": 0.000461030745034991,
        "count": 10574,
        "total": 4.874939097999995
    },
    "Predict": {
        "average": 0.712936097756855,
        "count": 10574,
        "total": 7538.586297680984
    },
    "RenderingDatabase": {
        "average": 9.848199546056419e-06,
        "count": 10574,
        "total": 0.10413486200000058
    },
    "RenderingProperty": {
        "average": 6.531033762057892e-06,
        "count": 10574,
        "total": 0.06905915100000015
    },
    "comput-rank-150": {
        "average": 0.7136793212937427,
        "count": 10574,
        "total": 7546.445143360035
    },
    "recv-rank-150": {
        "average": 0.1333014145218913,
        "count": 10575,
        "total": 1409.6624585690004
    },
    "sLzm8Y": {
        "average": null,
        "count": 0,
        "total": 0.0
    },
    "send-rank-150": {
        "average": 2.534978626820517e-06,
        "count": 10574,
        "total": 0.026804864000000147
    }
}
