{
    "CalculatingResidual": {
        "average": 0.00015448089812613021,
        "count": 10513,
        "total": 1.624057682000007
    },
    "CreatePrediction": {
        "average": 2.8665994483021035e-07,
        "count": 10513,
        "total": 0.0030136560000000017
    },
    "ErrorMPI": {
        "average": 3.499217069,
        "count": 1,
        "total": 3.499217069
    },
    "FJbDpC": {
        "average": null,
        "count": 0,
        "total": 0.0
    },
    "InitPrediction": {
        "average": 0.00046235395776657567,
        "count": 10513,
        "total": 4.86072715800001
    },
    "Predict": {
        "average": 0.716387486881954,
        "count": 10513,
        "total": 7531.381649589982
    },
    "RenderingDatabase": {
        "average": 9.888178635974545e-06,
        "count": 10513,
        "total": 0.1039544220000004
    },
    "RenderingProperty": {
        "average": 6.915115380956941e-06,
        "count": 10513,
        "total": 0.07269860800000032
    },
    "comput-rank-217": {
        "average": 0.7171366407135905,
        "count": 10513,
        "total": 7539.257503821977
    },
    "recv-rank-217": {
        "average": 0.13476569011575054,
        "count": 10514,
        "total": 1416.9264658770012
    },
    "send-rank-217": {
        "average": 2.898876058213636e-06,
        "count": 10513,
        "total": 0.030475883999999957
    }
}
