{
    "CalculatingResidual": {
        "average": 0.0001556752689655172,
        "count": 9570,
        "total": 1.4898123239999996
    },
    "CreatePrediction": {
        "average": 2.3533730407523294e-07,
        "count": 9570,
        "total": 0.0022521779999999793
    },
    "ErrorMPI": {
        "average": 3.567508823,
        "count": 1,
        "total": 3.567508823
    },
    "Hz07qp": {
        "average": null,
        "count": 0,
        "total": 0.0
    },
    "InitPrediction": {
        "average": 0.00048064514723093234,
        "count": 9570,
        "total": 4.599774059000023
    },
    "Predict": {
        "average": 0.7866353291835952,
        "count": 9570,
        "total": 7528.100100287006
    },
    "RenderingDatabase": {
        "average": 9.95702037617556e-06,
        "count": 9570,
        "total": 0.0952886850000001
    },
    "RenderingProperty": {
        "average": 6.563016300940451e-06,
        "count": 9570,
        "total": 0.06280806600000012
    },
    "comput-rank-130": {
        "average": 0.7874077928596676,
        "count": 9570,
        "total": 7535.492577667019
    },
    "recv-rank-130": {
        "average": 0.14843026207846705,
        "count": 9571,
        "total": 1420.626038353008
    },
    "send-rank-130": {
        "average": 2.642056530825506e-06,
        "count": 9570,
        "total": 0.025284481000000095
    }
}
