{
    "AG5kt0": {
        "average": null,
        "count": 0,
        "total": 0.0
    },
    "CalculatingResidual": {
        "average": 0.0001528944452329529,
        "count": 9723,
        "total": 1.4865926910000011
    },
    "CreatePrediction": {
        "average": 2.570735369741841e-07,
        "count": 9723,
        "total": 0.002499525999999992
    },
    "ErrorMPI": {
        "average": 3.52017554,
        "count": 1,
        "total": 3.52017554
    },
    "InitPrediction": {
        "average": 0.00047603377126401294,
        "count": 9723,
        "total": 4.628476357999998
    },
    "Predict": {
        "average": 0.7741219084194177,
        "count": 9723,
        "total": 7526.787315561999
    },
    "RenderingDatabase": {
        "average": 9.876530700401146e-06,
        "count": 9723,
        "total": 0.09602950800000033
    },
    "RenderingProperty": {
        "average": 6.593701635297725e-06,
        "count": 9723,
        "total": 0.06411056099999977
    },
    "comput-rank-270": {
        "average": 0.774885965125164,
        "count": 9723,
        "total": 7534.2162389119685
    },
    "recv-rank-270": {
        "average": 0.14623398291320475,
        "count": 9724,
        "total": 1421.9792498480028
    },
    "send-rank-270": {
        "average": 2.8827987246734515e-06,
        "count": 9723,
        "total": 0.02802945199999997
    }
}
