{
    "CMD7n4": {
        "average": null,
        "count": 0,
        "total": 0.0
    },
    "CalculatingResidual": {
        "average": 0.0001541212012551398,
        "count": 9242,
        "total": 1.424388142000002
    },
    "CreatePrediction": {
        "average": 2.7152153213590467e-07,
        "count": 9242,
        "total": 0.0025094020000000308
    },
    "ErrorMPI": {
        "average": 3.511429811,
        "count": 1,
        "total": 3.511429811
    },
    "InitPrediction": {
        "average": 0.0004787709812811085,
        "count": 9242,
        "total": 4.424801409000005
    },
    "Predict": {
        "average": 0.8129873450540993,
        "count": 9242,
        "total": 7513.6290429899855
    },
    "RenderingDatabase": {
        "average": 9.835966673880111e-06,
        "count": 9242,
        "total": 0.090904004
    },
    "RenderingProperty": {
        "average": 6.917614260982473e-06,
        "count": 9242,
        "total": 0.06393259100000001
    },
    "comput-rank-262": {
        "average": 0.8137603984421117,
        "count": 9242,
        "total": 7520.773602401996
    },
    "recv-rank-262": {
        "average": 0.15529886036395105,
        "count": 9243,
        "total": 1435.4273663439994
    },
    "send-rank-262": {
        "average": 3.0661732309024006e-06,
        "count": 9242,
        "total": 0.028337572999999987
    }
}
