{
    "CalculatingResidual": {
        "average": 0.0001536742522476496,
        "count": 9788,
        "total": 1.5041635809999943
    },
    "CreatePrediction": {
        "average": 2.5784603596240017e-07,
        "count": 9788,
        "total": 0.002523796999999973
    },
    "ErrorMPI": {
        "average": 3.527184941,
        "count": 1,
        "total": 3.527184941
    },
    "InitPrediction": {
        "average": 0.0004798404168369449,
        "count": 9788,
        "total": 4.696678000000016
    },
    "Predict": {
        "average": 0.7688889784824271,
        "count": 9788,
        "total": 7525.885321385997
    },
    "RenderingDatabase": {
        "average": 9.638944319575037e-06,
        "count": 9788,
        "total": 0.09434598700000046
    },
    "RenderingProperty": {
        "average": 6.6387173069064095e-06,
        "count": 9788,
        "total": 0.06497976499999994
    },
    "comput-rank-229": {
        "average": 0.7696526911005341,
        "count": 9788,
        "total": 7533.360540492028
    },
    "recv-rank-229": {
        "average": 0.14534792111247302,
        "count": 9789,
        "total": 1422.8107997699983
    },
    "send-rank-229": {
        "average": 2.5907034123416445e-06,
        "count": 9788,
        "total": 0.025357805000000018
    },
    "ummif6": {
        "average": null,
        "count": 0,
        "total": 0.0
    }
}
