{
    "CalculatingResidual": {
        "average": 0.00015260586605769316,
        "count": 10400,
        "total": 1.587101007000009
    },
    "CreatePrediction": {
        "average": 2.2627326923076862e-07,
        "count": 10400,
        "total": 0.0023532419999999937
    },
    "ErrorMPI": {
        "average": 3.576554924,
        "count": 1,
        "total": 3.576554924
    },
    "InitPrediction": {
        "average": 0.0004613648743269236,
        "count": 10400,
        "total": 4.7981946930000055
    },
    "Predict": {
        "average": 0.7270947900163475,
        "count": 10400,
        "total": 7561.785816170014
    },
    "RenderingDatabase": {
        "average": 9.96518615384619e-06,
        "count": 10400,
        "total": 0.10363793600000037
    },
    "RenderingProperty": {
        "average": 6.627686057692318e-06,
        "count": 10400,
        "total": 0.0689279350000001
    },
    "comput-rank-79": {
        "average": 0.7278385906681735,
        "count": 10400,
        "total": 7569.521342949004
    },
    "recv-rank-79": {
        "average": 0.13331520418998238,
        "count": 10401,
        "total": 1386.611438780007
    },
    "send-rank-79": {
        "average": 2.6208850000000013e-06,
        "count": 10400,
        "total": 0.027257204000000014
    },
    "vJpkiE": {
        "average": null,
        "count": 0,
        "total": 0.0
    }
}
