{
    "CalculatingResidual": {
        "average": 0.00015185455435921927,
        "count": 10495,
        "total": 1.5937135480000062
    },
    "CreatePrediction": {
        "average": 2.3221800857551172e-07,
        "count": 10495,
        "total": 0.0024371279999999954
    },
    "ErrorMPI": {
        "average": 3.500341186,
        "count": 1,
        "total": 3.500341186
    },
    "InitPrediction": {
        "average": 0.00046342464249642427,
        "count": 10495,
        "total": 4.863641622999973
    },
    "Predict": {
        "average": 0.7192958435952327,
        "count": 10495,
        "total": 7549.009878531967
    },
    "RenderingDatabase": {
        "average": 1.0038746164840398e-05,
        "count": 10495,
        "total": 0.10535664099999997
    },
    "RenderingProperty": {
        "average": 6.560386088613623e-06,
        "count": 10495,
        "total": 0.06885125199999997
    },
    "comput-rank-62": {
        "average": 0.7200404241532156,
        "count": 10495,
        "total": 7556.824251487998
    },
    "hYQkl1": {
        "average": null,
        "count": 0,
        "total": 0.0
    },
    "recv-rank-62": {
        "average": 0.13332014442578138,
        "count": 10496,
        "total": 1399.3282358930014
    },
    "send-rank-62": {
        "average": 1.9788069556931905e-06,
        "count": 10495,
        "total": 0.020767579000000036
    }
}
