{
    "CalculatingResidual": {
        "average": 0.00015255486372215944,
        "count": 10596,
        "total": 1.6164713360000014
    },
    "CreatePrediction": {
        "average": 2.474006228765581e-07,
        "count": 10596,
        "total": 0.0026214570000000098
    },
    "ErrorMPI": {
        "average": 3.555222176,
        "count": 1,
        "total": 3.555222176
    },
    "InitPrediction": {
        "average": 0.0004615557907701025,
        "count": 10596,
        "total": 4.890645159000006
    },
    "Predict": {
        "average": 0.7132230507001693,
        "count": 10596,
        "total": 7557.311445218995
    },
    "RenderingDatabase": {
        "average": 9.993295111362841e-06,
        "count": 10596,
        "total": 0.10588895500000067
    },
    "RenderingProperty": {
        "average": 6.663955643639088e-06,
        "count": 10596,
        "total": 0.07061127399999978
    },
    "comput-rank-199": {
        "average": 0.7139690153393727,
        "count": 10596,
        "total": 7565.215686535993
    },
    "pPHJb8": {
        "average": null,
        "count": 0,
        "total": 0.0
    },
    "recv-rank-199": {
        "average": 0.13125577486779302,
        "count": 10597,
        "total": 1390.9174462740027
    },
    "send-rank-199": {
        "average": 2.775659022272551e-06,
        "count": 10596,
        "total": 0.02941088299999995
    }
}
