{
    "BJP08b": {
        "average": null,
        "count": 0,
        "total": 0.0
    },
    "CalculatingResidual": {
        "average": 0.000151070068237512,
        "count": 10610,
        "total": 1.6028534240000023
    },
    "CreatePrediction": {
        "average": 2.7564401508011937e-07,
        "count": 10610,
        "total": 0.0029245830000000665
    },
    "ErrorMPI": {
        "average": 3.450842822,
        "count": 1,
        "total": 3.450842822
    },
    "InitPrediction": {
        "average": 0.00046426766578699344,
        "count": 10610,
        "total": 4.925879934
    },
    "Predict": {
        "average": 0.7139341372274298,
        "count": 10610,
        "total": 7574.841195983031
    },
    "RenderingDatabase": {
        "average": 1.0143618944392076e-05,
        "count": 10610,
        "total": 0.10762379699999992
    },
    "RenderingProperty": {
        "average": 6.334719981149838e-06,
        "count": 10610,
        "total": 0.06721137899999978
    },
    "comput-rank-38": {
        "average": 0.7146785242913308,
        "count": 10610,
        "total": 7582.73914273102
    },
    "recv-rank-38": {
        "average": 0.1294378434776169,
        "count": 10611,
        "total": 1373.4649571409927
    },
    "send-rank-38": {
        "average": 1.665827898209232e-06,
        "count": 10610,
        "total": 0.01767443399999995
    }
}
