{
    "2dvH3p": {
        "average": null,
        "count": 0,
        "total": 0.0
    },
    "CalculatingResidual": {
        "average": 0.00015444135514918126,
        "count": 10390,
        "total": 1.6046456799999933
    },
    "CreatePrediction": {
        "average": 2.997527430221262e-07,
        "count": 10390,
        "total": 0.0031144309999998916
    },
    "ErrorMPI": {
        "average": 3.513825179,
        "count": 1,
        "total": 3.513825179
    },
    "InitPrediction": {
        "average": 0.00046580995928777625,
        "count": 10390,
        "total": 4.839765476999995
    },
    "Predict": {
        "average": 0.7282525799908589,
        "count": 10390,
        "total": 7566.544306105024
    },
    "RenderingDatabase": {
        "average": 9.661654956689216e-06,
        "count": 10390,
        "total": 0.10038459500000095
    },
    "RenderingProperty": {
        "average": 7.045332627526481e-06,
        "count": 10390,
        "total": 0.07320100600000014
    },
    "comput-rank-189": {
        "average": 0.7290042718346493,
        "count": 10390,
        "total": 7574.354384362006
    },
    "recv-rank-189": {
        "average": 0.1329798225434508,
        "count": 10391,
        "total": 1381.7933360489974
    },
    "send-rank-189": {
        "average": 3.291876804619835e-06,
        "count": 10390,
        "total": 0.03420260000000008
    }
}
