{
    "6Fg492": {
        "average": null,
        "count": 0,
        "total": 0.0
    },
    "CalculatingResidual": {
        "average": 0.00015312922361068748,
        "count": 9843,
        "total": 1.507250947999997
    },
    "CreatePrediction": {
        "average": 3.1254272071522e-07,
        "count": 9843,
        "total": 0.00307635799999991
    },
    "ErrorMPI": {
        "average": 3.422231166,
        "count": 1,
        "total": 3.422231166
    },
    "InitPrediction": {
        "average": 0.0004752484724169465,
        "count": 9843,
        "total": 4.677870714000004
    },
    "Predict": {
        "average": 0.7662972902599817,
        "count": 9843,
        "total": 7542.664228029
    },
    "RenderingDatabase": {
        "average": 9.597230112770532e-06,
        "count": 9843,
        "total": 0.09446553600000035
    },
    "RenderingProperty": {
        "average": 6.951104846083521e-06,
        "count": 9843,
        "total": 0.0684197250000001
    },
    "comput-rank-240": {
        "average": 0.7670571885341866,
        "count": 9843,
        "total": 7550.143906741999
    },
    "recv-rank-240": {
        "average": 0.14283967261753386,
        "count": 9844,
        "total": 1406.1137372470032
    },
    "send-rank-240": {
        "average": 3.2493577161434595e-06,
        "count": 9843,
        "total": 0.03198342800000007
    }
}
