{
    "CalculatingResidual": {
        "average": 0.0001555862712261854,
        "count": 10235,
        "total": 1.5924254860000076
    },
    "CreatePrediction": {
        "average": 2.5843859306301725e-07,
        "count": 10235,
        "total": 0.0026451189999999814
    },
    "ErrorMPI": {
        "average": 3.447215286,
        "count": 1,
        "total": 3.447215286
    },
    "InitPrediction": {
        "average": 0.0004890671912066441,
        "count": 10235,
        "total": 5.005602702000003
    },
    "Predict": {
        "average": 0.738241092452563,
        "count": 10235,
        "total": 7555.897581251982
    },
    "RenderingDatabase": {
        "average": 9.52058641915002e-06,
        "count": 10235,
        "total": 0.09744320200000046
    },
    "RenderingProperty": {
        "average": 6.695984660478742e-06,
        "count": 10235,
        "total": 0.06853340299999992
    },
    "comput-rank-125": {
        "average": 0.7390162716319518,
        "count": 10235,
        "total": 7563.831540153027
    },
    "recv-rank-125": {
        "average": 0.1360327137108253,
        "count": 10236,
        "total": 1392.4308575440077
    },
    "send-rank-125": {
        "average": 2.7689936492427984e-06,
        "count": 10235,
        "total": 0.028340650000000044
    },
    "vYNIkH": {
        "average": null,
        "count": 0,
        "total": 0.0
    }
}
