{
    "CalculatingResidual": {
        "average": 0.0001529019034118682,
        "count": 10229,
        "total": 1.5640335699999999
    },
    "CreatePrediction": {
        "average": 2.796237168833682e-07,
        "count": 10229,
        "total": 0.0028602709999999733
    },
    "ErrorMPI": {
        "average": 3.573263941,
        "count": 1,
        "total": 3.573263941
    },
    "InitPrediction": {
        "average": 0.00046667364062958456,
        "count": 10229,
        "total": 4.7736046700000205
    },
    "Predict": {
        "average": 0.7382077484075633,
        "count": 10229,
        "total": 7551.127058460966
    },
    "RenderingDatabase": {
        "average": 9.56484974093269e-06,
        "count": 10229,
        "total": 0.09783884800000049
    },
    "RenderingProperty": {
        "average": 6.9620373448039795e-06,
        "count": 10229,
        "total": 0.0712146799999999
    },
    "WtmRNU": {
        "average": null,
        "count": 0,
        "total": 0.0
    },
    "comput-rank-222": {
        "average": 0.7389578144498006,
        "count": 10229,
        "total": 7558.7994840070105
    },
    "recv-rank-222": {
        "average": 0.13658918771466297,
        "count": 10230,
        "total": 1397.3073903210022
    },
    "send-rank-222": {
        "average": 3.1506716199041893e-06,
        "count": 10229,
        "total": 0.03222821999999995
    }
}
