{
    "4JtuEY": {
        "average": null,
        "count": 0,
        "total": 0.0
    },
    "CalculatingResidual": {
        "average": 0.000152795518811099,
        "count": 10127,
        "total": 1.5473602189999998
    },
    "CreatePrediction": {
        "average": 2.6820252789572563e-07,
        "count": 10127,
        "total": 0.0027160870000000137
    },
    "ErrorMPI": {
        "average": 3.520124676,
        "count": 1,
        "total": 3.520124676
    },
    "InitPrediction": {
        "average": 0.0004856472598992812,
        "count": 10127,
        "total": 4.918149801000021
    },
    "Predict": {
        "average": 0.7449368336149906,
        "count": 10127,
        "total": 7543.97531401901
    },
    "RenderingDatabase": {
        "average": 1.0001565517922385e-05,
        "count": 10127,
        "total": 0.101285854
    },
    "RenderingProperty": {
        "average": 6.708507060333773e-06,
        "count": 10127,
        "total": 0.06793705100000012
    },
    "comput-rank-50": {
        "average": 0.7457062748720288,
        "count": 10127,
        "total": 7551.767445629036
    },
    "recv-rank-50": {
        "average": 0.1386620131551142,
        "count": 10128,
        "total": 1404.3688692349965
    },
    "send-rank-50": {
        "average": 1.7478314407030729e-06,
        "count": 10127,
        "total": 0.01770028900000002
    }
}
