{
    "8aLXwR": {
        "average": null,
        "count": 0,
        "total": 0.0
    },
    "CalculatingResidual": {
        "average": 0.00015227009064216622,
        "count": 10558,
        "total": 1.6076676169999908
    },
    "CreatePrediction": {
        "average": 2.636087327145283e-07,
        "count": 10558,
        "total": 0.00278318099999999
    },
    "ErrorMPI": {
        "average": 3.439867392,
        "count": 1,
        "total": 3.439867392
    },
    "InitPrediction": {
        "average": 0.00045979291740859933,
        "count": 10558,
        "total": 4.854493621999992
    },
    "Predict": {
        "average": 0.7152283253964736,
        "count": 10558,
        "total": 7551.380659535968
    },
    "RenderingDatabase": {
        "average": 1.0019489581360117e-05,
        "count": 10558,
        "total": 0.10578577100000013
    },
    "RenderingProperty": {
        "average": 6.683662814927063e-06,
        "count": 10558,
        "total": 0.07056611199999993
    },
    "comput-rank-151": {
        "average": 0.7159668451470941,
        "count": 10558,
        "total": 7559.1779510630195
    },
    "recv-rank-151": {
        "average": 0.1323095674955015,
        "count": 10559,
        "total": 1397.0567231850002
    },
    "send-rank-151": {
        "average": 2.940193028982755e-06,
        "count": 10558,
        "total": 0.03104255799999993
    }
}
