{
    "CalculatingResidual": {
        "average": 0.0001542035467182272,
        "count": 9568,
        "total": 1.475419534999998
    },
    "CreatePrediction": {
        "average": 2.4597010869565095e-07,
        "count": 9568,
        "total": 0.002353441999999988
    },
    "ErrorMPI": {
        "average": 3.375236487,
        "count": 1,
        "total": 3.375236487
    },
    "InitPrediction": {
        "average": 0.00048251667976588627,
        "count": 9568,
        "total": 4.616719592
    },
    "Predict": {
        "average": 0.7884475350704413,
        "count": 9568,
        "total": 7543.866015553982
    },
    "RenderingDatabase": {
        "average": 9.942056124581942e-06,
        "count": 9568,
        "total": 0.09512559300000002
    },
    "RenderingProperty": {
        "average": 6.756954117892989e-06,
        "count": 9568,
        "total": 0.06465053700000012
    },
    "comput-rank-139": {
        "average": 0.7892170967319234,
        "count": 9568,
        "total": 7551.229181531044
    },
    "lzO5rz": {
        "average": null,
        "count": 0,
        "total": 0.0
    },
    "recv-rank-139": {
        "average": 0.1468347519807711,
        "count": 9569,
        "total": 1405.0617417039987
    },
    "send-rank-139": {
        "average": 2.8490245610367945e-06,
        "count": 9568,
        "total": 0.02725946700000005
    }
}
