{
    "CalculatingResidual": {
        "average": 0.00015122654773097968,
        "count": 10423,
        "total": 1.5762343070000011
    },
    "CreatePrediction": {
        "average": 2.4073241868943463e-07,
        "count": 10423,
        "total": 0.002509153999999977
    },
    "ErrorMPI": {
        "average": 3.501170303,
        "count": 1,
        "total": 3.501170303
    },
    "InitPrediction": {
        "average": 0.00046118288074450763,
        "count": 10423,
        "total": 4.806909166000003
    },
    "Predict": {
        "average": 0.7261461162577953,
        "count": 10423,
        "total": 7568.620969755001
    },
    "RenderingDatabase": {
        "average": 9.984777799098196e-06,
        "count": 10423,
        "total": 0.1040713390000005
    },
    "RenderingProperty": {
        "average": 6.550617960280131e-06,
        "count": 10423,
        "total": 0.0682770909999998
    },
    "comput-rank-22": {
        "average": 0.7268870055012023,
        "count": 10423,
        "total": 7576.343258339032
    },
    "eAk1pp": {
        "average": null,
        "count": 0,
        "total": 0.0
    },
    "recv-rank-22": {
        "average": 0.13236884117037578,
        "count": 10424,
        "total": 1379.812800359997
    },
    "send-rank-22": {
        "average": 1.5936352297802957e-06,
        "count": 10423,
        "total": 0.01661046000000002
    }
}
