{
    "4yOLWc": {
        "average": null,
        "count": 0,
        "total": 0.0
    },
    "CalculatingResidual": {
        "average": 0.00014965343450869766,
        "count": 10635,
        "total": 1.5915642759999995
    },
    "CreatePrediction": {
        "average": 2.5794188998589475e-07,
        "count": 10635,
        "total": 0.0027432119999999905
    },
    "ErrorMPI": {
        "average": 3.503412877,
        "count": 1,
        "total": 3.503412877
    },
    "InitPrediction": {
        "average": 0.0004593730047954874,
        "count": 10635,
        "total": 4.885431906000009
    },
    "Predict": {
        "average": 0.7076701929015556,
        "count": 10635,
        "total": 7526.072501508044
    },
    "RenderingDatabase": {
        "average": 9.563614856605601e-06,
        "count": 10635,
        "total": 0.10170904400000057
    },
    "RenderingProperty": {
        "average": 6.567765679360573e-06,
        "count": 10635,
        "total": 0.0698481879999997
    },
    "comput-rank-244": {
        "average": 0.7084034172060161,
        "count": 10635,
        "total": 7533.870341985981
    },
    "recv-rank-244": {
        "average": 0.1337266895127868,
        "count": 10636,
        "total": 1422.3170696580005
    },
    "send-rank-244": {
        "average": 2.7748853784673238e-06,
        "count": 10635,
        "total": 0.02951090599999999
    }
}
