{
    "9VgpRo": {
        "average": null,
        "count": 0,
        "total": 0.0
    },
    "CalculatingResidual": {
        "average": 0.00015121848551564342,
        "count": 10356,
        "total": 1.5660186360000032
    },
    "CreatePrediction": {
        "average": 2.9462707609114553e-07,
        "count": 10356,
        "total": 0.003051157999999903
    },
    "ErrorMPI": {
        "average": 3.390577314,
        "count": 1,
        "total": 3.390577314
    },
    "InitPrediction": {
        "average": 0.00046391663238702104,
        "count": 10356,
        "total": 4.80432064499999
    },
    "Predict": {
        "average": 0.7267097151057322,
        "count": 10356,
        "total": 7525.805809634963
    },
    "RenderingDatabase": {
        "average": 1.0250445056006226e-05,
        "count": 10356,
        "total": 0.10615360900000047
    },
    "RenderingProperty": {
        "average": 6.813202201622241e-06,
        "count": 10356,
        "total": 0.07055752199999993
    },
    "comput-rank-32": {
        "average": 0.7274574709849371,
        "count": 10356,
        "total": 7533.549569520009
    },
    "recv-rank-32": {
        "average": 0.13736653393308842,
        "count": 10357,
        "total": 1422.7051919449968
    },
    "send-rank-32": {
        "average": 1.810250579374282e-06,
        "count": 10356,
        "total": 0.018746955000000065
    }
}
