{
    "2fCa9p": {
        "average": null,
        "count": 0,
        "total": 0.0
    },
    "CalculatingResidual": {
        "average": 0.00015474934332487906,
        "count": 8674,
        "total": 1.342295804000001
    },
    "CreatePrediction": {
        "average": 2.805357389900944e-07,
        "count": 8674,
        "total": 0.002433367000000079
    },
    "ErrorMPI": {
        "average": 3.441915982,
        "count": 1,
        "total": 3.441915982
    },
    "InitPrediction": {
        "average": 0.0004842341830758593,
        "count": 8674,
        "total": 4.200247304000004
    },
    "Predict": {
        "average": 0.8719566883533545,
        "count": 8674,
        "total": 7563.3523147769965
    },
    "RenderingDatabase": {
        "average": 9.741489278303013e-06,
        "count": 8674,
        "total": 0.08449767800000034
    },
    "RenderingProperty": {
        "average": 6.596607908692666e-06,
        "count": 8674,
        "total": 0.057218977000000185
    },
    "comput-rank-123": {
        "average": 0.8727237432906375,
        "count": 8674,
        "total": 7570.00574930299
    },
    "recv-rank-123": {
        "average": 0.1598003975037466,
        "count": 8675,
        "total": 1386.2684483450018
    },
    "send-rank-123": {
        "average": 2.9915748213050385e-06,
        "count": 8674,
        "total": 0.025948919999999903
    }
}
