{
    "CalculatingResidual": {
        "average": 0.00015690592079903654,
        "count": 9962,
        "total": 1.563096783000002
    },
    "CreatePrediction": {
        "average": 2.832730375426708e-07,
        "count": 9962,
        "total": 0.0028219660000000863
    },
    "ErrorMPI": {
        "average": 3.442094524,
        "count": 1,
        "total": 3.442094524
    },
    "InitPrediction": {
        "average": 0.00048368275175667485,
        "count": 9962,
        "total": 4.818447572999995
    },
    "Predict": {
        "average": 0.7572814453079694,
        "count": 9962,
        "total": 7544.0377581579905
    },
    "RenderingDatabase": {
        "average": 9.955797831760754e-06,
        "count": 9962,
        "total": 0.09917965800000063
    },
    "RenderingProperty": {
        "average": 6.941462055812124e-06,
        "count": 9962,
        "total": 0.06915084500000038
    },
    "comput-rank-88": {
        "average": 0.7580576366171464,
        "count": 9962,
        "total": 7551.770175980013
    },
    "qCQFHI": {
        "average": null,
        "count": 0,
        "total": 0.0
    },
    "recv-rank-88": {
        "average": 0.14097017940710727,
        "count": 9963,
        "total": 1404.4858974330098
    },
    "send-rank-88": {
        "average": 3.0004771130295096e-06,
        "count": 9962,
        "total": 0.029890752999999975
    }
}
