{
    "1fq3cu": {
        "average": null,
        "count": 0,
        "total": 0.0
    },
    "CalculatingResidual": {
        "average": 0.00015833675589105425,
        "count": 9803,
        "total": 1.5521752180000048
    },
    "CreatePrediction": {
        "average": 3.05607365092315e-07,
        "count": 9803,
        "total": 0.002995868999999964
    },
    "ErrorMPI": {
        "average": 3.469962581,
        "count": 1,
        "total": 3.469962581
    },
    "InitPrediction": {
        "average": 0.00048282618147505943,
        "count": 9803,
        "total": 4.733145057000008
    },
    "Predict": {
        "average": 0.772553525934202,
        "count": 9803,
        "total": 7573.342214732982
    },
    "RenderingDatabase": {
        "average": 1.0422333571355743e-05,
        "count": 9803,
        "total": 0.10217013600000034
    },
    "RenderingProperty": {
        "average": 7.175949709272653e-06,
        "count": 9803,
        "total": 0.07034583499999982
    },
    "comput-rank-137": {
        "average": 0.7733342711584189,
        "count": 9803,
        "total": 7580.995860165981
    },
    "recv-rank-137": {
        "average": 0.1402693489946961,
        "count": 9804,
        "total": 1375.2006975440006
    },
    "send-rank-137": {
        "average": 3.2972102417627245e-06,
        "count": 9803,
        "total": 0.03232255199999999
    }
}
