{
    "CalculatingResidual": {
        "average": 0.00015355565941334325,
        "count": 10432,
        "total": 1.6018926389999968
    },
    "CreatePrediction": {
        "average": 2.54396184815949e-07,
        "count": 10432,
        "total": 0.0026538609999999796
    },
    "ErrorMPI": {
        "average": 3.389636484,
        "count": 1,
        "total": 3.389636484
    },
    "InitPrediction": {
        "average": 0.00046419652156825175,
        "count": 10432,
        "total": 4.842498113000002
    },
    "Predict": {
        "average": 0.7245014190300048,
        "count": 10432,
        "total": 7557.998803321009
    },
    "RenderingDatabase": {
        "average": 9.912201495398777e-06,
        "count": 10432,
        "total": 0.10340408600000003
    },
    "RenderingProperty": {
        "average": 6.522324482361941e-06,
        "count": 10432,
        "total": 0.06804088899999977
    },
    "a5yE7g": {
        "average": null,
        "count": 0,
        "total": 0.0
    },
    "comput-rank-30": {
        "average": 0.7252499525199366,
        "count": 10432,
        "total": 7565.807504687979
    },
    "recv-rank-30": {
        "average": 0.13327487839250415,
        "count": 10433,
        "total": 1390.4568062689957
    },
    "send-rank-30": {
        "average": 1.6821032400306845e-06,
        "count": 10432,
        "total": 0.0175477010000001
    }
}
