{
    "CalculatingResidual": {
        "average": 0.00015528232585573432,
        "count": 10342,
        "total": 1.6059298140000042
    },
    "CreatePrediction": {
        "average": 2.5427808934442803e-07,
        "count": 10342,
        "total": 0.0026297440000000744
    },
    "ErrorMPI": {
        "average": 3.463361337,
        "count": 1,
        "total": 3.463361337
    },
    "InitPrediction": {
        "average": 0.00046459386598336896,
        "count": 10342,
        "total": 4.804829762000002
    },
    "Predict": {
        "average": 0.7292644093426788,
        "count": 10342,
        "total": 7542.052521421984
    },
    "RenderingDatabase": {
        "average": 9.579228195706884e-06,
        "count": 10342,
        "total": 0.0990683780000006
    },
    "RenderingProperty": {
        "average": 7.04044169406304e-06,
        "count": 10342,
        "total": 0.07281224799999995
    },
    "comput-rank-181": {
        "average": 0.7300160721551885,
        "count": 10342,
        "total": 7549.826218228959
    },
    "pbCySS": {
        "average": null,
        "count": 0,
        "total": 0.0
    },
    "recv-rank-181": {
        "average": 0.13597386472319478,
        "count": 10343,
        "total": 1406.3776828320038
    },
    "send-rank-181": {
        "average": 3.2239438213111527e-06,
        "count": 10342,
        "total": 0.03334202699999994
    }
}
