{
    "C5gpxU": {
        "average": null,
        "count": 0,
        "total": 0.0
    },
    "CalculatingResidual": {
        "average": 0.00015579059502355075,
        "count": 9766,
        "total": 1.5214509509999967
    },
    "CreatePrediction": {
        "average": 2.7255447470817234e-07,
        "count": 9766,
        "total": 0.002661767000000011
    },
    "ErrorMPI": {
        "average": 3.55094121,
        "count": 1,
        "total": 3.55094121
    },
    "InitPrediction": {
        "average": 0.00048200557567069295,
        "count": 9766,
        "total": 4.707266451999987
    },
    "Predict": {
        "average": 0.7718477652198467,
        "count": 9766,
        "total": 7537.865275137023
    },
    "RenderingDatabase": {
        "average": 9.89226797050992e-06,
        "count": 9766,
        "total": 0.09660788899999988
    },
    "RenderingProperty": {
        "average": 6.700075261109948e-06,
        "count": 9766,
        "total": 0.06543293499999975
    },
    "comput-rank-271": {
        "average": 0.7726199680850918,
        "count": 9766,
        "total": 7545.406608319006
    },
    "recv-rank-271": {
        "average": 0.14444112193815964,
        "count": 9767,
        "total": 1410.7564379700052
    },
    "send-rank-271": {
        "average": 2.7518905386033137e-06,
        "count": 9766,
        "total": 0.02687496299999996
    }
}
