{
    "BQ6M5b": {
        "average": null,
        "count": 0,
        "total": 0.0
    },
    "CalculatingResidual": {
        "average": 0.00015151212356375991,
        "count": 10618,
        "total": 1.6087557280000029
    },
    "CreatePrediction": {
        "average": 2.672598417781187e-07,
        "count": 10618,
        "total": 0.0028377650000000645
    },
    "ErrorMPI": {
        "average": 3.504509433,
        "count": 1,
        "total": 3.504509433
    },
    "InitPrediction": {
        "average": 0.0004636519454699572,
        "count": 10618,
        "total": 4.923056357000005
    },
    "Predict": {
        "average": 0.708565622669707,
        "count": 10618,
        "total": 7523.549781506949
    },
    "RenderingDatabase": {
        "average": 9.640820493501618e-06,
        "count": 10618,
        "total": 0.10236623200000018
    },
    "RenderingProperty": {
        "average": 6.472867865888089e-06,
        "count": 10618,
        "total": 0.06872891099999973
    },
    "comput-rank-287": {
        "average": 0.7093088153076831,
        "count": 10618,
        "total": 7531.4410009369785
    },
    "recv-rank-287": {
        "average": 0.13417122694349784,
        "count": 10619,
        "total": 1424.7642589130037
    },
    "send-rank-287": {
        "average": 2.625547654925605e-06,
        "count": 10618,
        "total": 0.027878065000000073
    }
}
