{
    "82a9nk": {
        "average": null,
        "count": 0,
        "total": 0.0
    },
    "CalculatingResidual": {
        "average": 0.00015174777077252405,
        "count": 10278,
        "total": 1.5596635880000023
    },
    "CreatePrediction": {
        "average": 2.763627164818018e-07,
        "count": 10278,
        "total": 0.0028404559999999587
    },
    "ErrorMPI": {
        "average": 3.599990636,
        "count": 1,
        "total": 3.599990636
    },
    "InitPrediction": {
        "average": 0.00047059312337030713,
        "count": 10278,
        "total": 4.836756122000017
    },
    "Predict": {
        "average": 0.733767384854346,
        "count": 10278,
        "total": 7541.661181532968
    },
    "RenderingDatabase": {
        "average": 1.0061335571122841e-05,
        "count": 10278,
        "total": 0.10341040700000056
    },
    "RenderingProperty": {
        "average": 6.6038027826425206e-06,
        "count": 10278,
        "total": 0.06787388499999983
    },
    "comput-rank-213": {
        "average": 0.7345190187209615,
        "count": 10278,
        "total": 7549.386474414042
    },
    "recv-rank-213": {
        "average": 0.13685208498112675,
        "count": 10279,
        "total": 1406.7025815210018
    },
    "send-rank-213": {
        "average": 2.69811257053901e-06,
        "count": 10278,
        "total": 0.027731200999999945
    }
}
