{
    "CalculatingResidual": {
        "average": 0.00015258652869682625,
        "count": 10367,
        "total": 1.5818645429999978
    },
    "CreatePrediction": {
        "average": 2.522322754895337e-07,
        "count": 10367,
        "total": 0.002614891999999996
    },
    "ErrorMPI": {
        "average": 3.552329981,
        "count": 1,
        "total": 3.552329981
    },
    "InitPrediction": {
        "average": 0.00047010106240957,
        "count": 10367,
        "total": 4.873537714000012
    },
    "Predict": {
        "average": 0.7285050866607486,
        "count": 10367,
        "total": 7552.412233411981
    },
    "RenderingDatabase": {
        "average": 1.0109697887527828e-05,
        "count": 10367,
        "total": 0.104807238000001
    },
    "RenderingProperty": {
        "average": 6.302747371467148e-06,
        "count": 10367,
        "total": 0.06534058199999992
    },
    "comput-rank-76": {
        "average": 0.7292584105474078,
        "count": 10367,
        "total": 7560.221942144976
    },
    "recv-rank-76": {
        "average": 0.13463918632349564,
        "count": 10368,
        "total": 1395.9390838020029
    },
    "send-rank-76": {
        "average": 2.4653912414391807e-06,
        "count": 10367,
        "total": 0.025558710999999984
    },
    "yHlJTv": {
        "average": null,
        "count": 0,
        "total": 0.0
    }
}
