{
    "CalculatingResidual": {
        "average": 0.00015268587854172733,
        "count": 10341,
        "total": 1.5789246700000024
    },
    "CreatePrediction": {
        "average": 2.486908422783093e-07,
        "count": 10341,
        "total": 0.002571711999999997
    },
    "ErrorMPI": {
        "average": 3.36812718,
        "count": 1,
        "total": 3.36812718
    },
    "InitPrediction": {
        "average": 0.00046561377187892864,
        "count": 10341,
        "total": 4.814912015000001
    },
    "MzqnYh": {
        "average": null,
        "count": 0,
        "total": 0.0
    },
    "Predict": {
        "average": 0.7303682813223095,
        "count": 10341,
        "total": 7552.738397154002
    },
    "RenderingDatabase": {
        "average": 9.676695483995773e-06,
        "count": 10341,
        "total": 0.10006670800000028
    },
    "RenderingProperty": {
        "average": 6.629979015569091e-06,
        "count": 10341,
        "total": 0.06856061299999996
    },
    "comput-rank-159": {
        "average": 0.7311131697046717,
        "count": 10341,
        "total": 7560.44128791601
    },
    "recv-rank-159": {
        "average": 0.13497066770276522,
        "count": 10342,
        "total": 1395.8666453819978
    },
    "send-rank-159": {
        "average": 2.8267077652064597e-06,
        "count": 10341,
        "total": 0.029230985
    }
}
