{
    "CalculatingResidual": {
        "average": 0.00015264375231902066,
        "count": 10457,
        "total": 1.596195717999999
    },
    "CreatePrediction": {
        "average": 2.4591240317490377e-07,
        "count": 10457,
        "total": 0.0025715059999999687
    },
    "ErrorMPI": {
        "average": 3.481142155,
        "count": 1,
        "total": 3.481142155
    },
    "InitPrediction": {
        "average": 0.0004620453773548823,
        "count": 10457,
        "total": 4.831608511000004
    },
    "Predict": {
        "average": 0.7223991122775175,
        "count": 10457,
        "total": 7554.127517086001
    },
    "RenderingDatabase": {
        "average": 9.806581619967556e-06,
        "count": 10457,
        "total": 0.10254742400000073
    },
    "RenderingProperty": {
        "average": 6.506061968059682e-06,
        "count": 10457,
        "total": 0.0680338900000001
    },
    "comput-rank-21": {
        "average": 0.7231439263910268,
        "count": 10457,
        "total": 7561.916038270967
    },
    "hmK2cw": {
        "average": null,
        "count": 0,
        "total": 0.0
    },
    "recv-rank-21": {
        "average": 0.1333197041419007,
        "count": 10458,
        "total": 1394.2574659159975
    },
    "send-rank-21": {
        "average": 1.8088731949890273e-06,
        "count": 10457,
        "total": 0.01891538700000026
    }
}
