{
    "7O2j6Z": {
        "average": null,
        "count": 0,
        "total": 0.0
    },
    "CalculatingResidual": {
        "average": 0.00015016192263500561,
        "count": 10444,
        "total": 1.5682911199999987
    },
    "CreatePrediction": {
        "average": 2.730607047108452e-07,
        "count": 10444,
        "total": 0.002851846000000067
    },
    "ErrorMPI": {
        "average": 3.516457757,
        "count": 1,
        "total": 3.516457757
    },
    "InitPrediction": {
        "average": 0.00046023468862504686,
        "count": 10444,
        "total": 4.806691087999989
    },
    "Predict": {
        "average": 0.721528825556588,
        "count": 10444,
        "total": 7535.647054113006
    },
    "RenderingDatabase": {
        "average": 9.551050172347743e-06,
        "count": 10444,
        "total": 0.09975116799999982
    },
    "RenderingProperty": {
        "average": 6.43821591344312e-06,
        "count": 10444,
        "total": 0.06724072699999994
    },
    "comput-rank-298": {
        "average": 0.7222658219124857,
        "count": 10444,
        "total": 7543.344244054
    },
    "recv-rank-298": {
        "average": 0.1352657410491147,
        "count": 10445,
        "total": 1412.8506652580031
    },
    "send-rank-298": {
        "average": 2.848202412868625e-06,
        "count": 10444,
        "total": 0.02974662599999992
    }
}
