{
    "4QkvgP": {
        "average": null,
        "count": 0,
        "total": 0.0
    },
    "CalculatingResidual": {
        "average": 0.00015211509679229426,
        "count": 10693,
        "total": 1.6265667300000024
    },
    "CreatePrediction": {
        "average": 2.545050967922923e-07,
        "count": 10693,
        "total": 0.0027214229999999815
    },
    "ErrorMPI": {
        "average": 3.442414133,
        "count": 1,
        "total": 3.442414133
    },
    "InitPrediction": {
        "average": 0.0004599508192275354,
        "count": 10693,
        "total": 4.918254110000036
    },
    "Predict": {
        "average": 0.705252749005049,
        "count": 10693,
        "total": 7541.267645110989
    },
    "RenderingDatabase": {
        "average": 1.0077070981015652e-05,
        "count": 10693,
        "total": 0.10775412000000037
    },
    "RenderingProperty": {
        "average": 6.854916861498201e-06,
        "count": 10693,
        "total": 0.07329962600000027
    },
    "comput-rank-19": {
        "average": 0.7059964567369303,
        "count": 10693,
        "total": 7549.220111887997
    },
    "recv-rank-19": {
        "average": 0.1315679784131284,
        "count": 10694,
        "total": 1406.987961149995
    },
    "send-rank-19": {
        "average": 1.8943573365753307e-06,
        "count": 10693,
        "total": 0.02025636300000001
    }
}
