{
    "8BhEQP": {
        "average": null,
        "count": 0,
        "total": 0.0
    },
    "CalculatingResidual": {
        "average": 0.0001514241878776438,
        "count": 10592,
        "total": 1.6038849980000032
    },
    "CreatePrediction": {
        "average": 2.773146714501475e-07,
        "count": 10592,
        "total": 0.0029373169999999623
    },
    "ErrorMPI": {
        "average": 3.511684565,
        "count": 1,
        "total": 3.511684565
    },
    "InitPrediction": {
        "average": 0.00045753656825906326,
        "count": 10592,
        "total": 4.846227330999998
    },
    "Predict": {
        "average": 0.7129517176438772,
        "count": 10592,
        "total": 7551.5845932839475
    },
    "RenderingDatabase": {
        "average": 9.80778700906351e-06,
        "count": 10592,
        "total": 0.10388408000000071
    },
    "RenderingProperty": {
        "average": 7.0296909932024e-06,
        "count": 10592,
        "total": 0.07445848699999982
    },
    "comput-rank-210": {
        "average": 0.7136921427107233,
        "count": 10592,
        "total": 7559.427175591982
    },
    "recv-rank-210": {
        "average": 0.13185521628905908,
        "count": 10593,
        "total": 1396.7423061500028
    },
    "send-rank-210": {
        "average": 3.072525962990951e-06,
        "count": 10592,
        "total": 0.03254419500000015
    }
}
