{
    "CalculatingResidual": {
        "average": 0.00015057232409918534,
        "count": 10324,
        "total": 1.5545086739999894
    },
    "CreatePrediction": {
        "average": 2.5967793490895267e-07,
        "count": 10324,
        "total": 0.002680915000000027
    },
    "Er43U8": {
        "average": null,
        "count": 0,
        "total": 0.0
    },
    "ErrorMPI": {
        "average": 3.499135752,
        "count": 1,
        "total": 3.499135752
    },
    "InitPrediction": {
        "average": 0.0004618416487795392,
        "count": 10324,
        "total": 4.768053181999963
    },
    "Predict": {
        "average": 0.7294148240270263,
        "count": 10324,
        "total": 7530.47864325502
    },
    "RenderingDatabase": {
        "average": 9.492255133669144e-06,
        "count": 10324,
        "total": 0.09799804200000024
    },
    "RenderingProperty": {
        "average": 6.438839790778759e-06,
        "count": 10324,
        "total": 0.06647458199999991
    },
    "comput-rank-316": {
        "average": 0.730153656122722,
        "count": 10324,
        "total": 7538.106345810982
    },
    "recv-rank-316": {
        "average": 0.13734697245317168,
        "count": 10325,
        "total": 1418.1074905789976
    },
    "send-rank-316": {
        "average": 2.7714330685780703e-06,
        "count": 10324,
        "total": 0.028612274999999996
    }
}
