{
    "BxyaXJ": {
        "average": null,
        "count": 0,
        "total": 0.0
    },
    "CalculatingResidual": {
        "average": 0.00015423485396411766,
        "count": 9977,
        "total": 1.5388011380000017
    },
    "CreatePrediction": {
        "average": 2.592474691791138e-07,
        "count": 9977,
        "total": 0.0025865120000000187
    },
    "ErrorMPI": {
        "average": 3.534791114,
        "count": 1,
        "total": 3.534791114
    },
    "InitPrediction": {
        "average": 0.0004789877189535944,
        "count": 9977,
        "total": 4.778860472000011
    },
    "Predict": {
        "average": 0.7546065692105832,
        "count": 9977,
        "total": 7528.709741013989
    },
    "RenderingDatabase": {
        "average": 9.576994487320882e-06,
        "count": 9977,
        "total": 0.09554967400000045
    },
    "RenderingProperty": {
        "average": 6.599789515886527e-06,
        "count": 9977,
        "total": 0.06584609999999988
    },
    "comput-rank-227": {
        "average": 0.7553682722692197,
        "count": 9977,
        "total": 7536.309252430005
    },
    "recv-rank-227": {
        "average": 0.14229845575586297,
        "count": 9978,
        "total": 1419.8539915320007
    },
    "send-rank-227": {
        "average": 2.638408439410646e-06,
        "count": 9977,
        "total": 0.026323401000000017
    }
}
