{
    "CalculatingResidual": {
        "average": 0.00015141773354170637,
        "count": 10238,
        "total": 1.5502147559999897
    },
    "CreatePrediction": {
        "average": 2.545967962492663e-07,
        "count": 10238,
        "total": 0.0026065619999999885
    },
    "ErrorMPI": {
        "average": 3.481414251,
        "count": 1,
        "total": 3.481414251
    },
    "Ht4yeI": {
        "average": null,
        "count": 0,
        "total": 0.0
    },
    "InitPrediction": {
        "average": 0.00045795013928501575,
        "count": 10238,
        "total": 4.688493525999991
    },
    "Predict": {
        "average": 0.7350339912789609,
        "count": 10238,
        "total": 7525.278002714002
    },
    "RenderingDatabase": {
        "average": 9.563631959367139e-06,
        "count": 10238,
        "total": 0.09791246400000077
    },
    "RenderingProperty": {
        "average": 6.406474409064307e-06,
        "count": 10238,
        "total": 0.06558948500000038
    },
    "comput-rank-314": {
        "average": 0.7357703384073069,
        "count": 10238,
        "total": 7532.816724614008
    },
    "recv-rank-314": {
        "average": 0.13901885681355614,
        "count": 10239,
        "total": 1423.4140749140013
    },
    "send-rank-314": {
        "average": 2.863516214104306e-06,
        "count": 10238,
        "total": 0.029316678999999887
    }
}
