{
    "CalculatingResidual": {
        "average": 0.00015398903849774088,
        "count": 10624,
        "total": 1.635979544999999
    },
    "CreatePrediction": {
        "average": 2.762579066265039e-07,
        "count": 10624,
        "total": 0.0029349639999999774
    },
    "ErrorMPI": {
        "average": 3.622906308,
        "count": 1,
        "total": 3.622906308
    },
    "InitPrediction": {
        "average": 0.0004644891024096385,
        "count": 10624,
        "total": 4.934732223999999
    },
    "Predict": {
        "average": 0.7100624113927877,
        "count": 10624,
        "total": 7543.7030586369765
    },
    "RenderingDatabase": {
        "average": 1.0097636106927747e-05,
        "count": 10624,
        "total": 0.10727728600000039
    },
    "RenderingProperty": {
        "average": 6.883495011295207e-06,
        "count": 10624,
        "total": 0.07313025100000028
    },
    "comput-rank-201": {
        "average": 0.7108160428001692,
        "count": 10624,
        "total": 7551.709638708998
    },
    "qvXdKI": {
        "average": null,
        "count": 0,
        "total": 0.0
    },
    "recv-rank-201": {
        "average": 0.13217420579040037,
        "count": 10625,
        "total": 1404.3509365230038
    },
    "send-rank-201": {
        "average": 2.897744446536129e-06,
        "count": 10624,
        "total": 0.030785636999999835
    }
}
