{
    "9G7X7i": {
        "average": null,
        "count": 0,
        "total": 0.0
    },
    "CalculatingResidual": {
        "average": 0.0001533020073719488,
        "count": 10445,
        "total": 1.6012394670000052
    },
    "CreatePrediction": {
        "average": 2.5919722355194004e-07,
        "count": 10445,
        "total": 0.0027073150000000135
    },
    "ErrorMPI": {
        "average": 3.535477381,
        "count": 1,
        "total": 3.535477381
    },
    "InitPrediction": {
        "average": 0.0004647525547151761,
        "count": 10445,
        "total": 4.854340434000014
    },
    "Predict": {
        "average": 0.7237524548356131,
        "count": 10445,
        "total": 7559.5943907579785
    },
    "RenderingDatabase": {
        "average": 9.945058401148943e-06,
        "count": 10445,
        "total": 0.10387613500000072
    },
    "RenderingProperty": {
        "average": 6.696529152704638e-06,
        "count": 10445,
        "total": 0.06994524699999995
    },
    "comput-rank-64": {
        "average": 0.7245052449405455,
        "count": 10445,
        "total": 7567.457283403997
    },
    "recv-rank-64": {
        "average": 0.13294237378489443,
        "count": 10446,
        "total": 1388.7160365570073
    },
    "send-rank-64": {
        "average": 2.5972882719004206e-06,
        "count": 10445,
        "total": 0.027128675999999893
    }
}
