{
    "3R9RGk": {
        "average": null,
        "count": 0,
        "total": 0.0
    },
    "CalculatingResidual": {
        "average": 0.00015490675468766182,
        "count": 9653,
        "total": 1.4953149029999995
    },
    "CreatePrediction": {
        "average": 2.685040919921271e-07,
        "count": 9653,
        "total": 0.002591870000000003
    },
    "ErrorMPI": {
        "average": 3.540801689,
        "count": 1,
        "total": 3.540801689
    },
    "InitPrediction": {
        "average": 0.0004805800188542406,
        "count": 9653,
        "total": 4.639038921999984
    },
    "Predict": {
        "average": 0.782896421703411,
        "count": 9653,
        "total": 7557.2991587030265
    },
    "RenderingDatabase": {
        "average": 1.0120575054387263e-05,
        "count": 9653,
        "total": 0.09769391100000024
    },
    "RenderingProperty": {
        "average": 6.6315644877239995e-06,
        "count": 9653,
        "total": 0.06401449199999977
    },
    "comput-rank-140": {
        "average": 0.7836641013766686,
        "count": 9653,
        "total": 7564.709570588982
    },
    "recv-rank-140": {
        "average": 0.1441304052280926,
        "count": 9654,
        "total": 1391.434932072006
    },
    "send-rank-140": {
        "average": 2.6622204496011626e-06,
        "count": 9653,
        "total": 0.025698414000000024
    }
}
