{
    "19hkcX": {
        "average": null,
        "count": 0,
        "total": 0.0
    },
    "CalculatingResidual": {
        "average": 0.00014923858641566497,
        "count": 10571,
        "total": 1.5776010969999943
    },
    "CreatePrediction": {
        "average": 2.7706725948349937e-07,
        "count": 10571,
        "total": 0.0029288780000000718
    },
    "ErrorMPI": {
        "average": 3.488745596,
        "count": 1,
        "total": 3.488745596
    },
    "InitPrediction": {
        "average": 0.0004559849019014305,
        "count": 10571,
        "total": 4.820216398000022
    },
    "Predict": {
        "average": 0.7125615598021945,
        "count": 10571,
        "total": 7532.4882486689985
    },
    "RenderingDatabase": {
        "average": 9.535752057515926e-06,
        "count": 10571,
        "total": 0.10080243500000084
    },
    "RenderingProperty": {
        "average": 6.585818371015061e-06,
        "count": 10571,
        "total": 0.06961868600000021
    },
    "comput-rank-318": {
        "average": 0.7132941518343583,
        "count": 10571,
        "total": 7540.232479041002
    },
    "recv-rank-318": {
        "average": 0.13393746818842292,
        "count": 10572,
        "total": 1415.9869136880072
    },
    "send-rank-318": {
        "average": 2.771403462302525e-06,
        "count": 10571,
        "total": 0.02929650599999999
    }
}
