{
    "8Edrjb": {
        "average": null,
        "count": 0,
        "total": 0.0
    },
    "CalculatingResidual": {
        "average": 0.00015233720980850046,
        "count": 10705,
        "total": 1.6307698309999974
    },
    "CreatePrediction": {
        "average": 2.9835273236804104e-07,
        "count": 10705,
        "total": 0.003193865999999879
    },
    "ErrorMPI": {
        "average": 3.443270675,
        "count": 1,
        "total": 3.443270675
    },
    "InitPrediction": {
        "average": 0.0004588863920597845,
        "count": 10705,
        "total": 4.912378826999993
    },
    "Predict": {
        "average": 0.7024960657791687,
        "count": 10705,
        "total": 7520.220384166
    },
    "RenderingDatabase": {
        "average": 9.64771919663715e-06,
        "count": 10705,
        "total": 0.10327883400000068
    },
    "RenderingProperty": {
        "average": 6.8064023353573025e-06,
        "count": 10705,
        "total": 0.07286253699999992
    },
    "comput-rank-311": {
        "average": 0.7032382186718319,
        "count": 10705,
        "total": 7528.16513088196
    },
    "recv-rank-311": {
        "average": 0.13339126959415298,
        "count": 10706,
        "total": 1428.0869322750018
    },
    "send-rank-311": {
        "average": 2.9728436244745477e-06,
        "count": 10705,
        "total": 0.03182429100000003
    }
}
