{
    "CalculatingResidual": {
        "average": 0.00015190218675149614,
        "count": 10688,
        "total": 1.6235305719999908
    },
    "CreatePrediction": {
        "average": 2.653297155688667e-07,
        "count": 10688,
        "total": 0.002835844000000048
    },
    "ErrorMPI": {
        "average": 3.55179083,
        "count": 1,
        "total": 3.55179083
    },
    "InitPrediction": {
        "average": 0.0004554029122380228,
        "count": 10688,
        "total": 4.867346325999987
    },
    "KOxfdJ": {
        "average": null,
        "count": 0,
        "total": 0.0
    },
    "Predict": {
        "average": 0.7067516014123331,
        "count": 10688,
        "total": 7553.761115895016
    },
    "RenderingDatabase": {
        "average": 9.97809403068867e-06,
        "count": 10688,
        "total": 0.1066458690000005
    },
    "RenderingProperty": {
        "average": 6.537549307634737e-06,
        "count": 10688,
        "total": 0.06987332700000007
    },
    "comput-rank-148": {
        "average": 0.7074876333451551,
        "count": 10688,
        "total": 7561.627825193017
    },
    "recv-rank-148": {
        "average": 0.13046125969566819,
        "count": 10689,
        "total": 1394.500404886997
    },
    "send-rank-148": {
        "average": 2.6166515718563017e-06,
        "count": 10688,
        "total": 0.027966772000000154
    }
}
