{
    "CalculatingResidual": {
        "average": 0.00015152311861504837,
        "count": 10513,
        "total": 1.5929625460000034
    },
    "CreatePrediction": {
        "average": 2.6966812517834997e-07,
        "count": 10513,
        "total": 0.002835020999999993
    },
    "ErrorMPI": {
        "average": 3.548833225,
        "count": 1,
        "total": 3.548833225
    },
    "ILIyiI": {
        "average": null,
        "count": 0,
        "total": 0.0
    },
    "InitPrediction": {
        "average": 0.00046182141386854426,
        "count": 10513,
        "total": 4.855128524000006
    },
    "Predict": {
        "average": 0.7185513697573473,
        "count": 10513,
        "total": 7554.130550258992
    },
    "RenderingDatabase": {
        "average": 9.570857224388895e-06,
        "count": 10513,
        "total": 0.10061842200000044
    },
    "RenderingProperty": {
        "average": 6.505409017407042e-06,
        "count": 10513,
        "total": 0.06839136500000023
    },
    "comput-rank-293": {
        "average": 0.7192915615542654,
        "count": 10513,
        "total": 7561.912186619993
    },
    "recv-rank-293": {
        "average": 0.1326088428319384,
        "count": 10514,
        "total": 1394.2493735350006
    },
    "send-rank-293": {
        "average": 2.661753828593166e-06,
        "count": 10513,
        "total": 0.027983017999999957
    }
}
