{
    "CalculatingResidual": {
        "average": 0.00015276867571658372,
        "count": 10571,
        "total": 1.6149176710000066
    },
    "CreatePrediction": {
        "average": 2.5709355784693625e-07,
        "count": 10571,
        "total": 0.002717735999999963
    },
    "ErrorMPI": {
        "average": 3.567063922,
        "count": 1,
        "total": 3.567063922
    },
    "InitPrediction": {
        "average": 0.0004619612890928015,
        "count": 10571,
        "total": 4.8833927870000045
    },
    "Predict": {
        "average": 0.7132044993511496,
        "count": 10571,
        "total": 7539.284762641003
    },
    "RenderingDatabase": {
        "average": 9.899949957430794e-06,
        "count": 10571,
        "total": 0.10465237100000092
    },
    "RenderingProperty": {
        "average": 6.8797531926970355e-06,
        "count": 10571,
        "total": 0.07272587100000036
    },
    "TowEfV": {
        "average": null,
        "count": 0,
        "total": 0.0
    },
    "comput-rank-37": {
        "average": 0.7139515356975713,
        "count": 10571,
        "total": 7547.181683859027
    },
    "recv-rank-37": {
        "average": 0.13326647283569779,
        "count": 10572,
        "total": 1408.893150818997
    },
    "send-rank-37": {
        "average": 1.9863765963485146e-06,
        "count": 10571,
        "total": 0.02099798700000015
    }
}
