{
    "55DU3l": {
        "average": null,
        "count": 0,
        "total": 0.0
    },
    "CalculatingResidual": {
        "average": 0.00015212291608187142,
        "count": 10260,
        "total": 1.5607811190000007
    },
    "CreatePrediction": {
        "average": 2.5872153996101844e-07,
        "count": 10260,
        "total": 0.002654483000000049
    },
    "ErrorMPI": {
        "average": 3.476918413,
        "count": 1,
        "total": 3.476918413
    },
    "InitPrediction": {
        "average": 0.00046270744590643284,
        "count": 10260,
        "total": 4.747378395000001
    },
    "Predict": {
        "average": 0.735520603637816,
        "count": 10260,
        "total": 7546.441393323992
    },
    "RenderingDatabase": {
        "average": 9.890901949317781e-06,
        "count": 10260,
        "total": 0.10148065400000043
    },
    "RenderingProperty": {
        "average": 6.364676413255351e-06,
        "count": 10260,
        "total": 0.0653015799999999
    },
    "comput-rank-42": {
        "average": 0.736264285990349,
        "count": 10260,
        "total": 7554.071574260981
    },
    "recv-rank-42": {
        "average": 0.13664463559604337,
        "count": 10261,
        "total": 1402.110605851001
    },
    "send-rank-42": {
        "average": 1.704110623781665e-06,
        "count": 10260,
        "total": 0.017484174999999883
    }
}
