{
    "7xBpL5": {
        "average": null,
        "count": 0,
        "total": 0.0
    },
    "CalculatingResidual": {
        "average": 0.00015230886335108456,
        "count": 10516,
        "total": 1.6016800070000052
    },
    "CreatePrediction": {
        "average": 2.774787942183339e-07,
        "count": 10516,
        "total": 0.002917966999999999
    },
    "ErrorMPI": {
        "average": 3.405847102,
        "count": 1,
        "total": 3.405847102
    },
    "InitPrediction": {
        "average": 0.00046027616736401454,
        "count": 10516,
        "total": 4.840264175999977
    },
    "Predict": {
        "average": 0.7159993159248772,
        "count": 10516,
        "total": 7529.448806266008
    },
    "RenderingDatabase": {
        "average": 9.705001616584297e-06,
        "count": 10516,
        "total": 0.10205779700000046
    },
    "RenderingProperty": {
        "average": 6.788138360593411e-06,
        "count": 10516,
        "total": 0.0713840630000003
    },
    "comput-rank-312": {
        "average": 0.7167424215178761,
        "count": 10516,
        "total": 7537.263304681986
    },
    "recv-rank-312": {
        "average": 0.13492750992146071,
        "count": 10517,
        "total": 1419.0326218440023
    },
    "send-rank-312": {
        "average": 3.058303537466718e-06,
        "count": 10516,
        "total": 0.03216112000000001
    }
}
