{
    "CalculatingResidual": {
        "average": 0.00015757083875783825,
        "count": 10047,
        "total": 1.583114217000001
    },
    "CreatePrediction": {
        "average": 2.928508012341976e-07,
        "count": 10047,
        "total": 0.002942271999999983
    },
    "ErrorMPI": {
        "average": 3.428121763,
        "count": 1,
        "total": 3.428121763
    },
    "InitPrediction": {
        "average": 0.00048620567980491817,
        "count": 10047,
        "total": 4.884908465000013
    },
    "Predict": {
        "average": 0.7514857280020908,
        "count": 10047,
        "total": 7550.177109237006
    },
    "RenderingDatabase": {
        "average": 1.0080769483427917e-05,
        "count": 10047,
        "total": 0.10128149100000028
    },
    "RenderingProperty": {
        "average": 7.57841574599384e-06,
        "count": 10047,
        "total": 0.07614034300000011
    },
    "comput-rank-131": {
        "average": 0.7522729635426484,
        "count": 10047,
        "total": 7558.086464712988
    },
    "recv-rank-131": {
        "average": 0.13914674053931184,
        "count": 10048,
        "total": 1398.1464489390053
    },
    "send-rank-131": {
        "average": 3.473725589728294e-06,
        "count": 10047,
        "total": 0.03490052100000017
    },
    "tlzOdw": {
        "average": null,
        "count": 0,
        "total": 0.0
    }
}
