{
    "5aCyQi": {
        "average": null,
        "count": 0,
        "total": 0.0
    },
    "CalculatingResidual": {
        "average": 0.00015195444551803288,
        "count": 10453,
        "total": 1.5883798189999976
    },
    "CreatePrediction": {
        "average": 2.5420242992441836e-07,
        "count": 10453,
        "total": 0.0026571779999999454
    },
    "ErrorMPI": {
        "average": 3.599962055,
        "count": 1,
        "total": 3.599962055
    },
    "InitPrediction": {
        "average": 0.0004602295650052622,
        "count": 10453,
        "total": 4.810779643000005
    },
    "Predict": {
        "average": 0.724439623229788,
        "count": 10453,
        "total": 7572.567381620975
    },
    "RenderingDatabase": {
        "average": 9.637959246149461e-06,
        "count": 10453,
        "total": 0.10074558800000032
    },
    "RenderingProperty": {
        "average": 6.474089352339024e-06,
        "count": 10453,
        "total": 0.06767365599999982
    },
    "comput-rank-158": {
        "average": 0.7251759765791663,
        "count": 10453,
        "total": 7580.264483182025
    },
    "recv-rank-158": {
        "average": 0.13160671500774765,
        "count": 10454,
        "total": 1375.816598690994
    },
    "send-rank-158": {
        "average": 2.6250497464842637e-06,
        "count": 10453,
        "total": 0.02743964500000001
    }
}
