{
    "couples": {
        "chen1": 0.004147307359499862,
        "chen2": 0.013066113723976926,
        "chen3": 0.024886363173771263,
        "chen4": 0.006205057897270078,
        "dabrowa10a": 0.0025438865214915166,
        "dabrowa10b": 0.0028789202164350696,
        "dabrowa10c": 0.0026026636372011545,
        "dabrowa10d": 0.003392989535856302,
        "dabrowa10e": 0.016012315313988404,
        "dabrowa10f": 0.0005227601223994048,
        "dabrowa10g": 0.003308754641246859,
        "dabrowa10h": 0.0035870271543448824,
        "dabrowa11a": 0.005585411801750135,
        "dabrowa11b": 0.003181091719635711,
        "dabrowa11c": 0.0035744385444354656,
        "dabrowa11d": 0.0038100389589988976,
        "dabrowa11e": 0.003915561420788808,
        "dabrowa11f": 0.0007131986120132112,
        "dabrowa11g": 0.002734184220732927,
        "dabrowa11h": 0.0045640811705967965,
        "dabrowa12a": 0.002942048210109334,
        "dabrowa12b": 0.00307963067039588,
        "dabrowa12c": 0.0012990490266455701,
        "dabrowa12d": 0.003571692869309873,
        "dabrowa12e": 0.0025218910920794474,
        "dabrowa12g": 0.0021964405414059756,
        "dabrowa12h": 0.004623516891104018,
        "dabrowa13a": 0.021665590605950177,
        "dabrowa13b": 0.001858076790095639,
        "dabrowa13c": 0.003672694574504232,
        "dabrowa13d": 0.004449031501574799,
        "dabrowa13e": 0.008017635118384756,
        "dabrowa13f": 0.005996629243744967,
        "dabrowa13g": 0.0018321640823717933,
        "dabrowa13h": 0.0034463609295218318,
        "dabrowa14a": 0.0014501921246150972,
        "dabrowa14b": 0.0035026755806324542,
        "dabrowa14c": 0.010242933353275356,
        "dabrowa14d": 0.003270411315136457,
        "dabrowa14e": 0.0008108212286628623,
        "dabrowa14f": 0.0019996449537514117,
        "dabrowa14g": 0.009121401099302186,
        "dabrowa15b": 0.08325137639077623,
        "dabrowa15e": 0.021443723121331346,
        "dabrowa15f": 0.017875433281080454,
        "dabrowa15g": 0.00874883895159877,
        "dabrowa15h": 0.006888828340954178,
        "dabrowa16c": 0.016066876763264532,
        "dabrowa16d": 0.014924222681086695,
        "dabrowa16e": 0.013961964434697091,
        "dabrowa16f": 0.010574813974617491,
        "dabrowa16g": 0.005750821325054387,
        "dabrowa16h": 0.008171555659683194,
        "dabrowa17b": 0.06715892520524529,
        "dabrowa17c": 0.010787336631237966,
        "dabrowa17d": 0.015980920753835372,
        "dabrowa17e": 0.01125237266211174,
        "dabrowa17f": 0.010337373358917538,
        "dabrowa17g": 0.009214270145912511,
        "dabrowa17h": 0.006712731839827459,
        "dabrowa18a": 0.03999908225575194,
        "dabrowa18b": 0.04212101465695714,
        "dabrowa18c": 0.00397015435650257,
        "dabrowa18d": 0.008309382494544075,
        "dabrowa18e": 0.009724867000455396,
        "dabrowa18f": 0.005470879575108151,
        "dabrowa18g": 0.016255991954613035,
        "dabrowa18h": 0.0073449936770020215,
        "dabrowa19a": 0.006712351450678476,
        "dabrowa19b": 0.004775707899544436,
        "dabrowa19c": 0.006001858984645815,
        "dabrowa19d": 0.007853290067121294,
        "dabrowa19e": 0.006656461220834888,
        "dabrowa19f": 0.0075821165425358356,
        "dabrowa19h": 0.003928456582143525,
        "dabrowa20a": 0.026215991467192654,
        "dabrowa20b": 0.028113308362132033,
        "dabrowa20c": 0.006876536956748154,
        "dabrowa20d": 0.005162641320478203,
        "dabrowa20e": 0.007086594737645336,
        "dabrowa20f": 0.004999424979309197,
        "dabrowa20g": 0.006310021782759633,
        "dabrowa20h": 0.0049695914360701554,
        "dabrowa21a": 0.0012291169806506966,
        "dabrowa21b": 0.028729424775992704,
        "dabrowa21c": 0.03577883294709415,
        "dabrowa21d": 0.0064115545095608135,
        "dabrowa21e": 0.0067922200535035955,
        "dabrowa21f": 0.003727260569265726,
        "dabrowa21g": 0.003908889908230665,
        "dabrowa21h": 0.007636402160173975,
        "dabrowa22a": 0.0051892950300309265,
        "dabrowa22b": 0.0030684084013910184,
        "dabrowa22c": 0.004323290942258839,
        "dabrowa22d": 0.011925161631070585,
        "dabrowa22f": 0.0032837522727520436,
        "dabrowa22g": 0.004380691651607201,
        "dabrowa22h": 0.006299987500854611,
        "dabrowa23a": 0.03950566234217545,
        "dabrowa23b": 0.0004381252734465531,
        "dabrowa23c": 0.0009229181441023536,
        "dabrowa6a": 0.003301855869753701,
        "dabrowa6b": 0.005507215169525592,
        "dabrowa6c": 0.02758154116582183,
        "dabrowa6e": 0.05092751249980716,
        "dabrowa6f": 0.0401863038913898,
        "dabrowa6h": 0.01683901979979221,
        "dabrowa7a": 0.0022558218023967123,
        "dabrowa7b": 0.0032468490268432503,
        "dabrowa7c": 0.006897340872248275,
        "dabrowa7d": 0.00683831236279496,
        "dabrowa7e": 0.034025371781037726,
        "dabrowa7f": 0.06883953918304098,
        "dabrowa7g": 0.008228872963882531,
        "dabrowa7h": 0.01740208870385531,
        "dabrowa8a": 0.003875639139778545,
        "dabrowa8b": 0.0024038244278018726,
        "dabrowa8c": 0.005582623563982482,
        "dabrowa8d": 0.004304159928171641,
        "dabrowa8e": 0.01799957800653667,
        "dabrowa8g": 0.027334258554711468,
        "dabrowa8h": 0.010445042994647952,
        "dabrowa9a": 0.005519211289045953,
        "dabrowa9b": 0.006899187355581777,
        "dabrowa9d": 0.0034431694718952293,
        "dabrowa9e": 0.007613205952988561,
        "dabrowa9f": 0.015936893395739803,
        "dabrowa9g": 0.0031047833835494785,
        "dabrowa9h": 0.002529158889878319,
        "kucza2a": 0.005415412076579241,
        "kucza2b": 0.003244544830250566,
        "kucza2c": 0.003980024315834775,
        "kucza2d": 0.005109023301066706,
        "kucza2e": 0.0030855662034615836,
        "kucza2f": 0.0025675937706313,
        "kucza2g": 0.006770287584425512,
        "kucza2h": 0.0012950860603544237,
        "kucza3a": 0.005176264090725333,
        "kucza3b": 0.07517623458233608,
        "kucza3d": 0.04640713948570215,
        "kucza3e": 0.01634098790777877,
        "kucza3f": 0.021935108745085405,
        "kucza3g": 0.014844825154917895,
        "kucza3h": 0.021860809727699177,
        "kucza4a": 0.06842194747745384,
        "kucza4b": 0.03812660667584557,
        "kucza4c": 0.02456474070222718,
        "kucza4d": 0.026818277575184055,
        "kucza4e": 0.0029518820078347744,
        "kucza4f": 0.004776814197001253,
        "kucza4g": 0.009440630480457183,
        "kucza4h": 0.004999952330327433,
        "kulkarni1": 0.011146089606392889,
        "tsai1": 0.006767099758136448,
        "tsai11": 0.021636640802022215,
        "tsai2": 0.0018117110978872167,
        "tsai3": 0.009384798512705171,
        "tsai4": 0.005198224764893575,
        "tsai5": 0.0062196520584866175,
        "tsai6": 0.01272869062643498,
        "tsai7": 0.01574016955978473,
        "tsai8": 0.015826845552569337,
        "tsai9": 0.03558894070480937,
        "verma1": 0.05637688269195142,
        "verma2": 0.09020212005232228,
        "wangcp1": 0.0035788193604963715,
        "wangcp2": 0.009846155496708902,
        "wangcp3": 0.004367415974442092,
        "wangcp4": 0.009531480519300636,
        "wangcp5": 0.011175132288503777
    },
    "rss": 2.141401808082705
}
