{
    "9nlv75": {
        "average": null,
        "count": 0,
        "total": 0.0
    },
    "CalculatingResidual": {
        "average": 0.00014736677273176048,
        "count": 10129,
        "total": 1.4926780410000018
    },
    "CreatePrediction": {
        "average": 2.6000730575575236e-07,
        "count": 10129,
        "total": 0.0026336140000000154
    },
    "ErrorMPI": {
        "average": 1.015435711,
        "count": 1,
        "total": 1.015435711
    },
    "InitPrediction": {
        "average": 0.00032085192161121533,
        "count": 10129,
        "total": 3.249909114
    },
    "Predict": {
        "average": 0.4522829173944137,
        "count": 10129,
        "total": 4581.173670288016
    },
    "RenderingDatabase": {
        "average": 5.7545698489485454e-06,
        "count": 10129,
        "total": 0.05828803799999982
    },
    "RenderingProperty": {
        "average": 5.996694145522718e-06,
        "count": 10129,
        "total": 0.06074051499999961
    },
    "comput-rank-315": {
        "average": 0.4528239412719916,
        "count": 10129,
        "total": 4586.653701144003
    },
    "recv-rank-315": {
        "average": 0.08714845098213217,
        "count": 10130,
        "total": 882.8138084489989
    },
    "send-rank-315": {
        "average": 2.5146511995261234e-06,
        "count": 10129,
        "total": 0.025470902000000104
    }
}
