{
    "9Ll2wI": {
        "average": null,
        "count": 0,
        "total": 0.0
    },
    "CalculatingResidual": {
        "average": 0.000151094200394559,
        "count": 9631,
        "total": 1.4551882439999977
    },
    "CreatePrediction": {
        "average": 2.623235385733609e-07,
        "count": 9631,
        "total": 0.002526438000000039
    },
    "ErrorMPI": {
        "average": 1.01838655,
        "count": 1,
        "total": 1.01838655
    },
    "InitPrediction": {
        "average": 0.00032770687083376576,
        "count": 9631,
        "total": 3.156144872999998
    },
    "Predict": {
        "average": 0.4753235194166788,
        "count": 9631,
        "total": 4577.840815502033
    },
    "RenderingDatabase": {
        "average": 5.834645831170203e-06,
        "count": 9631,
        "total": 0.05619347400000022
    },
    "RenderingProperty": {
        "average": 6.357340151593786e-06,
        "count": 9631,
        "total": 0.06122754299999975
    },
    "comput-rank-253": {
        "average": 0.47587787880801785,
        "count": 9631,
        "total": 4583.17985080002
    },
    "recv-rank-253": {
        "average": 0.09203168378363812,
        "count": 9632,
        "total": 886.4491782040024
    },
    "send-rank-253": {
        "average": 2.3911881424566618e-06,
        "count": 9631,
        "total": 0.02302953300000011
    }
}
