{
    "CalculatingResidual": {
        "average": 0.00016162359119427662,
        "count": 9085,
        "total": 1.468350326000003
    },
    "CreatePrediction": {
        "average": 2.822779306549351e-07,
        "count": 9085,
        "total": 0.0025644950000000854
    },
    "ErrorMPI": {
        "average": 1.020714474,
        "count": 1,
        "total": 1.020714474
    },
    "InitPrediction": {
        "average": 0.00032789072096862807,
        "count": 9085,
        "total": 2.978887199999986
    },
    "Predict": {
        "average": 0.5037451397638969,
        "count": 9085,
        "total": 4576.524594755004
    },
    "RenderingDatabase": {
        "average": 6.745378756191496e-06,
        "count": 9085,
        "total": 0.06128176599999974
    },
    "RenderingProperty": {
        "average": 7.654937699504683e-06,
        "count": 9085,
        "total": 0.06954510900000005
    },
    "YIljHo": {
        "average": null,
        "count": 0,
        "total": 0.0
    },
    "comput-rank-265": {
        "average": 0.5043193971236121,
        "count": 9085,
        "total": 4581.741722868016
    },
    "recv-rank-265": {
        "average": 0.0977027486558438,
        "count": 9086,
        "total": 887.7271742869967
    },
    "send-rank-265": {
        "average": 2.611370500825525e-06,
        "count": 9085,
        "total": 0.023724300999999896
    }
}
