{
    "CalculatingResidual": {
        "average": 0.00014901073738619075,
        "count": 10544,
        "total": 1.5711692149999952
    },
    "CreatePrediction": {
        "average": 2.4925957890743344e-07,
        "count": 10544,
        "total": 0.0026281929999999783
    },
    "ErrorMPI": {
        "average": 0.967112618,
        "count": 1,
        "total": 0.967112618
    },
    "InitPrediction": {
        "average": 0.00032852712850910587,
        "count": 10544,
        "total": 3.4639900430000123
    },
    "Predict": {
        "average": 0.43478000671206407,
        "count": 10544,
        "total": 4584.3203907720035
    },
    "RenderingDatabase": {
        "average": 5.858668437025781e-06,
        "count": 10544,
        "total": 0.06177379999999984
    },
    "RenderingProperty": {
        "average": 6.155541350531073e-06,
        "count": 10544,
        "total": 0.06490402799999963
    },
    "V29DK9": {
        "average": null,
        "count": 0,
        "total": 0.0
    },
    "comput-rank-76": {
        "average": 0.43533427459038265,
        "count": 10544,
        "total": 4590.1645912809945
    },
    "recv-rank-76": {
        "average": 0.08342430910953043,
        "count": 10545,
        "total": 879.7093395599984
    },
    "send-rank-76": {
        "average": 2.3923458839150277e-06,
        "count": 10544,
        "total": 0.025224895000000053
    }
}
