{
    "7LQl3l": {
        "average": null,
        "count": 0,
        "total": 0.0
    },
    "CalculatingResidual": {
        "average": 0.00014719667062061066,
        "count": 10538,
        "total": 1.5511585149999951
    },
    "CreatePrediction": {
        "average": 2.639175365344458e-07,
        "count": 10538,
        "total": 0.00278116299999999
    },
    "ErrorMPI": {
        "average": 1.004444248,
        "count": 1,
        "total": 1.004444248
    },
    "InitPrediction": {
        "average": 0.00031958495302713993,
        "count": 10538,
        "total": 3.3677862350000005
    },
    "Predict": {
        "average": 0.43331380461937663,
        "count": 10538,
        "total": 4566.260873078991
    },
    "RenderingDatabase": {
        "average": 6.399269975327403e-06,
        "count": 10538,
        "total": 0.06743550700000017
    },
    "RenderingProperty": {
        "average": 6.4082296450939645e-06,
        "count": 10538,
        "total": 0.0675299240000002
    },
    "comput-rank-198": {
        "average": 0.4338611069676399,
        "count": 10538,
        "total": 4572.02834522499
    },
    "recv-rank-198": {
        "average": 0.0851700481831295,
        "count": 10539,
        "total": 897.6071378020017
    },
    "send-rank-198": {
        "average": 2.542555608274806e-06,
        "count": 10538,
        "total": 0.02679345099999991
    }
}
