{
    "CalculatingResidual": {
        "average": 0.00015362614948240185,
        "count": 9660,
        "total": 1.484028604000002
    },
    "CreatePrediction": {
        "average": 2.847097308488635e-07,
        "count": 9660,
        "total": 0.0027502960000000214
    },
    "ErrorMPI": {
        "average": 1.033940835,
        "count": 1,
        "total": 1.033940835
    },
    "InitPrediction": {
        "average": 0.0003372973638716368,
        "count": 9660,
        "total": 3.2582925350000114
    },
    "Predict": {
        "average": 0.47359244221780644,
        "count": 9660,
        "total": 4574.90299182401
    },
    "RenderingDatabase": {
        "average": 5.89107815734989e-06,
        "count": 9660,
        "total": 0.05690781499999994
    },
    "RenderingProperty": {
        "average": 6.821104658385111e-06,
        "count": 9660,
        "total": 0.06589187100000017
    },
    "comput-rank-2": {
        "average": 0.4741700039178066,
        "count": 9660,
        "total": 4580.482237846012
    },
    "hD0sFc": {
        "average": null,
        "count": 0,
        "total": 0.0
    },
    "recv-rank-2": {
        "average": 0.09201428435068845,
        "count": 9661,
        "total": 888.9500011120011
    },
    "send-rank-2": {
        "average": 1.548512111801221e-06,
        "count": 9660,
        "total": 0.014958626999999796
    }
}
