{
    "CalculatingResidual": {
        "average": 0.00014791842337091518,
        "count": 10466,
        "total": 1.5481142189999981
    },
    "CreatePrediction": {
        "average": 2.635392700171974e-07,
        "count": 10466,
        "total": 0.0027582019999999883
    },
    "ErrorMPI": {
        "average": 1.008829085,
        "count": 1,
        "total": 1.008829085
    },
    "F5rekG": {
        "average": null,
        "count": 0,
        "total": 0.0
    },
    "InitPrediction": {
        "average": 0.00032641547716415106,
        "count": 10466,
        "total": 3.416264384000005
    },
    "Predict": {
        "average": 0.4378981304052154,
        "count": 10466,
        "total": 4583.041832820984
    },
    "RenderingDatabase": {
        "average": 5.786916587043739e-06,
        "count": 10466,
        "total": 0.06056586899999977
    },
    "RenderingProperty": {
        "average": 6.2949678960443255e-06,
        "count": 10466,
        "total": 0.06588313399999991
    },
    "comput-rank-173": {
        "average": 0.43844695030183484,
        "count": 10466,
        "total": 4588.785781859004
    },
    "recv-rank-173": {
        "average": 0.0841435293072513,
        "count": 10467,
        "total": 880.7303212589993
    },
    "send-rank-173": {
        "average": 2.3770910567552152e-06,
        "count": 10466,
        "total": 0.024878635000000083
    }
}
