{
    "CalculatingResidual": {
        "average": 0.00014974648478371447,
        "count": 9825,
        "total": 1.4712592129999946
    },
    "CreatePrediction": {
        "average": 2.6497323155216716e-07,
        "count": 9825,
        "total": 0.0026033620000000426
    },
    "ErrorMPI": {
        "average": 0.991919525,
        "count": 1,
        "total": 0.991919525
    },
    "InitPrediction": {
        "average": 0.0003234969912468189,
        "count": 9825,
        "total": 3.1783579389999956
    },
    "Predict": {
        "average": 0.465724412521628,
        "count": 9825,
        "total": 4575.742353024995
    },
    "RenderingDatabase": {
        "average": 6.496300763358765e-06,
        "count": 9825,
        "total": 0.06382615499999987
    },
    "RenderingProperty": {
        "average": 6.535796743002529e-06,
        "count": 9825,
        "total": 0.06421420299999984
    },
    "comput-rank-138": {
        "average": 0.4662795451086014,
        "count": 9825,
        "total": 4581.196530692009
    },
    "gNGq0T": {
        "average": null,
        "count": 0,
        "total": 0.0
    },
    "recv-rank-138": {
        "average": 0.09040593042509702,
        "count": 9826,
        "total": 888.3286723570034
    },
    "send-rank-138": {
        "average": 2.7835963358778483e-06,
        "count": 9825,
        "total": 0.02734883399999986
    }
}
