{
    "CalculatingResidual": {
        "average": 0.00014961368867091683,
        "count": 10195,
        "total": 1.5253115559999972
    },
    "CreatePrediction": {
        "average": 2.629183913683217e-07,
        "count": 10195,
        "total": 0.0026804530000000396
    },
    "ErrorMPI": {
        "average": 1.007159764,
        "count": 1,
        "total": 1.007159764
    },
    "InitPrediction": {
        "average": 0.0003234365895046589,
        "count": 10195,
        "total": 3.297436029999998
    },
    "Predict": {
        "average": 0.4487980981511534,
        "count": 10195,
        "total": 4575.496610651009
    },
    "RenderingDatabase": {
        "average": 6.605031584109869e-06,
        "count": 10195,
        "total": 0.06733829700000012
    },
    "RenderingProperty": {
        "average": 6.480420990681708e-06,
        "count": 10195,
        "total": 0.06606789200000002
    },
    "comput-rank-224": {
        "average": 0.4493496519336921,
        "count": 10195,
        "total": 4581.119701463991
    },
    "qGHziV": {
        "average": null,
        "count": 0,
        "total": 0.0
    },
    "recv-rank-224": {
        "average": 0.0871430786156338,
        "count": 10196,
        "total": 888.5108295650023
    },
    "send-rank-224": {
        "average": 2.555061010299167e-06,
        "count": 10195,
        "total": 0.02604884700000001
    }
}
