{
    "2w1DDn": {
        "average": null,
        "count": 0,
        "total": 0.0
    },
    "CalculatingResidual": {
        "average": 0.0001542347373668929,
        "count": 10330,
        "total": 1.5932448370000034
    },
    "CreatePrediction": {
        "average": 2.7581248789932675e-07,
        "count": 10330,
        "total": 0.0028491430000000453
    },
    "ErrorMPI": {
        "average": 1.009078952,
        "count": 1,
        "total": 1.009078952
    },
    "InitPrediction": {
        "average": 0.00033002599922555534,
        "count": 10330,
        "total": 3.4091685719999867
    },
    "Predict": {
        "average": 0.4433100966049363,
        "count": 10330,
        "total": 4579.393297928992
    },
    "RenderingDatabase": {
        "average": 6.3093309777347375e-06,
        "count": 10330,
        "total": 0.06517538899999983
    },
    "RenderingProperty": {
        "average": 6.676136011616618e-06,
        "count": 10330,
        "total": 0.06896448499999966
    },
    "comput-rank-9": {
        "average": 0.4438772085179092,
        "count": 10330,
        "total": 4585.251563990002
    },
    "recv-rank-9": {
        "average": 0.08558676533878645,
        "count": 10331,
        "total": 884.1968727150029
    },
    "send-rank-9": {
        "average": 1.7413443368828593e-06,
        "count": 10330,
        "total": 0.017988086999999937
    }
}
