{
    "CalculatingResidual": {
        "average": 0.00015002625911219661,
        "count": 9822,
        "total": 1.473557916999995
    },
    "CreatePrediction": {
        "average": 2.5452932193035993e-07,
        "count": 9822,
        "total": 0.002499986999999995
    },
    "ErrorMPI": {
        "average": 1.002165276,
        "count": 1,
        "total": 1.002165276
    },
    "InitPrediction": {
        "average": 0.00032365013184687335,
        "count": 9822,
        "total": 3.1788915949999903
    },
    "Predict": {
        "average": 0.4659281819781097,
        "count": 9822,
        "total": 4576.346603388994
    },
    "RenderingDatabase": {
        "average": 5.7176409081653415e-06,
        "count": 9822,
        "total": 0.05615866899999998
    },
    "RenderingProperty": {
        "average": 6.12239564243532e-06,
        "count": 9822,
        "total": 0.060134169999999716
    },
    "VcSEzI": {
        "average": null,
        "count": 0,
        "total": 0.0
    },
    "comput-rank-236": {
        "average": 0.4664761945738142,
        "count": 9822,
        "total": 4581.729183104003
    },
    "recv-rank-236": {
        "average": 0.09039146158576802,
        "count": 9823,
        "total": 887.9153271569993
    },
    "send-rank-236": {
        "average": 2.312687334555092e-06,
        "count": 9822,
        "total": 0.02271521500000011
    }
}
