{
    "7Fp3LP": {
        "average": null,
        "count": 0,
        "total": 0.0
    },
    "CalculatingResidual": {
        "average": 0.00014976618691946788,
        "count": 10443,
        "total": 1.564008290000003
    },
    "CreatePrediction": {
        "average": 2.6202173704873855e-07,
        "count": 10443,
        "total": 0.0027362929999999765
    },
    "ErrorMPI": {
        "average": 0.994266891,
        "count": 1,
        "total": 0.994266891
    },
    "InitPrediction": {
        "average": 0.00032254976836158057,
        "count": 10443,
        "total": 3.3683872309999856
    },
    "Predict": {
        "average": 0.43821066148329085,
        "count": 10443,
        "total": 4576.233937870006
    },
    "RenderingDatabase": {
        "average": 5.903130613808231e-06,
        "count": 10443,
        "total": 0.06164639299999935
    },
    "RenderingProperty": {
        "average": 6.271088001532113e-06,
        "count": 10443,
        "total": 0.06548897199999985
    },
    "comput-rank-79": {
        "average": 0.43876010773647217,
        "count": 10443,
        "total": 4581.971805091979
    },
    "recv-rank-79": {
        "average": 0.08501273693134809,
        "count": 10444,
        "total": 887.8730245109995
    },
    "send-rank-79": {
        "average": 2.5280220243225053e-06,
        "count": 10443,
        "total": 0.026400133999999922
    }
}
