{
    "CalculatingResidual": {
        "average": 0.0001491559539804541,
        "count": 10539,
        "total": 1.571954599000006
    },
    "CreatePrediction": {
        "average": 2.722920580700328e-07,
        "count": 10539,
        "total": 0.0028696860000000757
    },
    "ErrorMPI": {
        "average": 0.997163875,
        "count": 1,
        "total": 0.997163875
    },
    "InitPrediction": {
        "average": 0.0003223638693424423,
        "count": 10539,
        "total": 3.397392819
    },
    "Predict": {
        "average": 0.43404377603121386,
        "count": 10539,
        "total": 4574.387355592963
    },
    "RenderingDatabase": {
        "average": 6.559136730240095e-06,
        "count": 10539,
        "total": 0.06912674200000037
    },
    "RenderingProperty": {
        "average": 6.534976183698643e-06,
        "count": 10539,
        "total": 0.068872114
    },
    "comput-rank-200": {
        "average": 0.4345967927740777,
        "count": 10539,
        "total": 4580.215599046005
    },
    "lJq2Hf": {
        "average": null,
        "count": 0,
        "total": 0.0
    },
    "recv-rank-200": {
        "average": 0.08438535266375727,
        "count": 10540,
        "total": 889.4216170760017
    },
    "send-rank-200": {
        "average": 2.5900877692380734e-06,
        "count": 10539,
        "total": 0.027296935000000057
    }
}
