{
    "0eoNWT": {
        "average": null,
        "count": 0,
        "total": 0.0
    },
    "CalculatingResidual": {
        "average": 0.00014976599888527663,
        "count": 10765,
        "total": 1.612230978000003
    },
    "CreatePrediction": {
        "average": 2.7169503019043397e-07,
        "count": 10765,
        "total": 0.002924797000000022
    },
    "ErrorMPI": {
        "average": 0.996391894,
        "count": 1,
        "total": 0.996391894
    },
    "InitPrediction": {
        "average": 0.0003254635588481187,
        "count": 10765,
        "total": 3.503615210999998
    },
    "Predict": {
        "average": 0.4255836906484905,
        "count": 10765,
        "total": 4581.408429831
    },
    "RenderingDatabase": {
        "average": 5.846722805387807e-06,
        "count": 10765,
        "total": 0.06293997099999975
    },
    "RenderingProperty": {
        "average": 6.490860473757547e-06,
        "count": 10765,
        "total": 0.069874113
    },
    "comput-rank-284": {
        "average": 0.42613641688694903,
        "count": 10765,
        "total": 4587.3585277880065
    },
    "recv-rank-284": {
        "average": 0.08193541664294995,
        "count": 10766,
        "total": 882.1166955779993
    },
    "send-rank-284": {
        "average": 2.8527725963771517e-06,
        "count": 10765,
        "total": 0.03071009700000004
    }
}
