{
    "AjzSWT": {
        "average": null,
        "count": 0,
        "total": 0.0
    },
    "CalculatingResidual": {
        "average": 0.00014791257277846717,
        "count": 10477,
        "total": 1.5496800250000005
    },
    "CreatePrediction": {
        "average": 2.2409697432471197e-07,
        "count": 10477,
        "total": 0.0023478640000000072
    },
    "ErrorMPI": {
        "average": 1.040195375,
        "count": 1,
        "total": 1.040195375
    },
    "InitPrediction": {
        "average": 0.00031993513897107936,
        "count": 10477,
        "total": 3.3519604509999987
    },
    "Predict": {
        "average": 0.43757630080776905,
        "count": 10477,
        "total": 4584.486903562996
    },
    "RenderingDatabase": {
        "average": 5.766846520950634e-06,
        "count": 10477,
        "total": 0.06041925099999979
    },
    "RenderingProperty": {
        "average": 6.0510594635868706e-06,
        "count": 10477,
        "total": 0.06339694999999965
    },
    "comput-rank-22": {
        "average": 0.4381216273146917,
        "count": 10477,
        "total": 4590.200289376025
    },
    "recv-rank-22": {
        "average": 0.0839112830678563,
        "count": 10478,
        "total": 879.2224239849983
    },
    "send-rank-22": {
        "average": 1.5226185931087104e-06,
        "count": 10477,
        "total": 0.01595247499999996
    }
}
