{
    "60a6tW": {
        "average": null,
        "count": 0,
        "total": 0.0
    },
    "CalculatingResidual": {
        "average": 0.00015388900548759604,
        "count": 8747,
        "total": 1.3460671310000025
    },
    "CreatePrediction": {
        "average": 2.491981250714486e-07,
        "count": 8747,
        "total": 0.0021797359999999612
    },
    "ErrorMPI": {
        "average": 0.986997142,
        "count": 1,
        "total": 0.986997142
    },
    "InitPrediction": {
        "average": 0.0003303960034297481,
        "count": 8747,
        "total": 2.8899738420000065
    },
    "Predict": {
        "average": 0.5245292892682059,
        "count": 8747,
        "total": 4588.057693228997
    },
    "RenderingDatabase": {
        "average": 5.98009054532984e-06,
        "count": 8747,
        "total": 0.05230785200000011
    },
    "RenderingProperty": {
        "average": 6.423192523150776e-06,
        "count": 8747,
        "total": 0.056183664999999834
    },
    "comput-rank-123": {
        "average": 0.5250907580890602,
        "count": 8747,
        "total": 4592.96886100501
    },
    "recv-rank-123": {
        "average": 0.10023918314117512,
        "count": 8748,
        "total": 876.892374119
    },
    "send-rank-123": {
        "average": 2.6805627072139026e-06,
        "count": 8747,
        "total": 0.023446882000000006
    }
}
