{
    "C8wdS2": {
        "average": null,
        "count": 0,
        "total": 0.0
    },
    "CalculatingResidual": {
        "average": 0.00015179378377358559,
        "count": 10600,
        "total": 1.6090141080000073
    },
    "CreatePrediction": {
        "average": 2.7981066037736993e-07,
        "count": 10600,
        "total": 0.002965993000000121
    },
    "ErrorMPI": {
        "average": 1.006609662,
        "count": 1,
        "total": 1.006609662
    },
    "InitPrediction": {
        "average": 0.0003277040946226421,
        "count": 10600,
        "total": 3.473663403000006
    },
    "Predict": {
        "average": 0.43296456815820783,
        "count": 10600,
        "total": 4589.424422477003
    },
    "RenderingDatabase": {
        "average": 6.015428207547185e-06,
        "count": 10600,
        "total": 0.06376353900000016
    },
    "RenderingProperty": {
        "average": 6.877114905660384e-06,
        "count": 10600,
        "total": 0.07289741800000007
    },
    "comput-rank-251": {
        "average": 0.43352772952575575,
        "count": 10600,
        "total": 4595.393932973011
    },
    "recv-rank-251": {
        "average": 0.08246614873785527,
        "count": 10601,
        "total": 874.2236427700036
    },
    "send-rank-251": {
        "average": 2.809208962264141e-06,
        "count": 10600,
        "total": 0.029777614999999896
    }
}
