{
    "8CwGUC": {
        "average": null,
        "count": 0,
        "total": 0.0
    },
    "CalculatingResidual": {
        "average": 0.00014948833436233825,
        "count": 10366,
        "total": 1.5495960739999983
    },
    "CreatePrediction": {
        "average": 2.5519110553733624e-07,
        "count": 10366,
        "total": 0.0026453110000000273
    },
    "ErrorMPI": {
        "average": 0.964780993,
        "count": 1,
        "total": 0.964780993
    },
    "InitPrediction": {
        "average": 0.00032364734410573077,
        "count": 10366,
        "total": 3.3549283690000054
    },
    "Predict": {
        "average": 0.44182411332924754,
        "count": 10366,
        "total": 4579.94875877098
    },
    "RenderingDatabase": {
        "average": 5.801986687246744e-06,
        "count": 10366,
        "total": 0.06014339399999975
    },
    "RenderingProperty": {
        "average": 6.201520933822091e-06,
        "count": 10366,
        "total": 0.06428496599999979
    },
    "comput-rank-108": {
        "average": 0.44237215383175715,
        "count": 10366,
        "total": 4585.629746619995
    },
    "recv-rank-108": {
        "average": 0.08529483143175479,
        "count": 10367,
        "total": 884.2515174530018
    },
    "send-rank-108": {
        "average": 2.194232008489294e-06,
        "count": 10366,
        "total": 0.02274540900000002
    }
}
