{
    "CalculatingResidual": {
        "average": 0.0001516255152087467,
        "count": 10060,
        "total": 1.5253526829999917
    },
    "CreatePrediction": {
        "average": 2.615339960238583e-07,
        "count": 10060,
        "total": 0.0026310320000000145
    },
    "ErrorMPI": {
        "average": 1.048454933,
        "count": 1,
        "total": 1.048454933
    },
    "InitPrediction": {
        "average": 0.0003296669795228635,
        "count": 10060,
        "total": 3.3164498140000065
    },
    "Predict": {
        "average": 0.4545291170366796,
        "count": 10060,
        "total": 4572.5629173889965
    },
    "RenderingDatabase": {
        "average": 6.210024751491046e-06,
        "count": 10060,
        "total": 0.06247284899999992
    },
    "RenderingProperty": {
        "average": 6.643345725646105e-06,
        "count": 10060,
        "total": 0.06683205799999982
    },
    "comput-rank-49": {
        "average": 0.45509365036470983,
        "count": 10060,
        "total": 4578.242122668981
    },
    "oQaP5D": {
        "average": null,
        "count": 0,
        "total": 0.0
    },
    "recv-rank-49": {
        "average": 0.0885767259421527,
        "count": 10061,
        "total": 891.1704397039983
    },
    "send-rank-49": {
        "average": 1.8272398608350028e-06,
        "count": 10060,
        "total": 0.018382033000000127
    }
}
