{
    "CalculatingResidual": {
        "average": 0.00015163341294456304,
        "count": 10769,
        "total": 1.6329402239999993
    },
    "CreatePrediction": {
        "average": 2.66173182282483e-07,
        "count": 10769,
        "total": 0.0028664190000000597
    },
    "ErrorMPI": {
        "average": 1.020330087,
        "count": 1,
        "total": 1.020330087
    },
    "InitPrediction": {
        "average": 0.00032404117754666217,
        "count": 10769,
        "total": 3.489599441000005
    },
    "Predict": {
        "average": 0.4253386997772326,
        "count": 10769,
        "total": 4580.472457901018
    },
    "RenderingDatabase": {
        "average": 6.5397063794224244e-06,
        "count": 10769,
        "total": 0.07042609800000009
    },
    "RenderingProperty": {
        "average": 6.644876868790033e-06,
        "count": 10769,
        "total": 0.07155867899999986
    },
    "ZBLFZk": {
        "average": null,
        "count": 0,
        "total": 0.0
    },
    "comput-rank-147": {
        "average": 0.4258941714701446,
        "count": 10769,
        "total": 4586.454332561987
    },
    "recv-rank-147": {
        "average": 0.08199103165283213,
        "count": 10770,
        "total": 883.0434109010021
    },
    "send-rank-147": {
        "average": 2.4575906769430742e-06,
        "count": 10769,
        "total": 0.026465793999999966
    }
}
