{
    "CalculatingResidual": {
        "average": 0.00015114328028708178,
        "count": 10450,
        "total": 1.5794472790000045
    },
    "CreatePrediction": {
        "average": 2.6176229665071713e-07,
        "count": 10450,
        "total": 0.002735415999999994
    },
    "ErrorMPI": {
        "average": 1.012373964,
        "count": 1,
        "total": 1.012373964
    },
    "InitPrediction": {
        "average": 0.00032783329483253564,
        "count": 10450,
        "total": 3.4258579309999977
    },
    "Predict": {
        "average": 0.4385633832143554,
        "count": 10450,
        "total": 4582.987354590014
    },
    "RenderingDatabase": {
        "average": 5.9717288995215096e-06,
        "count": 10450,
        "total": 0.06240456699999977
    },
    "RenderingProperty": {
        "average": 6.5316461244019005e-06,
        "count": 10450,
        "total": 0.06825570199999986
    },
    "comput-rank-29": {
        "average": 0.43912328617846996,
        "count": 10450,
        "total": 4588.838340565011
    },
    "lEQaQe": {
        "average": null,
        "count": 0,
        "total": 0.0
    },
    "recv-rank-29": {
        "average": 0.08426043264960334,
        "count": 10451,
        "total": 880.6057816210046
    },
    "send-rank-29": {
        "average": 1.8398821052631627e-06,
        "count": 10450,
        "total": 0.01922676800000005
    }
}
