{
    "BDZrN2": {
        "average": null,
        "count": 0,
        "total": 0.0
    },
    "CalculatingResidual": {
        "average": 0.00015055004554152284,
        "count": 10452,
        "total": 1.5735490759999968
    },
    "CreatePrediction": {
        "average": 2.65065920398014e-07,
        "count": 10452,
        "total": 0.0027704690000000423
    },
    "ErrorMPI": {
        "average": 0.988224251,
        "count": 1,
        "total": 0.988224251
    },
    "InitPrediction": {
        "average": 0.0003275693033869109,
        "count": 10452,
        "total": 3.4237543589999926
    },
    "Predict": {
        "average": 0.43864109284510294,
        "count": 10452,
        "total": 4584.676702417016
    },
    "RenderingDatabase": {
        "average": 5.904396000765391e-06,
        "count": 10452,
        "total": 0.061712746999999867
    },
    "RenderingProperty": {
        "average": 6.388937810945288e-06,
        "count": 10452,
        "total": 0.06677717800000015
    },
    "comput-rank-74": {
        "average": 0.43919829494249896,
        "count": 10452,
        "total": 4590.500578738999
    },
    "recv-rank-74": {
        "average": 0.08412463610580692,
        "count": 10453,
        "total": 879.3548212139998
    },
    "send-rank-74": {
        "average": 2.3695420972062712e-06,
        "count": 10452,
        "total": 0.024766453999999948
    }
}
