{
    "CalculatingResidual": {
        "average": 0.00014926328894936285,
        "count": 10289,
        "total": 1.5357699799999944
    },
    "CreatePrediction": {
        "average": 2.48228593643696e-07,
        "count": 10289,
        "total": 0.002554023999999988
    },
    "DJzURP": {
        "average": null,
        "count": 0,
        "total": 0.0
    },
    "ErrorMPI": {
        "average": 1.028831171,
        "count": 1,
        "total": 1.028831171
    },
    "InitPrediction": {
        "average": 0.0003274334471765974,
        "count": 10289,
        "total": 3.368962738000011
    },
    "Predict": {
        "average": 0.4457760787016238,
        "count": 10289,
        "total": 4586.590073761007
    },
    "RenderingDatabase": {
        "average": 5.785412673729217e-06,
        "count": 10289,
        "total": 0.059526110999999916
    },
    "RenderingProperty": {
        "average": 6.192596462241221e-06,
        "count": 10289,
        "total": 0.06371562499999993
    },
    "comput-rank-309": {
        "average": 0.4463273356808237,
        "count": 10289,
        "total": 4592.261956819995
    },
    "recv-rank-309": {
        "average": 0.08524699230408127,
        "count": 10290,
        "total": 877.1915508089962
    },
    "send-rank-309": {
        "average": 2.560227718923117e-06,
        "count": 10289,
        "total": 0.02634218299999995
    }
}
