{
    "CalculatingResidual": {
        "average": 0.00014695328037033585,
        "count": 10693,
        "total": 1.5713714270000012
    },
    "CreatePrediction": {
        "average": 2.5761357897689993e-07,
        "count": 10693,
        "total": 0.002754661999999991
    },
    "ErrorMPI": {
        "average": 0.99717703,
        "count": 1,
        "total": 0.99717703
    },
    "InitPrediction": {
        "average": 0.000320242977368372,
        "count": 10693,
        "total": 3.4243581570000017
    },
    "Predict": {
        "average": 0.42881573196109685,
        "count": 10693,
        "total": 4585.326621860008
    },
    "RenderingDatabase": {
        "average": 5.800937716262981e-06,
        "count": 10693,
        "total": 0.062029427000000054
    },
    "RenderingProperty": {
        "average": 6.066669129336933e-06,
        "count": 10693,
        "total": 0.06487089299999982
    },
    "comput-rank-246": {
        "average": 0.42935699446956005,
        "count": 10693,
        "total": 4591.114341863005
    },
    "jIH6Kq": {
        "average": null,
        "count": 0,
        "total": 0.0
    },
    "recv-rank-246": {
        "average": 0.08214517084720406,
        "count": 10694,
        "total": 878.4604570400003
    },
    "send-rank-246": {
        "average": 3.341255587767692e-06,
        "count": 10693,
        "total": 0.03572804599999993
    }
}
