{
    "1w2YGn": {
        "average": null,
        "count": 0,
        "total": 0.0
    },
    "CalculatingResidual": {
        "average": 0.00015026130457890477,
        "count": 9784,
        "total": 1.4701566040000043
    },
    "CreatePrediction": {
        "average": 2.311055805396544e-07,
        "count": 9784,
        "total": 0.0022611369999999786
    },
    "ErrorMPI": {
        "average": 1.027213358,
        "count": 1,
        "total": 1.027213358
    },
    "InitPrediction": {
        "average": 0.0003212752644112836,
        "count": 9784,
        "total": 3.1433571869999986
    },
    "Predict": {
        "average": 0.46741249235926124,
        "count": 9784,
        "total": 4573.163825243012
    },
    "RenderingDatabase": {
        "average": 6.475421504497118e-06,
        "count": 9784,
        "total": 0.0633555239999998
    },
    "RenderingProperty": {
        "average": 6.284735384300886e-06,
        "count": 9784,
        "total": 0.06148985099999987
    },
    "comput-rank-266": {
        "average": 0.4679637293691751,
        "count": 9784,
        "total": 4578.557128148009
    },
    "recv-rank-266": {
        "average": 0.091047720600102,
        "count": 9785,
        "total": 890.901946071998
    },
    "send-rank-266": {
        "average": 2.2966992027800447e-06,
        "count": 9784,
        "total": 0.022470904999999958
    }
}
