{
    "CalculatingResidual": {
        "average": 0.00014997626884684896,
        "count": 10519,
        "total": 1.5776003720000042
    },
    "CreatePrediction": {
        "average": 2.526834299838432e-07,
        "count": 10519,
        "total": 0.002657977000000046
    },
    "ErrorMPI": {
        "average": 1.032690785,
        "count": 1,
        "total": 1.032690785
    },
    "InitPrediction": {
        "average": 0.000322229159140603,
        "count": 10519,
        "total": 3.389528525000003
    },
    "Predict": {
        "average": 0.43562176552467063,
        "count": 10519,
        "total": 4582.3053515540105
    },
    "RenderingDatabase": {
        "average": 6.560824317900991e-06,
        "count": 10519,
        "total": 0.06901331100000052
    },
    "RenderingProperty": {
        "average": 6.347361251069493e-06,
        "count": 10519,
        "total": 0.066767893
    },
    "comput-rank-215": {
        "average": 0.4361736943008849,
        "count": 10519,
        "total": 4588.111090351008
    },
    "ohzYwj": {
        "average": null,
        "count": 0,
        "total": 0.0
    },
    "recv-rank-215": {
        "average": 0.08379243449115922,
        "count": 10520,
        "total": 881.496410846995
    },
    "send-rank-215": {
        "average": 2.395273505086038e-06,
        "count": 10519,
        "total": 0.025195882000000034
    }
}
