{
    "A4iGUD": {
        "average": null,
        "count": 0,
        "total": 0.0
    },
    "CalculatingResidual": {
        "average": 0.00014770787858535268,
        "count": 10773,
        "total": 1.5912569760000044
    },
    "CreatePrediction": {
        "average": 2.5103536619325663e-07,
        "count": 10773,
        "total": 0.0027044039999999537
    },
    "ErrorMPI": {
        "average": 1.01214073,
        "count": 1,
        "total": 1.01214073
    },
    "InitPrediction": {
        "average": 0.0003194913156966495,
        "count": 10773,
        "total": 3.4418799440000054
    },
    "Predict": {
        "average": 0.4241161064063865,
        "count": 10773,
        "total": 4569.002814316002
    },
    "RenderingDatabase": {
        "average": 5.892318017265362e-06,
        "count": 10773,
        "total": 0.06347794199999975
    },
    "RenderingProperty": {
        "average": 6.113368792351246e-06,
        "count": 10773,
        "total": 0.06585932199999997
    },
    "comput-rank-290": {
        "average": 0.42465785915065113,
        "count": 10773,
        "total": 4574.839116629964
    },
    "recv-rank-290": {
        "average": 0.08303557709346551,
        "count": 10774,
        "total": 894.6253076049974
    },
    "send-rank-290": {
        "average": 2.7188865682725285e-06,
        "count": 10773,
        "total": 0.02929056499999995
    }
}
