{
    "7vdwpC": {
        "average": null,
        "count": 0,
        "total": 0.0
    },
    "CalculatingResidual": {
        "average": 0.00015165791691537414,
        "count": 10387,
        "total": 1.5752707829999912
    },
    "CreatePrediction": {
        "average": 2.578257437181101e-07,
        "count": 10387,
        "total": 0.0026780360000000095
    },
    "ErrorMPI": {
        "average": 0.978476988,
        "count": 1,
        "total": 0.978476988
    },
    "InitPrediction": {
        "average": 0.00032717388148647343,
        "count": 10387,
        "total": 3.3983551069999995
    },
    "Predict": {
        "average": 0.4410566058116863,
        "count": 10387,
        "total": 4581.254964565986
    },
    "RenderingDatabase": {
        "average": 6.098681910079891e-06,
        "count": 10387,
        "total": 0.06334700899999983
    },
    "RenderingProperty": {
        "average": 6.350349860402437e-06,
        "count": 10387,
        "total": 0.06596108400000011
    },
    "comput-rank-106": {
        "average": 0.44161229228275917,
        "count": 10387,
        "total": 4587.02687994102
    },
    "recv-rank-106": {
        "average": 0.08498627370408189,
        "count": 10388,
        "total": 882.8374112380027
    },
    "send-rank-106": {
        "average": 2.213976027726964e-06,
        "count": 10387,
        "total": 0.022996568999999977
    }
}
