{
    "0EGxTJ": {
        "average": null,
        "count": 0,
        "total": 0.0
    },
    "CalculatingResidual": {
        "average": 0.0001487865625776841,
        "count": 10459,
        "total": 1.556158657999998
    },
    "CreatePrediction": {
        "average": 2.5215651591929964e-07,
        "count": 10459,
        "total": 0.002637304999999955
    },
    "ErrorMPI": {
        "average": 1.014258833,
        "count": 1,
        "total": 1.014258833
    },
    "InitPrediction": {
        "average": 0.00032174658456831355,
        "count": 10459,
        "total": 3.365147527999991
    },
    "Predict": {
        "average": 0.4376358742696266,
        "count": 10459,
        "total": 4577.233608986025
    },
    "RenderingDatabase": {
        "average": 5.806913662874088e-06,
        "count": 10459,
        "total": 0.06073451000000009
    },
    "RenderingProperty": {
        "average": 6.104229658667151e-06,
        "count": 10459,
        "total": 0.06384413799999973
    },
    "comput-rank-302": {
        "average": 0.4381806552515552,
        "count": 10459,
        "total": 4582.931473276016
    },
    "recv-rank-302": {
        "average": 0.08475472614043966,
        "count": 10460,
        "total": 886.5344354289989
    },
    "send-rank-302": {
        "average": 2.401034228893784e-06,
        "count": 10459,
        "total": 0.025112417000000088
    }
}
