{
    "CalculatingResidual": {
        "average": 0.0001531361462683687,
        "count": 10344,
        "total": 1.5840402970000058
    },
    "CreatePrediction": {
        "average": 2.5738283062644724e-07,
        "count": 10344,
        "total": 0.00266236799999997
    },
    "ErrorMPI": {
        "average": 1.027841021,
        "count": 1,
        "total": 1.027841021
    },
    "InitPrediction": {
        "average": 0.0003269524313611752,
        "count": 10344,
        "total": 3.3819959499999963
    },
    "Predict": {
        "average": 0.4436247814460563,
        "count": 10344,
        "total": 4588.8547392780065
    },
    "RenderingDatabase": {
        "average": 5.916925077339473e-06,
        "count": 10344,
        "total": 0.061204672999999515
    },
    "RenderingProperty": {
        "average": 6.496668116782667e-06,
        "count": 10344,
        "total": 0.06720153499999991
    },
    "Vc6AOT": {
        "average": null,
        "count": 0,
        "total": 0.0
    },
    "comput-rank-53": {
        "average": 0.44418558756708987,
        "count": 10344,
        "total": 4594.655717793978
    },
    "recv-rank-53": {
        "average": 0.084560787715708,
        "count": 10345,
        "total": 874.7813489189994
    },
    "send-rank-53": {
        "average": 1.604879350348025e-06,
        "count": 10344,
        "total": 0.01660087199999997
    }
}
