{
    "CalculatingResidual": {
        "average": 0.00014615106540266198,
        "count": 10443,
        "total": 1.5262555759999992
    },
    "CreatePrediction": {
        "average": 2.447541894091738e-07,
        "count": 10443,
        "total": 0.0025559680000000018
    },
    "ErrorMPI": {
        "average": 1.014434972,
        "count": 1,
        "total": 1.014434972
    },
    "InitPrediction": {
        "average": 0.00032194016566120854,
        "count": 10443,
        "total": 3.362021150000001
    },
    "Predict": {
        "average": 0.4390482968924655,
        "count": 10443,
        "total": 4584.981364448017
    },
    "RenderingDatabase": {
        "average": 5.677651058125038e-06,
        "count": 10443,
        "total": 0.059291709999999775
    },
    "RenderingProperty": {
        "average": 6.071284496792128e-06,
        "count": 10443,
        "total": 0.0634024240000002
    },
    "comput-rank-317": {
        "average": 0.4395895068429569,
        "count": 10443,
        "total": 4590.633219960999
    },
    "m2hKop": {
        "average": null,
        "count": 0,
        "total": 0.0
    },
    "recv-rank-317": {
        "average": 0.08414678444896564,
        "count": 10444,
        "total": 878.8290167849972
    },
    "send-rank-317": {
        "average": 2.5066598678540564e-06,
        "count": 10443,
        "total": 0.02617704899999991
    }
}
