{
    "CalculatingResidual": {
        "average": 0.00014779575793162273,
        "count": 10559,
        "total": 1.5605754080000045
    },
    "CreatePrediction": {
        "average": 2.403296713703923e-07,
        "count": 10559,
        "total": 0.0025376409999999724
    },
    "ErrorMPI": {
        "average": 1.022902768,
        "count": 1,
        "total": 1.022902768
    },
    "InitPrediction": {
        "average": 0.0003257377183445412,
        "count": 10559,
        "total": 3.43946456800001
    },
    "Predict": {
        "average": 0.435062693305426,
        "count": 10559,
        "total": 4593.826978611994
    },
    "RenderingDatabase": {
        "average": 5.8279247087792356e-06,
        "count": 10559,
        "total": 0.06153705699999995
    },
    "RenderingProperty": {
        "average": 6.254687849228104e-06,
        "count": 10559,
        "total": 0.06604324899999955
    },
    "comput-rank-167": {
        "average": 0.43561085304223934,
        "count": 10559,
        "total": 4599.614997273005
    },
    "recv-rank-167": {
        "average": 0.08237580129375052,
        "count": 10560,
        "total": 869.8884616620055
    },
    "send-rank-167": {
        "average": 2.2500560659153377e-06,
        "count": 10559,
        "total": 0.02375834200000005
    },
    "vCo2QB": {
        "average": null,
        "count": 0,
        "total": 0.0
    }
}
