{
    "CalculatingResidual": {
        "average": 0.00015185487752949047,
        "count": 10427,
        "total": 1.5833908079999972
    },
    "CreatePrediction": {
        "average": 2.5288146159009993e-07,
        "count": 10427,
        "total": 0.002636794999999972
    },
    "ErrorMPI": {
        "average": 1.022763776,
        "count": 1,
        "total": 1.022763776
    },
    "InitPrediction": {
        "average": 0.0003282041673539852,
        "count": 10427,
        "total": 3.422184853000003
    },
    "Predict": {
        "average": 0.43996320182823384,
        "count": 10427,
        "total": 4587.496305462994
    },
    "RenderingDatabase": {
        "average": 5.922066462069599e-06,
        "count": 10427,
        "total": 0.06174938699999971
    },
    "RenderingProperty": {
        "average": 6.346304593842905e-06,
        "count": 10427,
        "total": 0.06617291799999997
    },
    "comput-rank-34": {
        "average": 0.4405226751170996,
        "count": 10427,
        "total": 4593.329933445997
    },
    "j6NXC3": {
        "average": null,
        "count": 0,
        "total": 0.0
    },
    "recv-rank-34": {
        "average": 0.08401562507182622,
        "count": 10428,
        "total": 876.1149382490039
    },
    "send-rank-34": {
        "average": 1.4701772321856653e-06,
        "count": 10427,
        "total": 0.015329537999999933
    }
}
