{
    "CalculatingResidual": {
        "average": 0.00014772151671269503,
        "count": 10501,
        "total": 1.5512236470000105
    },
    "CreatePrediction": {
        "average": 2.558488715360439e-07,
        "count": 10501,
        "total": 0.002686668999999997
    },
    "ErrorMPI": {
        "average": 1.02160751,
        "count": 1,
        "total": 1.02160751
    },
    "InitPrediction": {
        "average": 0.00032204544805256643,
        "count": 10501,
        "total": 3.3817992500000003
    },
    "Predict": {
        "average": 0.43549839447395466,
        "count": 10501,
        "total": 4573.168640370998
    },
    "RenderingDatabase": {
        "average": 6.647059803828234e-06,
        "count": 10501,
        "total": 0.06980077500000029
    },
    "RenderingProperty": {
        "average": 6.23285172840682e-06,
        "count": 10501,
        "total": 0.06545117600000001
    },
    "comput-rank-279": {
        "average": 0.4360452413153035,
        "count": 10501,
        "total": 4578.911079052002
    },
    "recv-rank-279": {
        "average": 0.08479827630508444,
        "count": 10502,
        "total": 890.5514977559967
    },
    "send-rank-279": {
        "average": 2.442563946290827e-06,
        "count": 10501,
        "total": 0.025649363999999977
    },
    "xJLKF1": {
        "average": null,
        "count": 0,
        "total": 0.0
    }
}
