{
    "CalculatingResidual": {
        "average": 0.00015190047212009834,
        "count": 9792,
        "total": 1.487409423000003
    },
    "CreatePrediction": {
        "average": 2.576164215686283e-07,
        "count": 9792,
        "total": 0.002522580000000008
    },
    "ErrorMPI": {
        "average": 0.963313293,
        "count": 1,
        "total": 0.963313293
    },
    "InitPrediction": {
        "average": 0.0003260244699754912,
        "count": 9792,
        "total": 3.19243161000001
    },
    "Predict": {
        "average": 0.4682072030796583,
        "count": 9792,
        "total": 4584.684932556014
    },
    "RenderingDatabase": {
        "average": 5.852609068627442e-06,
        "count": 9792,
        "total": 0.05730874799999991
    },
    "RenderingProperty": {
        "average": 6.3477079248365625e-06,
        "count": 9792,
        "total": 0.06215675599999962
    },
    "comput-rank-87": {
        "average": 0.46876153321262093,
        "count": 9792,
        "total": 4590.112933217984
    },
    "oGQbab": {
        "average": null,
        "count": 0,
        "total": 0.0
    },
    "recv-rank-87": {
        "average": 0.08983651266537344,
        "count": 9793,
        "total": 879.7689685320021
    },
    "send-rank-87": {
        "average": 2.448271548202612e-06,
        "count": 9792,
        "total": 0.023973474999999977
    }
}
