{
    "2O7cCy": {
        "average": null,
        "count": 0,
        "total": 0.0
    },
    "CalculatingResidual": {
        "average": 0.00014936502398700286,
        "count": 10464,
        "total": 1.5629556109999978
    },
    "CreatePrediction": {
        "average": 2.6997821100917766e-07,
        "count": 10464,
        "total": 0.002825052000000035
    },
    "ErrorMPI": {
        "average": 0.994827708,
        "count": 1,
        "total": 0.994827708
    },
    "InitPrediction": {
        "average": 0.00032501993988914466,
        "count": 10464,
        "total": 3.4010086510000095
    },
    "Predict": {
        "average": 0.4372111129316707,
        "count": 10464,
        "total": 4574.977085717002
    },
    "RenderingDatabase": {
        "average": 5.926630925076436e-06,
        "count": 10464,
        "total": 0.06201626599999982
    },
    "RenderingProperty": {
        "average": 6.216612672018323e-06,
        "count": 10464,
        "total": 0.06505063499999973
    },
    "comput-rank-23": {
        "average": 0.43776281124340416,
        "count": 10464,
        "total": 4580.750056850981
    },
    "recv-rank-23": {
        "average": 0.08492269715203099,
        "count": 10465,
        "total": 888.7160256960043
    },
    "send-rank-23": {
        "average": 1.7592387232416017e-06,
        "count": 10464,
        "total": 0.01840867400000012
    }
}
