{
    "5oE5Lv": {
        "average": null,
        "count": 0,
        "total": 0.0
    },
    "CalculatingResidual": {
        "average": 0.00014587648004393963,
        "count": 10924,
        "total": 1.5935546679999966
    },
    "CreatePrediction": {
        "average": 2.434393994873644e-07,
        "count": 10924,
        "total": 0.0026593319999999687
    },
    "ErrorMPI": {
        "average": 1.018311768,
        "count": 1,
        "total": 1.018311768
    },
    "InitPrediction": {
        "average": 0.00031986112403881433,
        "count": 10924,
        "total": 3.494162919000008
    },
    "Predict": {
        "average": 0.4194081522511905,
        "count": 10924,
        "total": 4581.614655192005
    },
    "RenderingDatabase": {
        "average": 6.42531252288541e-06,
        "count": 10924,
        "total": 0.07019011400000022
    },
    "RenderingProperty": {
        "average": 6.185218326620302e-06,
        "count": 10924,
        "total": 0.06756732500000018
    },
    "comput-rank-154": {
        "average": 0.41994820711900427,
        "count": 10924,
        "total": 4587.514214568003
    },
    "recv-rank-154": {
        "average": 0.08073134220100672,
        "count": 10925,
        "total": 881.9899135459984
    },
    "send-rank-154": {
        "average": 2.537136854632014e-06,
        "count": 10924,
        "total": 0.02771568300000012
    }
}
