{
    "CalculatingResidual": {
        "average": 0.00014997000733543004,
        "count": 10497,
        "total": 1.574235167000009
    },
    "CreatePrediction": {
        "average": 2.6203267600267016e-07,
        "count": 10497,
        "total": 0.002750557000000029
    },
    "ErrorMPI": {
        "average": 1.005322188,
        "count": 1,
        "total": 1.005322188
    },
    "InitPrediction": {
        "average": 0.0003260956763837289,
        "count": 10497,
        "total": 3.423026315000002
    },
    "Predict": {
        "average": 0.43594830584052735,
        "count": 10497,
        "total": 4576.149366408015
    },
    "RenderingDatabase": {
        "average": 6.390467371629975e-06,
        "count": 10497,
        "total": 0.06708073599999985
    },
    "RenderingProperty": {
        "average": 6.281292750309587e-06,
        "count": 10497,
        "total": 0.06593472999999973
    },
    "comput-rank-201": {
        "average": 0.43650586919862827,
        "count": 10497,
        "total": 4582.002108978001
    },
    "jV7EZz": {
        "average": null,
        "count": 0,
        "total": 0.0
    },
    "recv-rank-201": {
        "average": 0.08455246758677892,
        "count": 10498,
        "total": 887.6318047260052
    },
    "send-rank-201": {
        "average": 2.3678878727255314e-06,
        "count": 10497,
        "total": 0.024855718999999905
    }
}
