{
    "CalculatingResidual": {
        "average": 0.00014866092893600334,
        "count": 10188,
        "total": 1.514557544000002
    },
    "Cop7vd": {
        "average": null,
        "count": 0,
        "total": 0.0
    },
    "CreatePrediction": {
        "average": 2.527339026305429e-07,
        "count": 10188,
        "total": 0.002574852999999971
    },
    "ErrorMPI": {
        "average": 1.010172721,
        "count": 1,
        "total": 1.010172721
    },
    "InitPrediction": {
        "average": 0.0003276341680408329,
        "count": 10188,
        "total": 3.337936904000006
    },
    "Predict": {
        "average": 0.4509081238750493,
        "count": 10188,
        "total": 4593.851966039002
    },
    "RenderingDatabase": {
        "average": 6.415906654888113e-06,
        "count": 10188,
        "total": 0.0653652570000001
    },
    "RenderingProperty": {
        "average": 6.297475952100517e-06,
        "count": 10188,
        "total": 0.06415868500000006
    },
    "comput-rank-218": {
        "average": 0.45146144859776066,
        "count": 10188,
        "total": 4599.489238313986
    },
    "recv-rank-218": {
        "average": 0.0854001549999999,
        "count": 10189,
        "total": 870.1421792949989
    },
    "send-rank-218": {
        "average": 2.5543055555555462e-06,
        "count": 10188,
        "total": 0.026023264999999903
    }
}
