{
    "6tzR5e": {
        "average": null,
        "count": 0,
        "total": 0.0
    },
    "CalculatingResidual": {
        "average": 0.00014995297144212487,
        "count": 10540,
        "total": 1.580504318999996
    },
    "CreatePrediction": {
        "average": 2.779755218216365e-07,
        "count": 10540,
        "total": 0.0029298620000000487
    },
    "ErrorMPI": {
        "average": 1.001272637,
        "count": 1,
        "total": 1.001272637
    },
    "InitPrediction": {
        "average": 0.00031991503946869116,
        "count": 10540,
        "total": 3.3719045160000047
    },
    "Predict": {
        "average": 0.4336107809485773,
        "count": 10540,
        "total": 4570.257631198005
    },
    "RenderingDatabase": {
        "average": 6.633609297912667e-06,
        "count": 10540,
        "total": 0.0699182419999995
    },
    "RenderingProperty": {
        "average": 6.773044876660308e-06,
        "count": 10540,
        "total": 0.07138789299999965
    },
    "comput-rank-192": {
        "average": 0.434166784403322,
        "count": 10540,
        "total": 4576.117907611014
    },
    "recv-rank-192": {
        "average": 0.08476538585276586,
        "count": 10541,
        "total": 893.511932274005
    },
    "send-rank-192": {
        "average": 2.8250988614800727e-06,
        "count": 10540,
        "total": 0.02977654199999997
    }
}
