{
    "CalculatingResidual": {
        "average": 0.00014958898360189617,
        "count": 10550,
        "total": 1.5781637770000045
    },
    "CreatePrediction": {
        "average": 2.39883791469191e-07,
        "count": 10550,
        "total": 0.0025307739999999653
    },
    "ErrorMPI": {
        "average": 1.005296324,
        "count": 1,
        "total": 1.005296324
    },
    "InitPrediction": {
        "average": 0.00032928440843601895,
        "count": 10550,
        "total": 3.473950509
    },
    "Predict": {
        "average": 0.4340883750466359,
        "count": 10550,
        "total": 4579.632356742009
    },
    "RenderingDatabase": {
        "average": 5.9833571563980955e-06,
        "count": 10550,
        "total": 0.0631244179999999
    },
    "RenderingProperty": {
        "average": 6.3225787677725135e-06,
        "count": 10550,
        "total": 0.06670320600000001
    },
    "comput-rank-175": {
        "average": 0.434643436322938,
        "count": 10550,
        "total": 4585.488253206996
    },
    "rBsd6S": {
        "average": null,
        "count": 0,
        "total": 0.0
    },
    "recv-rank-175": {
        "average": 0.08378635292323006,
        "count": 10551,
        "total": 884.0298096930003
    },
    "send-rank-175": {
        "average": 2.374050805687203e-06,
        "count": 10550,
        "total": 0.025046235999999993
    }
}
