{
    "21Aqd0": {
        "average": null,
        "count": 0,
        "total": 0.0
    },
    "CalculatingResidual": {
        "average": 0.00014790440681576033,
        "count": 10329,
        "total": 1.5277046179999885
    },
    "CreatePrediction": {
        "average": 2.3393474682931433e-07,
        "count": 10329,
        "total": 0.0024163119999999877
    },
    "ErrorMPI": {
        "average": 1.013448048,
        "count": 1,
        "total": 1.013448048
    },
    "InitPrediction": {
        "average": 0.00032578315354826184,
        "count": 10329,
        "total": 3.365014192999997
    },
    "Predict": {
        "average": 0.44413758290986594,
        "count": 10329,
        "total": 4587.497093876005
    },
    "RenderingDatabase": {
        "average": 6.54534301481267e-06,
        "count": 10329,
        "total": 0.06760684800000007
    },
    "RenderingProperty": {
        "average": 6.200603446606604e-06,
        "count": 10329,
        "total": 0.06404603299999961
    },
    "comput-rank-213": {
        "average": 0.44468826997899213,
        "count": 10329,
        "total": 4593.18514061301
    },
    "recv-rank-213": {
        "average": 0.08484432937521855,
        "count": 10330,
        "total": 876.4419224460077
    },
    "send-rank-213": {
        "average": 2.1436616322974234e-06,
        "count": 10329,
        "total": 0.022141881000000085
    }
}
