{
    "15AfOD": {
        "average": null,
        "count": 0,
        "total": 0.0
    },
    "CalculatingResidual": {
        "average": 0.00015303251193441293,
        "count": 9636,
        "total": 1.4746212850000031
    },
    "CreatePrediction": {
        "average": 2.7526878372768546e-07,
        "count": 9636,
        "total": 0.002652489999999977
    },
    "ErrorMPI": {
        "average": 1.002879066,
        "count": 1,
        "total": 1.002879066
    },
    "InitPrediction": {
        "average": 0.00033095809485263525,
        "count": 9636,
        "total": 3.1891122019999933
    },
    "Predict": {
        "average": 0.47585536250446286,
        "count": 9636,
        "total": 4585.342273093004
    },
    "RenderingDatabase": {
        "average": 5.8584501867995e-06,
        "count": 9636,
        "total": 0.05645202599999998
    },
    "RenderingProperty": {
        "average": 6.378933686176829e-06,
        "count": 9636,
        "total": 0.06146740499999992
    },
    "comput-rank-3": {
        "average": 0.4764193601964497,
        "count": 9636,
        "total": 4590.77695485299
    },
    "recv-rank-3": {
        "average": 0.0911780115819241,
        "count": 9637,
        "total": 878.6824976150025
    },
    "send-rank-3": {
        "average": 1.84901421751765e-06,
        "count": 9636,
        "total": 0.017817101000000075
    }
}
