{
    "CalculatingResidual": {
        "average": 0.00014768340713407132,
        "count": 10569,
        "total": 1.5608659299999996
    },
    "CreatePrediction": {
        "average": 2.468036711136345e-07,
        "count": 10569,
        "total": 0.0026084680000000027
    },
    "ErrorMPI": {
        "average": 1.023794046,
        "count": 1,
        "total": 1.023794046
    },
    "InitPrediction": {
        "average": 0.00031999032652095657,
        "count": 10569,
        "total": 3.38197776099999
    },
    "Predict": {
        "average": 0.43351590518128513,
        "count": 10569,
        "total": 4581.829601861003
    },
    "RenderingDatabase": {
        "average": 5.940617844639969e-06,
        "count": 10569,
        "total": 0.06278638999999983
    },
    "RenderingProperty": {
        "average": 6.2594138518308115e-06,
        "count": 10569,
        "total": 0.06615574499999985
    },
    "comput-rank-159": {
        "average": 0.4340594098913812,
        "count": 10569,
        "total": 4587.573903142008
    },
    "k1VyoR": {
        "average": null,
        "count": 0,
        "total": 0.0
    },
    "recv-rank-159": {
        "average": 0.08343660746357656,
        "count": 10570,
        "total": 881.9249408900042
    },
    "send-rank-159": {
        "average": 2.418027344119606e-06,
        "count": 10569,
        "total": 0.025556131000000117
    }
}
