{
    "CalculatingResidual": {
        "average": 0.00014798336962214712,
        "count": 10692,
        "total": 1.582238187999997
    },
    "CreatePrediction": {
        "average": 2.9517040778152856e-07,
        "count": 10692,
        "total": 0.0031559620000001037
    },
    "ErrorMPI": {
        "average": 1.00650525,
        "count": 1,
        "total": 1.00650525
    },
    "InitPrediction": {
        "average": 0.0003172750856715286,
        "count": 10692,
        "total": 3.3923052159999836
    },
    "Predict": {
        "average": 0.4283963855397496,
        "count": 10692,
        "total": 4580.414154191003
    },
    "RenderingDatabase": {
        "average": 6.024201739618383e-06,
        "count": 10692,
        "total": 0.06441076499999975
    },
    "RenderingProperty": {
        "average": 6.436797231575022e-06,
        "count": 10692,
        "total": 0.06882223600000013
    },
    "comput-rank-158": {
        "average": 0.42893886225935496,
        "count": 10692,
        "total": 4586.214315277023
    },
    "recv-rank-158": {
        "average": 0.08260487072664363,
        "count": 10693,
        "total": 883.2938826800004
    },
    "send-rank-158": {
        "average": 2.8542498129442655e-06,
        "count": 10692,
        "total": 0.03051763900000009
    },
    "yXtLVv": {
        "average": null,
        "count": 0,
        "total": 0.0
    }
}
