{
    "CalculatingResidual": {
        "average": 0.00014667051222517116,
        "count": 10552,
        "total": 1.5476672450000062
    },
    "CreatePrediction": {
        "average": 2.3575890826383623e-07,
        "count": 10552,
        "total": 0.002487728
    },
    "ErrorMPI": {
        "average": 1.025738993,
        "count": 1,
        "total": 1.025738993
    },
    "InitPrediction": {
        "average": 0.00031832451250947766,
        "count": 10552,
        "total": 3.358960256000008
    },
    "Predict": {
        "average": 0.4341749499747935,
        "count": 10552,
        "total": 4581.414072134021
    },
    "RenderingDatabase": {
        "average": 5.932945981804388e-06,
        "count": 10552,
        "total": 0.0626044459999999
    },
    "RenderingProperty": {
        "average": 6.049978392721747e-06,
        "count": 10552,
        "total": 0.06383937199999987
    },
    "comput-rank-172": {
        "average": 0.4347133996157114,
        "count": 10552,
        "total": 4587.095792744987
    },
    "ouLzFy": {
        "average": null,
        "count": 0,
        "total": 0.0
    },
    "recv-rank-172": {
        "average": 0.08361630763252162,
        "count": 10553,
        "total": 882.4028944460007
    },
    "send-rank-172": {
        "average": 2.5660997915087264e-06,
        "count": 10552,
        "total": 0.02707748500000008
    }
}
