{
    "CalculatingResidual": {
        "average": 0.0001458289818559823,
        "count": 10582,
        "total": 1.5431622860000045
    },
    "CreatePrediction": {
        "average": 2.345285390285381e-07,
        "count": 10582,
        "total": 0.00248178099999999
    },
    "ErrorMPI": {
        "average": 1.005379036,
        "count": 1,
        "total": 1.005379036
    },
    "InitPrediction": {
        "average": 0.0003153245892080901,
        "count": 10582,
        "total": 3.336764803000009
    },
    "Predict": {
        "average": 0.4322674204501053,
        "count": 10582,
        "total": 4574.253843203014
    },
    "RenderingDatabase": {
        "average": 5.720479776979771e-06,
        "count": 10582,
        "total": 0.060534116999999936
    },
    "RenderingProperty": {
        "average": 5.977541485541486e-06,
        "count": 10582,
        "total": 0.063254344
    },
    "comput-rank-244": {
        "average": 0.4328017830577386,
        "count": 10582,
        "total": 4579.9084683169895
    },
    "qq9vet": {
        "average": null,
        "count": 0,
        "total": 0.0
    },
    "recv-rank-244": {
        "average": 0.08406550642133633,
        "count": 10583,
        "total": 889.6652544570023
    },
    "send-rank-244": {
        "average": 2.5926924021924056e-06,
        "count": 10582,
        "total": 0.027435871000000035
    }
}
