{
    "6xUr8Q": {
        "average": null,
        "count": 0,
        "total": 0.0
    },
    "CalculatingResidual": {
        "average": 0.00015063627710238102,
        "count": 9953,
        "total": 1.4992828659999984
    },
    "CreatePrediction": {
        "average": 2.7011916005224887e-07,
        "count": 9953,
        "total": 0.002688496000000033
    },
    "ErrorMPI": {
        "average": 1.028287167,
        "count": 1,
        "total": 1.028287167
    },
    "InitPrediction": {
        "average": 0.00032834078348236686,
        "count": 9953,
        "total": 3.2679758179999974
    },
    "Predict": {
        "average": 0.45946009466743615,
        "count": 9953,
        "total": 4573.006322224992
    },
    "RenderingDatabase": {
        "average": 5.7688284939214165e-06,
        "count": 9953,
        "total": 0.05741714999999986
    },
    "RenderingProperty": {
        "average": 6.306782578117148e-06,
        "count": 9953,
        "total": 0.06277140699999997
    },
    "comput-rank-191": {
        "average": 0.4600149749392129,
        "count": 9953,
        "total": 4578.529045569986
    },
    "recv-rank-191": {
        "average": 0.08950900169720769,
        "count": 9954,
        "total": 890.9726028940053
    },
    "send-rank-191": {
        "average": 2.320203556716576e-06,
        "count": 9953,
        "total": 0.02309298600000008
    }
}
