{
    "AOyYGs": {
        "average": null,
        "count": 0,
        "total": 0.0
    },
    "CalculatingResidual": {
        "average": 0.0001530142278717327,
        "count": 9106,
        "total": 1.393347558999998
    },
    "CreatePrediction": {
        "average": 2.5956940478805277e-07,
        "count": 9106,
        "total": 0.0023636390000000085
    },
    "ErrorMPI": {
        "average": 1.01673981,
        "count": 1,
        "total": 1.01673981
    },
    "InitPrediction": {
        "average": 0.0003262017728969909,
        "count": 9106,
        "total": 2.970393343999999
    },
    "Predict": {
        "average": 0.5038694305956513,
        "count": 9106,
        "total": 4588.235035004001
    },
    "RenderingDatabase": {
        "average": 6.554680320667688e-06,
        "count": 9106,
        "total": 0.05968691899999997
    },
    "RenderingProperty": {
        "average": 6.280782780584218e-06,
        "count": 9106,
        "total": 0.05719280799999989
    },
    "comput-rank-262": {
        "average": 0.5044296794860544,
        "count": 9106,
        "total": 4593.3366614000115
    },
    "recv-rank-262": {
        "average": 0.09620487667585341,
        "count": 9107,
        "total": 876.137811886997
    },
    "send-rank-262": {
        "average": 2.3311160773116596e-06,
        "count": 9106,
        "total": 0.021227142999999973
    }
}
