{
    "CalculatingResidual": {
        "average": 0.00015168335163361112,
        "count": 10437,
        "total": 1.5831191409999992
    },
    "CreatePrediction": {
        "average": 2.45053655264923e-07,
        "count": 10437,
        "total": 0.0025576250000000013
    },
    "ErrorMPI": {
        "average": 1.010965649,
        "count": 1,
        "total": 1.010965649
    },
    "InitPrediction": {
        "average": 0.00032994995353070666,
        "count": 10437,
        "total": 3.4436876649999855
    },
    "Predict": {
        "average": 0.43811673075203633,
        "count": 10437,
        "total": 4572.624318859003
    },
    "RenderingDatabase": {
        "average": 5.889012934751311e-06,
        "count": 10437,
        "total": 0.06146362799999944
    },
    "RenderingProperty": {
        "average": 6.762603525917363e-06,
        "count": 10437,
        "total": 0.07058129299999952
    },
    "comput-rank-181": {
        "average": 0.4386770391002198,
        "count": 10437,
        "total": 4578.472257088994
    },
    "recv-rank-181": {
        "average": 0.08536470642527305,
        "count": 10438,
        "total": 891.0368056670001
    },
    "send-rank-181": {
        "average": 2.6418396090830684e-06,
        "count": 10437,
        "total": 0.027572879999999984
    },
    "uOomta": {
        "average": null,
        "count": 0,
        "total": 0.0
    }
}
