{
    "7GMG5o": {
        "average": null,
        "count": 0,
        "total": 0.0
    },
    "CalculatingResidual": {
        "average": 0.00014795530186692158,
        "count": 10445,
        "total": 1.545393127999996
    },
    "CreatePrediction": {
        "average": 2.5412982288176024e-07,
        "count": 10445,
        "total": 0.0026543859999999856
    },
    "ErrorMPI": {
        "average": 1.000361606,
        "count": 1,
        "total": 1.000361606
    },
    "InitPrediction": {
        "average": 0.00032522576045954923,
        "count": 10445,
        "total": 3.396983067999992
    },
    "Predict": {
        "average": 0.4388114128840594,
        "count": 10445,
        "total": 4583.385207574001
    },
    "RenderingDatabase": {
        "average": 5.801771469602672e-06,
        "count": 10445,
        "total": 0.060599502999999916
    },
    "RenderingProperty": {
        "average": 6.271848731450445e-06,
        "count": 10445,
        "total": 0.0655094599999999
    },
    "comput-rank-171": {
        "average": 0.43935942419549917,
        "count": 10445,
        "total": 4589.109185721989
    },
    "recv-rank-171": {
        "average": 0.0842825888405129,
        "count": 10446,
        "total": 880.4159230279978
    },
    "send-rank-171": {
        "average": 2.3002923887027343e-06,
        "count": 10445,
        "total": 0.02402655400000006
    }
}
