{
    "3wiDPy": {
        "average": null,
        "count": 0,
        "total": 0.0
    },
    "CalculatingResidual": {
        "average": 0.00015100150004811834,
        "count": 10391,
        "total": 1.5690565869999975
    },
    "CreatePrediction": {
        "average": 2.4255028389952573e-07,
        "count": 10391,
        "total": 0.002520339999999972
    },
    "ErrorMPI": {
        "average": 1.021547299,
        "count": 1,
        "total": 1.021547299
    },
    "InitPrediction": {
        "average": 0.0003238868888461179,
        "count": 10391,
        "total": 3.3655086620000114
    },
    "Predict": {
        "average": 0.44123581549735275,
        "count": 10391,
        "total": 4584.881358832992
    },
    "RenderingDatabase": {
        "average": 5.854328457318838e-06,
        "count": 10391,
        "total": 0.06083232700000004
    },
    "RenderingProperty": {
        "average": 6.305440958521768e-06,
        "count": 10391,
        "total": 0.06551983699999969
    },
    "comput-rank-60": {
        "average": 0.4417889102071036,
        "count": 10391,
        "total": 4590.628565962013
    },
    "recv-rank-60": {
        "average": 0.08456655188991581,
        "count": 10392,
        "total": 878.8156072400051
    },
    "send-rank-60": {
        "average": 1.5070518718121497e-06,
        "count": 10391,
        "total": 0.01565977600000005
    }
}
