{
    "CalculatingResidual": {
        "average": 0.0001534094158436005,
        "count": 9821,
        "total": 1.5066338730000004
    },
    "CreatePrediction": {
        "average": 3.0785673556664743e-07,
        "count": 9821,
        "total": 0.0030234610000000445
    },
    "ErrorMPI": {
        "average": 1.016545964,
        "count": 1,
        "total": 1.016545964
    },
    "InitPrediction": {
        "average": 0.00033229493483352094,
        "count": 9821,
        "total": 3.263468555000009
    },
    "Predict": {
        "average": 0.46632132539731047,
        "count": 9821,
        "total": 4579.741736726986
    },
    "RenderingDatabase": {
        "average": 6.587258018531733e-06,
        "count": 9821,
        "total": 0.06469346100000015
    },
    "RenderingProperty": {
        "average": 6.74174890540679e-06,
        "count": 9821,
        "total": 0.06621071600000009
    },
    "comput-rank-137": {
        "average": 0.4668924386217284,
        "count": 9821,
        "total": 4585.350639703995
    },
    "recv-rank-137": {
        "average": 0.09001691305497861,
        "count": 9822,
        "total": 884.1461200259998
    },
    "send-rank-137": {
        "average": 2.8882588331127113e-06,
        "count": 9821,
        "total": 0.028365589999999937
    },
    "uWWYST": {
        "average": null,
        "count": 0,
        "total": 0.0
    }
}
