{
    "CalculatingResidual": {
        "average": 0.00014553823362548285,
        "count": 10611,
        "total": 1.5443061969999985
    },
    "CreatePrediction": {
        "average": 2.346881538026575e-07,
        "count": 10611,
        "total": 0.0024902759999999987
    },
    "ErrorMPI": {
        "average": 1.025493613,
        "count": 1,
        "total": 1.025493613
    },
    "InitPrediction": {
        "average": 0.0003181775995664853,
        "count": 10611,
        "total": 3.376182508999976
    },
    "Predict": {
        "average": 0.43180216669606725,
        "count": 10611,
        "total": 4581.8527908119695
    },
    "RenderingDatabase": {
        "average": 5.741663273960976e-06,
        "count": 10611,
        "total": 0.060924788999999924
    },
    "RenderingProperty": {
        "average": 6.1067991706719325e-06,
        "count": 10611,
        "total": 0.06479924599999988
    },
    "comput-rank-182": {
        "average": 0.432340103633588,
        "count": 10611,
        "total": 4587.560839656002
    },
    "kHrQi7": {
        "average": null,
        "count": 0,
        "total": 0.0
    },
    "recv-rank-182": {
        "average": 0.08310746683339643,
        "count": 10612,
        "total": 881.9364380360029
    },
    "send-rank-182": {
        "average": 2.5143718782395594e-06,
        "count": 10611,
        "total": 0.026679999999999964
    }
}
