{
    "3dSPlI": {
        "average": null,
        "count": 0,
        "total": 0.0
    },
    "CalculatingResidual": {
        "average": 0.00015818663829368946,
        "count": 10174,
        "total": 1.6093908579999965
    },
    "CreatePrediction": {
        "average": 2.811549046589417e-07,
        "count": 10174,
        "total": 0.002860470000000073
    },
    "ErrorMPI": {
        "average": 1.013722874,
        "count": 1,
        "total": 1.013722874
    },
    "InitPrediction": {
        "average": 0.0003215857265578925,
        "count": 10174,
        "total": 3.2718131819999985
    },
    "Predict": {
        "average": 0.44994019261588436,
        "count": 10174,
        "total": 4577.691519674007
    },
    "RenderingDatabase": {
        "average": 6.546835266365209e-06,
        "count": 10174,
        "total": 0.06660750199999964
    },
    "RenderingProperty": {
        "average": 6.756211912718674e-06,
        "count": 10174,
        "total": 0.06873769999999979
    },
    "comput-rank-222": {
        "average": 0.45050071864084973,
        "count": 10174,
        "total": 4583.394311452005
    },
    "recv-rank-222": {
        "average": 0.08709899944776446,
        "count": 10175,
        "total": 886.2323193810033
    },
    "send-rank-222": {
        "average": 2.691185669353248e-06,
        "count": 10174,
        "total": 0.027380122999999947
    }
}
