{
    "CalculatingResidual": {
        "average": 0.0001503229066489642,
        "count": 9791,
        "total": 1.4718115790000084
    },
    "CreatePrediction": {
        "average": 2.8733581860893654e-07,
        "count": 9791,
        "total": 0.0028133050000000975
    },
    "ErrorMPI": {
        "average": 1.027284515,
        "count": 1,
        "total": 1.027284515
    },
    "InitPrediction": {
        "average": 0.00032337299571034636,
        "count": 9791,
        "total": 3.166145001000001
    },
    "Predict": {
        "average": 0.4676525018166666,
        "count": 9791,
        "total": 4578.785645286983
    },
    "RenderingDatabase": {
        "average": 6.531226534572547e-06,
        "count": 9791,
        "total": 0.06394723899999981
    },
    "RenderingProperty": {
        "average": 6.524237054437721e-06,
        "count": 9791,
        "total": 0.06387880499999973
    },
    "comput-rank-139": {
        "average": 0.46820838552017097,
        "count": 9791,
        "total": 4584.228302627994
    },
    "pThSDy": {
        "average": null,
        "count": 0,
        "total": 0.0
    },
    "recv-rank-139": {
        "average": 0.09040708602267203,
        "count": 9792,
        "total": 885.2661863340045
    },
    "send-rank-139": {
        "average": 2.5561457460933444e-06,
        "count": 9791,
        "total": 0.025027222999999935
    }
}
