{
    "5Cyuvi": {
        "average": null,
        "count": 0,
        "total": 0.0
    },
    "CalculatingResidual": {
        "average": 0.0001522200346286275,
        "count": 10165,
        "total": 1.5473166519999986
    },
    "CreatePrediction": {
        "average": 2.458208558780118e-07,
        "count": 10165,
        "total": 0.0024987689999999897
    },
    "ErrorMPI": {
        "average": 0.990828658,
        "count": 1,
        "total": 0.990828658
    },
    "InitPrediction": {
        "average": 0.0003286905969503199,
        "count": 10165,
        "total": 3.3411399180000014
    },
    "Predict": {
        "average": 0.450398828993508,
        "count": 10165,
        "total": 4578.304096719009
    },
    "RenderingDatabase": {
        "average": 6.067314412198707e-06,
        "count": 10165,
        "total": 0.061674250999999854
    },
    "RenderingProperty": {
        "average": 6.388795966551868e-06,
        "count": 10165,
        "total": 0.06494211099999973
    },
    "comput-rank-77": {
        "average": 0.4509586767912467,
        "count": 10165,
        "total": 4583.994949583022
    },
    "recv-rank-77": {
        "average": 0.0871390500084594,
        "count": 10166,
        "total": 885.8555823859982
    },
    "send-rank-77": {
        "average": 2.535177176586328e-06,
        "count": 10165,
        "total": 0.025770076000000027
    }
}
