{
    "3ohe9c": {
        "average": null,
        "count": 0,
        "total": 0.0
    },
    "CalculatingResidual": {
        "average": 0.0001505217023380372,
        "count": 9709,
        "total": 1.4614152080000031
    },
    "CreatePrediction": {
        "average": 2.489939231640734e-07,
        "count": 9709,
        "total": 0.0024174819999999886
    },
    "ErrorMPI": {
        "average": 1.011498839,
        "count": 1,
        "total": 1.011498839
    },
    "InitPrediction": {
        "average": 0.0003241264717272621,
        "count": 9709,
        "total": 3.146943913999988
    },
    "Predict": {
        "average": 0.4719814311930165,
        "count": 9709,
        "total": 4582.467715452997
    },
    "RenderingDatabase": {
        "average": 5.796228859820753e-06,
        "count": 9709,
        "total": 0.05627558599999969
    },
    "RenderingProperty": {
        "average": 6.196439180142098e-06,
        "count": 9709,
        "total": 0.06016122799999963
    },
    "comput-rank-231": {
        "average": 0.47253040487764,
        "count": 9709,
        "total": 4587.797700957007
    },
    "recv-rank-231": {
        "average": 0.09081762465509798,
        "count": 9710,
        "total": 881.8391354010014
    },
    "send-rank-231": {
        "average": 2.289533937583686e-06,
        "count": 9709,
        "total": 0.02222908500000001
    }
}
