{
    "CalculatingResidual": {
        "average": 0.00014871918500858306,
        "count": 10486,
        "total": 1.559469374000002
    },
    "CreatePrediction": {
        "average": 2.539139805454862e-07,
        "count": 10486,
        "total": 0.0026625419999999683
    },
    "ErrorMPI": {
        "average": 0.979238526,
        "count": 1,
        "total": 0.979238526
    },
    "InitPrediction": {
        "average": 0.0003264246582109473,
        "count": 10486,
        "total": 3.4228889659999933
    },
    "Predict": {
        "average": 0.437322709436582,
        "count": 10486,
        "total": 4585.765931151999
    },
    "RenderingDatabase": {
        "average": 5.9010486362769575e-06,
        "count": 10486,
        "total": 0.061878396000000176
    },
    "RenderingProperty": {
        "average": 6.251876788098409e-06,
        "count": 10486,
        "total": 0.06555717999999991
    },
    "comput-rank-110": {
        "average": 0.43787270533120165,
        "count": 10486,
        "total": 4591.533188102981
    },
    "recv-rank-110": {
        "average": 0.08375408610908772,
        "count": 10487,
        "total": 878.329101026003
    },
    "send-rank-110": {
        "average": 2.2952805645622885e-06,
        "count": 10486,
        "total": 0.024068312000000158
    },
    "v7RKSZ": {
        "average": null,
        "count": 0,
        "total": 0.0
    }
}
