{
    "CalculatingResidual": {
        "average": 0.00014617297059946508,
        "count": 10476,
        "total": 1.5313080399999963
    },
    "CreatePrediction": {
        "average": 2.4322728140511815e-07,
        "count": 10476,
        "total": 0.0025480490000000175
    },
    "ErrorMPI": {
        "average": 1.015965366,
        "count": 1,
        "total": 1.015965366
    },
    "InitPrediction": {
        "average": 0.000321410211722031,
        "count": 10476,
        "total": 3.3670933779999968
    },
    "Predict": {
        "average": 0.4364496070811392,
        "count": 10476,
        "total": 4572.2460837820145
    },
    "RenderingDatabase": {
        "average": 5.8358394425353416e-06,
        "count": 10476,
        "total": 0.06113625400000024
    },
    "RenderingProperty": {
        "average": 6.026008018327596e-06,
        "count": 10476,
        "total": 0.0631284599999999
    },
    "comput-rank-242": {
        "average": 0.43699161511913026,
        "count": 10476,
        "total": 4577.924159988009
    },
    "jV8yvg": {
        "average": null,
        "count": 0,
        "total": 0.0
    },
    "recv-rank-242": {
        "average": 0.08510528341987217,
        "count": 10477,
        "total": 891.6480543900008
    },
    "send-rank-242": {
        "average": 2.508721267659428e-06,
        "count": 10476,
        "total": 0.026281364000000165
    }
}
