{
    "5Axaw8": {
        "average": null,
        "count": 0,
        "total": 0.0
    },
    "CalculatingResidual": {
        "average": 0.00014593679729984856,
        "count": 10592,
        "total": 1.545762556999996
    },
    "CreatePrediction": {
        "average": 2.5069439199396e-07,
        "count": 10592,
        "total": 0.002655355000000024
    },
    "ErrorMPI": {
        "average": 1.004177357,
        "count": 1,
        "total": 1.004177357
    },
    "InitPrediction": {
        "average": 0.0003174982327228103,
        "count": 10592,
        "total": 3.362941281000007
    },
    "Predict": {
        "average": 0.43214707039501316,
        "count": 10592,
        "total": 4577.301769623979
    },
    "RenderingDatabase": {
        "average": 6.4549298527190515e-06,
        "count": 10592,
        "total": 0.06837061700000019
    },
    "RenderingProperty": {
        "average": 6.054939765861024e-06,
        "count": 10592,
        "total": 0.06413392199999997
    },
    "comput-rank-204": {
        "average": 0.43268801898857634,
        "count": 10592,
        "total": 4583.031497127001
    },
    "recv-rank-204": {
        "average": 0.08369730868195997,
        "count": 10593,
        "total": 886.605590868002
    },
    "send-rank-204": {
        "average": 2.470686839123867e-06,
        "count": 10592,
        "total": 0.026169514999999997
    }
}
