{
    "CalculatingResidual": {
        "average": 0.00015400955077107974,
        "count": 9986,
        "total": 1.5379393740000022
    },
    "CreatePrediction": {
        "average": 3.008775285399618e-07,
        "count": 9986,
        "total": 0.0030045630000000586
    },
    "ErrorMPI": {
        "average": 1.021374148,
        "count": 1,
        "total": 1.021374148
    },
    "InitPrediction": {
        "average": 0.000332308917885038,
        "count": 9986,
        "total": 3.3184368539999896
    },
    "P0hq5S": {
        "average": null,
        "count": 0,
        "total": 0.0
    },
    "Predict": {
        "average": 0.45991136929771764,
        "count": 9986,
        "total": 4592.6749338070085
    },
    "RenderingDatabase": {
        "average": 6.409390847186049e-06,
        "count": 9986,
        "total": 0.06400417699999988
    },
    "RenderingProperty": {
        "average": 7.072270979371155e-06,
        "count": 9986,
        "total": 0.07062369800000036
    },
    "comput-rank-183": {
        "average": 0.4604808729905872,
        "count": 9986,
        "total": 4598.361997684004
    },
    "recv-rank-183": {
        "average": 0.08722621024211495,
        "count": 9987,
        "total": 871.128161688002
    },
    "send-rank-183": {
        "average": 2.928673843380723e-06,
        "count": 9986,
        "total": 0.029245736999999904
    }
}
