{
    "AfWQZp": {
        "average": null,
        "count": 0,
        "total": 0.0
    },
    "CalculatingResidual": {
        "average": 0.000149289608403361,
        "count": 10710,
        "total": 1.5988917059999963
    },
    "CreatePrediction": {
        "average": 2.422092436974822e-07,
        "count": 10710,
        "total": 0.002594061000000034
    },
    "ErrorMPI": {
        "average": 0.966913085,
        "count": 1,
        "total": 0.966913085
    },
    "InitPrediction": {
        "average": 0.0003304279287581695,
        "count": 10710,
        "total": 3.5388831169999952
    },
    "Predict": {
        "average": 0.42766515520121434,
        "count": 10710,
        "total": 4580.293812205005
    },
    "RenderingDatabase": {
        "average": 5.896180392156836e-06,
        "count": 10710,
        "total": 0.06314809199999971
    },
    "RenderingProperty": {
        "average": 6.628229598506112e-06,
        "count": 10710,
        "total": 0.07098833900000046
    },
    "comput-rank-67": {
        "average": 0.42822638802418433,
        "count": 10710,
        "total": 4586.3046157390145
    },
    "recv-rank-67": {
        "average": 0.08249101189198033,
        "count": 10711,
        "total": 883.5612283750013
    },
    "send-rank-67": {
        "average": 2.7380863678804894e-06,
        "count": 10710,
        "total": 0.02932490500000004
    }
}
