{
    "7OE9um": {
        "average": null,
        "count": 0,
        "total": 0.0
    },
    "CalculatingResidual": {
        "average": 0.0001513876053607073,
        "count": 10521,
        "total": 1.5927489960000014
    },
    "CreatePrediction": {
        "average": 2.8133114722935563e-07,
        "count": 10521,
        "total": 0.0029598850000000505
    },
    "ErrorMPI": {
        "average": 1.028344587,
        "count": 1,
        "total": 1.028344587
    },
    "InitPrediction": {
        "average": 0.0003243294953901723,
        "count": 10521,
        "total": 3.4122706210000024
    },
    "Predict": {
        "average": 0.4358723082227927,
        "count": 10521,
        "total": 4585.812554812002
    },
    "RenderingDatabase": {
        "average": 6.698561068339515e-06,
        "count": 10521,
        "total": 0.07047556100000003
    },
    "RenderingProperty": {
        "average": 6.600133542438947e-06,
        "count": 10521,
        "total": 0.06944000500000017
    },
    "comput-rank-145": {
        "average": 0.4364293210541776,
        "count": 10521,
        "total": 4591.672886811002
    },
    "recv-rank-145": {
        "average": 0.08342683123189533,
        "count": 10522,
        "total": 877.8171182220026
    },
    "send-rank-145": {
        "average": 2.5359906852960786e-06,
        "count": 10521,
        "total": 0.02668115800000004
    }
}
