{
    "AUZcF5": {
        "average": null,
        "count": 0,
        "total": 0.0
    },
    "CalculatingResidual": {
        "average": 0.00015095754463519316,
        "count": 9320,
        "total": 1.4069243160000002
    },
    "CreatePrediction": {
        "average": 2.6078122317596535e-07,
        "count": 9320,
        "total": 0.002430480999999997
    },
    "ErrorMPI": {
        "average": 1.011756245,
        "count": 1,
        "total": 1.011756245
    },
    "InitPrediction": {
        "average": 0.00033149398090128775,
        "count": 9320,
        "total": 3.0895239020000016
    },
    "Predict": {
        "average": 0.4911668844446343,
        "count": 9320,
        "total": 4577.675363023992
    },
    "RenderingDatabase": {
        "average": 6.507856437768255e-06,
        "count": 9320,
        "total": 0.06065322200000014
    },
    "RenderingProperty": {
        "average": 6.356206545064368e-06,
        "count": 9320,
        "total": 0.059239844999999916
    },
    "comput-rank-269": {
        "average": 0.49172848819377674,
        "count": 9320,
        "total": 4582.909509965999
    },
    "recv-rank-269": {
        "average": 0.09511491009151377,
        "count": 9321,
        "total": 886.5660769629998
    },
    "send-rank-269": {
        "average": 2.5679613733905607e-06,
        "count": 9320,
        "total": 0.023933400000000025
    }
}
