{
    "7xT1da": {
        "average": null,
        "count": 0,
        "total": 0.0
    },
    "CalculatingResidual": {
        "average": 0.0001484091820369652,
        "count": 10388,
        "total": 1.5416745829999947
    },
    "CreatePrediction": {
        "average": 2.620376395841403e-07,
        "count": 10388,
        "total": 0.0027220470000000494
    },
    "ErrorMPI": {
        "average": 0.976683564,
        "count": 1,
        "total": 0.976683564
    },
    "InitPrediction": {
        "average": 0.00032606352445128933,
        "count": 10388,
        "total": 3.3871478919999936
    },
    "Predict": {
        "average": 0.4420436387438369,
        "count": 10388,
        "total": 4591.949319270978
    },
    "RenderingDatabase": {
        "average": 5.8678629187524e-06,
        "count": 10388,
        "total": 0.06095535999999993
    },
    "RenderingProperty": {
        "average": 6.246362726222549e-06,
        "count": 10388,
        "total": 0.06488721599999984
    },
    "comput-rank-75": {
        "average": 0.4425955075294577,
        "count": 10388,
        "total": 4597.682132216007
    },
    "recv-rank-75": {
        "average": 0.08395258624497064,
        "count": 10389,
        "total": 872.1834184989999
    },
    "send-rank-75": {
        "average": 2.451982864844058e-06,
        "count": 10388,
        "total": 0.025471198000000073
    }
}
