{
    "CZz1JF": {
        "average": null,
        "count": 0,
        "total": 0.0
    },
    "CalculatingResidual": {
        "average": 0.00015256388099485745,
        "count": 9529,
        "total": 1.4537812219999966
    },
    "CreatePrediction": {
        "average": 2.7135512645609205e-07,
        "count": 9529,
        "total": 0.002585743000000101
    },
    "ErrorMPI": {
        "average": 1.03131903,
        "count": 1,
        "total": 1.03131903
    },
    "InitPrediction": {
        "average": 0.00032781219225522105,
        "count": 9529,
        "total": 3.123722380000001
    },
    "Predict": {
        "average": 0.4815751792415777,
        "count": 9529,
        "total": 4588.929882992994
    },
    "RenderingDatabase": {
        "average": 5.921550110189944e-06,
        "count": 9529,
        "total": 0.056426450999999975
    },
    "RenderingProperty": {
        "average": 6.197780459649486e-06,
        "count": 9529,
        "total": 0.05905864999999995
    },
    "comput-rank-235": {
        "average": 0.4821312430751351,
        "count": 9529,
        "total": 4594.228615262962
    },
    "recv-rank-235": {
        "average": 0.09185605120891889,
        "count": 9530,
        "total": 875.388168020997
    },
    "send-rank-235": {
        "average": 2.315607408962113e-06,
        "count": 9529,
        "total": 0.022065422999999976
    }
}
