{
    "CalculatingResidual": {
        "average": 0.00015119924242712875,
        "count": 10498,
        "total": 1.5872896469999975
    },
    "CreatePrediction": {
        "average": 2.6348533053915154e-07,
        "count": 10498,
        "total": 0.002766069000000013
    },
    "ErrorMPI": {
        "average": 1.019255022,
        "count": 1,
        "total": 1.019255022
    },
    "InitPrediction": {
        "average": 0.0003214928756906068,
        "count": 10498,
        "total": 3.3750322089999902
    },
    "Predict": {
        "average": 0.436234419084684,
        "count": 10498,
        "total": 4579.588931551013
    },
    "RenderingDatabase": {
        "average": 6.417504477043254e-06,
        "count": 10498,
        "total": 0.06737096200000008
    },
    "RenderingProperty": {
        "average": 6.432112402362352e-06,
        "count": 10498,
        "total": 0.06752431599999997
    },
    "comput-rank-197": {
        "average": 0.43679155057982694,
        "count": 10498,
        "total": 4585.437697987023
    },
    "dOZ7tM": {
        "average": null,
        "count": 0,
        "total": 0.0
    },
    "recv-rank-197": {
        "average": 0.08421527186522529,
        "count": 10499,
        "total": 884.1761393130004
    },
    "send-rank-197": {
        "average": 2.399554105543921e-06,
        "count": 10498,
        "total": 0.02519051900000008
    }
}
