{
    "46DmLe": {
        "average": null,
        "count": 0,
        "total": 0.0
    },
    "CalculatingResidual": {
        "average": 0.00015068878472685704,
        "count": 10489,
        "total": 1.5805746630000035
    },
    "CreatePrediction": {
        "average": 2.661620745542978e-07,
        "count": 10489,
        "total": 0.0027917740000000294
    },
    "ErrorMPI": {
        "average": 1.023057567,
        "count": 1,
        "total": 1.023057567
    },
    "InitPrediction": {
        "average": 0.00032365052864906005,
        "count": 10489,
        "total": 3.394770394999991
    },
    "Predict": {
        "average": 0.4373024789051385,
        "count": 10489,
        "total": 4586.865701235998
    },
    "RenderingDatabase": {
        "average": 6.348434931833323e-06,
        "count": 10489,
        "total": 0.06658873399999972
    },
    "RenderingProperty": {
        "average": 6.501199065687873e-06,
        "count": 10489,
        "total": 0.0681910770000001
    },
    "comput-rank-304": {
        "average": 0.4378550419190591,
        "count": 10489,
        "total": 4592.661534689011
    },
    "recv-rank-304": {
        "average": 0.08358342901992344,
        "count": 10490,
        "total": 876.7901704189969
    },
    "send-rank-304": {
        "average": 2.5074256840499613e-06,
        "count": 10489,
        "total": 0.026300388000000046
    }
}
