{
    "60P5dI": {
        "average": null,
        "count": 0,
        "total": 0.0
    },
    "CalculatingResidual": {
        "average": 0.0001487421113421546,
        "count": 10580,
        "total": 1.5736915379999956
    },
    "CreatePrediction": {
        "average": 2.465774102079392e-07,
        "count": 10580,
        "total": 0.0026087889999999963
    },
    "ErrorMPI": {
        "average": 1.017284537,
        "count": 1,
        "total": 1.017284537
    },
    "InitPrediction": {
        "average": 0.00032598180746691677,
        "count": 10580,
        "total": 3.4488875229999794
    },
    "Predict": {
        "average": 0.4330110227307198,
        "count": 10580,
        "total": 4581.256620491015
    },
    "RenderingDatabase": {
        "average": 5.813666729678585e-06,
        "count": 10580,
        "total": 0.06150859399999943
    },
    "RenderingProperty": {
        "average": 6.2095190926275996e-06,
        "count": 10580,
        "total": 0.065696712
    },
    "comput-rank-8": {
        "average": 0.43356432369451975,
        "count": 10580,
        "total": 4587.110544688019
    },
    "recv-rank-8": {
        "average": 0.08338859824080969,
        "count": 10581,
        "total": 882.3347579860073
    },
    "send-rank-8": {
        "average": 1.4157174858222977e-06,
        "count": 10580,
        "total": 0.014978290999999911
    }
}
