{
    "8OXaeq": {
        "average": null,
        "count": 0,
        "total": 0.0
    },
    "CalculatingResidual": {
        "average": 0.00014826085170340666,
        "count": 10479,
        "total": 1.5536254649999983
    },
    "CreatePrediction": {
        "average": 2.3993997518847116e-07,
        "count": 10479,
        "total": 0.0025143309999999894
    },
    "ErrorMPI": {
        "average": 1.022292007,
        "count": 1,
        "total": 1.022292007
    },
    "InitPrediction": {
        "average": 0.00032060153573814217,
        "count": 10479,
        "total": 3.3595834929999917
    },
    "Predict": {
        "average": 0.4373843761057347,
        "count": 10479,
        "total": 4583.350877211994
    },
    "RenderingDatabase": {
        "average": 6.382052867640057e-06,
        "count": 10479,
        "total": 0.06687753200000016
    },
    "RenderingProperty": {
        "average": 6.1068019849222276e-06,
        "count": 10479,
        "total": 0.06399317800000003
    },
    "comput-rank-141": {
        "average": 0.4379302770873185,
        "count": 10479,
        "total": 4589.071373598011
    },
    "recv-rank-141": {
        "average": 0.0840109203265272,
        "count": 10480,
        "total": 880.4344450220051
    },
    "send-rank-141": {
        "average": 2.2120052485924205e-06,
        "count": 10479,
        "total": 0.023179602999999976
    }
}
