{
    "0cwqrd": {
        "average": null,
        "count": 0,
        "total": 0.0
    },
    "CalculatingResidual": {
        "average": 0.00014928473955797933,
        "count": 10271,
        "total": 1.5333035600000056
    },
    "CreatePrediction": {
        "average": 2.5531399084801757e-07,
        "count": 10271,
        "total": 0.0026223299999999883
    },
    "ErrorMPI": {
        "average": 0.997167732,
        "count": 1,
        "total": 0.997167732
    },
    "InitPrediction": {
        "average": 0.0003233231523707525,
        "count": 10271,
        "total": 3.320852097999999
    },
    "Predict": {
        "average": 0.4449323880335866,
        "count": 10271,
        "total": 4569.900557492968
    },
    "RenderingDatabase": {
        "average": 5.720822023172037e-06,
        "count": 10271,
        "total": 0.05875856299999999
    },
    "RenderingProperty": {
        "average": 6.260939441144959e-06,
        "count": 10271,
        "total": 0.06430610899999988
    },
    "comput-rank-254": {
        "average": 0.4454796176925319,
        "count": 10271,
        "total": 4575.521153319995
    },
    "recv-rank-254": {
        "average": 0.08704466811906138,
        "count": 10272,
        "total": 894.1228309189985
    },
    "send-rank-254": {
        "average": 2.6821760295979008e-06,
        "count": 10271,
        "total": 0.02754863000000004
    }
}
