{
    "4mk2qK": {
        "average": null,
        "count": 0,
        "total": 0.0
    },
    "CalculatingResidual": {
        "average": 0.0001525190100980395,
        "count": 10200,
        "total": 1.555693903000003
    },
    "CreatePrediction": {
        "average": 2.680924509803917e-07,
        "count": 10200,
        "total": 0.002734542999999995
    },
    "ErrorMPI": {
        "average": 0.985453997,
        "count": 1,
        "total": 0.985453997
    },
    "InitPrediction": {
        "average": 0.0003275351014705895,
        "count": 10200,
        "total": 3.3408580350000134
    },
    "Predict": {
        "average": 0.4495051158161763,
        "count": 10200,
        "total": 4584.9521813249985
    },
    "RenderingDatabase": {
        "average": 5.872590686274482e-06,
        "count": 10200,
        "total": 0.059900424999999716
    },
    "RenderingProperty": {
        "average": 6.48304245098039e-06,
        "count": 10200,
        "total": 0.06612703299999997
    },
    "comput-rank-72": {
        "average": 0.45006603497117803,
        "count": 10200,
        "total": 4590.673556706016
    },
    "recv-rank-72": {
        "average": 0.08618596730898923,
        "count": 10201,
        "total": 879.183052518999
    },
    "send-rank-72": {
        "average": 2.3700080392156874e-06,
        "count": 10200,
        "total": 0.024174082000000013
    }
}
