{
    "7s5Leq": {
        "average": null,
        "count": 0,
        "total": 0.0
    },
    "CalculatingResidual": {
        "average": 0.00015088635186648257,
        "count": 10126,
        "total": 1.5278751990000026
    },
    "CreatePrediction": {
        "average": 2.54114161564286e-07,
        "count": 10126,
        "total": 0.00257315999999996
    },
    "ErrorMPI": {
        "average": 1.012624636,
        "count": 1,
        "total": 1.012624636
    },
    "InitPrediction": {
        "average": 0.00033074754572387917,
        "count": 10126,
        "total": 3.3491496480000005
    },
    "Predict": {
        "average": 0.4524310906387482,
        "count": 10126,
        "total": 4581.317223807964
    },
    "RenderingDatabase": {
        "average": 6.458605471064576e-06,
        "count": 10126,
        "total": 0.06539983899999989
    },
    "RenderingProperty": {
        "average": 6.3620163934426364e-06,
        "count": 10126,
        "total": 0.06442177800000014
    },
    "comput-rank-257": {
        "average": 0.45299530242030406,
        "count": 10126,
        "total": 4587.030432307999
    },
    "recv-rank-257": {
        "average": 0.08713667536061986,
        "count": 10127,
        "total": 882.4331113769974
    },
    "send-rank-257": {
        "average": 2.635083646059654e-06,
        "count": 10126,
        "total": 0.02668285700000006
    }
}
