{
    "CalculatingResidual": {
        "average": 0.00015030506220457593,
        "count": 10578,
        "total": 1.5899269480000042
    },
    "CreatePrediction": {
        "average": 2.785779920589978e-07,
        "count": 10578,
        "total": 0.002946798000000079
    },
    "ErrorMPI": {
        "average": 0.998124949,
        "count": 1,
        "total": 0.998124949
    },
    "InitPrediction": {
        "average": 0.0003148939048024184,
        "count": 10578,
        "total": 3.330947724999982
    },
    "Predict": {
        "average": 0.4318124453213257,
        "count": 10578,
        "total": 4567.712046608983
    },
    "RenderingDatabase": {
        "average": 6.027291643032698e-06,
        "count": 10578,
        "total": 0.06375669099999988
    },
    "RenderingProperty": {
        "average": 6.758561731896366e-06,
        "count": 10578,
        "total": 0.07149206599999976
    },
    "comput-rank-160": {
        "average": 0.4323562603713357,
        "count": 10578,
        "total": 4573.464522207989
    },
    "recv-rank-160": {
        "average": 0.08470068596634867,
        "count": 10579,
        "total": 896.0485568380026
    },
    "send-rank-160": {
        "average": 2.864353374929104e-06,
        "count": 10578,
        "total": 0.030299130000000063
    },
    "xb0XnW": {
        "average": null,
        "count": 0,
        "total": 0.0
    }
}
