{
    "CalculatingResidual": {
        "average": 0.00014623436760656964,
        "count": 10533,
        "total": 1.5402865939999981
    },
    "CreatePrediction": {
        "average": 2.368774328301511e-07,
        "count": 10533,
        "total": 0.0024950299999999814
    },
    "ErrorMPI": {
        "average": 1.025319419,
        "count": 1,
        "total": 1.025319419
    },
    "Iibi90": {
        "average": null,
        "count": 0,
        "total": 0.0
    },
    "InitPrediction": {
        "average": 0.00031750304120383674,
        "count": 10533,
        "total": 3.344259533000012
    },
    "Predict": {
        "average": 0.4345427133241237,
        "count": 10533,
        "total": 4577.038399442995
    },
    "RenderingDatabase": {
        "average": 5.928662299439852e-06,
        "count": 10533,
        "total": 0.062446599999999956
    },
    "RenderingProperty": {
        "average": 6.027257286622959e-06,
        "count": 10533,
        "total": 0.06348510099999963
    },
    "comput-rank-188": {
        "average": 0.4350803724349204,
        "count": 10533,
        "total": 4582.701562857017
    },
    "recv-rank-188": {
        "average": 0.0841844898055819,
        "count": 10534,
        "total": 886.7994156119996
    },
    "send-rank-188": {
        "average": 2.3994253299155017e-06,
        "count": 10533,
        "total": 0.02527314699999998
    }
}
