{
    "3GdWa1": {
        "average": null,
        "count": 0,
        "total": 0.0
    },
    "CalculatingResidual": {
        "average": 0.00015116113267326736,
        "count": 10100,
        "total": 1.5267274400000004
    },
    "CreatePrediction": {
        "average": 2.636740594059426e-07,
        "count": 10100,
        "total": 0.0026631080000000204
    },
    "ErrorMPI": {
        "average": 0.997180626,
        "count": 1,
        "total": 0.997180626
    },
    "InitPrediction": {
        "average": 0.0003245441932673282,
        "count": 10100,
        "total": 3.277896352000015
    },
    "Predict": {
        "average": 0.4529514763535627,
        "count": 10100,
        "total": 4574.8099111709835
    },
    "RenderingDatabase": {
        "average": 6.342017227722772e-06,
        "count": 10100,
        "total": 0.064054374
    },
    "RenderingProperty": {
        "average": 6.287815643564345e-06,
        "count": 10100,
        "total": 0.06350693799999989
    },
    "comput-rank-220": {
        "average": 0.4535040632858405,
        "count": 10100,
        "total": 4580.391039186989
    },
    "recv-rank-220": {
        "average": 0.08803603667250773,
        "count": 10101,
        "total": 889.2520064290006
    },
    "send-rank-220": {
        "average": 2.6276188118811834e-06,
        "count": 10100,
        "total": 0.026538949999999954
    }
}
