{
    "4vRZ0J": {
        "average": null,
        "count": 0,
        "total": 0.0
    },
    "CalculatingResidual": {
        "average": 0.0001499947747154548,
        "count": 10631,
        "total": 1.5945944499999998
    },
    "CreatePrediction": {
        "average": 2.829536261875727e-07,
        "count": 10631,
        "total": 0.0030080800000000852
    },
    "ErrorMPI": {
        "average": 1.00379131,
        "count": 1,
        "total": 1.00379131
    },
    "InitPrediction": {
        "average": 0.000322894117204404,
        "count": 10631,
        "total": 3.432687360000019
    },
    "Predict": {
        "average": 0.43010844711946206,
        "count": 10631,
        "total": 4572.482901327001
    },
    "RenderingDatabase": {
        "average": 6.491585269494856e-06,
        "count": 10631,
        "total": 0.06901204299999981
    },
    "RenderingProperty": {
        "average": 6.4296809331201e-06,
        "count": 10631,
        "total": 0.06835393799999978
    },
    "comput-rank-128": {
        "average": 0.4306636451364869,
        "count": 10631,
        "total": 4578.385211445992
    },
    "recv-rank-128": {
        "average": 0.08381574427398426,
        "count": 10632,
        "total": 891.1289931210007
    },
    "send-rank-128": {
        "average": 2.620559119556016e-06,
        "count": 10631,
        "total": 0.02785916400000001
    }
}
