{
    "CalculatingResidual": {
        "average": 0.0001503892953757803,
        "count": 10099,
        "total": 1.5187814940000053
    },
    "CreatePrediction": {
        "average": 2.601178334488554e-07,
        "count": 10099,
        "total": 0.002626929999999991
    },
    "ErrorMPI": {
        "average": 1.019141354,
        "count": 1,
        "total": 1.019141354
    },
    "InitPrediction": {
        "average": 0.0003257455304485587,
        "count": 10099,
        "total": 3.289704111999994
    },
    "Predict": {
        "average": 0.4524064307877041,
        "count": 10099,
        "total": 4568.852544525023
    },
    "RenderingDatabase": {
        "average": 6.012619863352789e-06,
        "count": 10099,
        "total": 0.06072144799999981
    },
    "RenderingProperty": {
        "average": 6.1986008515694535e-06,
        "count": 10099,
        "total": 0.06259966999999991
    },
    "comput-rank-255": {
        "average": 0.4529577193545906,
        "count": 10099,
        "total": 4574.420007762011
    },
    "oGZzYj": {
        "average": null,
        "count": 0,
        "total": 0.0
    },
    "recv-rank-255": {
        "average": 0.08863448766831679,
        "count": 10100,
        "total": 895.2083254499996
    },
    "send-rank-255": {
        "average": 2.2519761362511195e-06,
        "count": 10099,
        "total": 0.022742707000000056
    }
}
