{
    "96CvOZ": {
        "average": null,
        "count": 0,
        "total": 0.0
    },
    "CalculatingResidual": {
        "average": 0.00015419846744365266,
        "count": 10382,
        "total": 1.600888489000002
    },
    "CreatePrediction": {
        "average": 2.800069350799509e-07,
        "count": 10382,
        "total": 0.0029070320000000502
    },
    "ErrorMPI": {
        "average": 1.017276708,
        "count": 1,
        "total": 1.017276708
    },
    "InitPrediction": {
        "average": 0.00032769939549219735,
        "count": 10382,
        "total": 3.402175123999993
    },
    "Predict": {
        "average": 0.44155018750674135,
        "count": 10382,
        "total": 4584.174046694989
    },
    "RenderingDatabase": {
        "average": 6.162004623386636e-06,
        "count": 10382,
        "total": 0.06397393200000005
    },
    "RenderingProperty": {
        "average": 6.71137892506258e-06,
        "count": 10382,
        "total": 0.0696775359999997
    },
    "comput-rank-57": {
        "average": 0.442114560728377,
        "count": 10382,
        "total": 4590.03336948201
    },
    "recv-rank-57": {
        "average": 0.0846967501285756,
        "count": 10383,
        "total": 879.4063565850004
    },
    "send-rank-57": {
        "average": 1.7579633018686117e-06,
        "count": 10382,
        "total": 0.018251174999999925
    }
}
