{
    "CalculatingResidual": {
        "average": 0.00015123320409129602,
        "count": 10559,
        "total": 1.5968714019999948
    },
    "CreatePrediction": {
        "average": 2.6168870158159083e-07,
        "count": 10559,
        "total": 0.002763171000000018
    },
    "ErrorMPI": {
        "average": 1.019958765,
        "count": 1,
        "total": 1.019958765
    },
    "InitPrediction": {
        "average": 0.0003225228124822418,
        "count": 10559,
        "total": 3.405518376999991
    },
    "Predict": {
        "average": 0.4341147065570592,
        "count": 10559,
        "total": 4583.817186535988
    },
    "RenderingDatabase": {
        "average": 6.616983521166763e-06,
        "count": 10559,
        "total": 0.06986872899999985
    },
    "RenderingProperty": {
        "average": 6.542274268396644e-06,
        "count": 10559,
        "total": 0.06907987400000017
    },
    "comput-rank-143": {
        "average": 0.43466897640534047,
        "count": 10559,
        "total": 4589.66972186399
    },
    "hWBk7G": {
        "average": null,
        "count": 0,
        "total": 0.0
    },
    "recv-rank-143": {
        "average": 0.08331686864573906,
        "count": 10560,
        "total": 879.8261328990045
    },
    "send-rank-143": {
        "average": 2.4510665782744694e-06,
        "count": 10559,
        "total": 0.025880812000000124
    }
}
