{
    "CalculatingResidual": {
        "average": 0.00014716450019179125,
        "count": 10428,
        "total": 1.5346314079999992
    },
    "CreatePrediction": {
        "average": 2.5520051783659086e-07,
        "count": 10428,
        "total": 0.0026612309999999697
    },
    "ErrorMPI": {
        "average": 1.008713317,
        "count": 1,
        "total": 1.008713317
    },
    "InitPrediction": {
        "average": 0.00032558535701956347,
        "count": 10428,
        "total": 3.3952041030000077
    },
    "Predict": {
        "average": 0.4385120762809723,
        "count": 10428,
        "total": 4572.803931457979
    },
    "RenderingDatabase": {
        "average": 6.489512370540853e-06,
        "count": 10428,
        "total": 0.06767263500000001
    },
    "RenderingProperty": {
        "average": 6.134990602224764e-06,
        "count": 10428,
        "total": 0.06397568199999984
    },
    "comput-rank-211": {
        "average": 0.43906344433275774,
        "count": 10428,
        "total": 4578.5535975019975
    },
    "eLFxRO": {
        "average": null,
        "count": 0,
        "total": 0.0
    },
    "recv-rank-211": {
        "average": 0.08544256094630387,
        "count": 10429,
        "total": 891.080468109003
    },
    "send-rank-211": {
        "average": 2.3374989451476873e-06,
        "count": 10428,
        "total": 0.024375439000000085
    }
}
