{
    "CalculatingResidual": {
        "average": 0.0001543013728971963,
        "count": 9630,
        "total": 1.4859222210000005
    },
    "CreatePrediction": {
        "average": 2.532213914849387e-07,
        "count": 9630,
        "total": 0.00243852199999996
    },
    "ErrorMPI": {
        "average": 0.963512154,
        "count": 1,
        "total": 0.963512154
    },
    "InitPrediction": {
        "average": 0.0003314232462097622,
        "count": 9630,
        "total": 3.19160586100001
    },
    "Predict": {
        "average": 0.47570915039709033,
        "count": 9630,
        "total": 4581.07911832398
    },
    "RenderingDatabase": {
        "average": 5.936449428868076e-06,
        "count": 9630,
        "total": 0.057168007999999576
    },
    "RenderingProperty": {
        "average": 6.43443759086187e-06,
        "count": 9630,
        "total": 0.06196363399999981
    },
    "comput-rank-100": {
        "average": 0.4762716043171325,
        "count": 9630,
        "total": 4586.495549573986
    },
    "e34zRx": {
        "average": null,
        "count": 0,
        "total": 0.0
    },
    "recv-rank-100": {
        "average": 0.09172345464967299,
        "count": 9631,
        "total": 883.3885917310006
    },
    "send-rank-100": {
        "average": 2.3831519210799657e-06,
        "count": 9630,
        "total": 0.02294975300000007
    }
}
