{
    "CalculatingResidual": {
        "average": 0.00014825025436161733,
        "count": 10088,
        "total": 1.4955485659999956
    },
    "CreatePrediction": {
        "average": 2.3125604678826244e-07,
        "count": 10088,
        "total": 0.0023329109999999913
    },
    "ErrorMPI": {
        "average": 0.997226234,
        "count": 1,
        "total": 0.997226234
    },
    "InitPrediction": {
        "average": 0.0003186660255749421,
        "count": 10088,
        "total": 3.214702866000016
    },
    "Predict": {
        "average": 0.45261630143229753,
        "count": 10088,
        "total": 4565.993248849018
    },
    "RenderingDatabase": {
        "average": 5.8345594766058445e-06,
        "count": 10088,
        "total": 0.05885903599999976
    },
    "RenderingProperty": {
        "average": 6.198918517049952e-06,
        "count": 10088,
        "total": 0.06253468999999992
    },
    "comput-rank-238": {
        "average": 0.45315694670777107,
        "count": 10088,
        "total": 4571.447278387995
    },
    "recv-rank-238": {
        "average": 0.08902780527406087,
        "count": 10089,
        "total": 898.2015274100002
    },
    "send-rank-238": {
        "average": 2.3794282315622576e-06,
        "count": 10088,
        "total": 0.024003672000000052
    },
    "uoYoPc": {
        "average": null,
        "count": 0,
        "total": 0.0
    }
}
