{
    "5kfNxs": {
        "average": null,
        "count": 0,
        "total": 0.0
    },
    "CalculatingResidual": {
        "average": 0.00015037041435029402,
        "count": 10397,
        "total": 1.5634011980000069
    },
    "CreatePrediction": {
        "average": 2.5888958353371433e-07,
        "count": 10397,
        "total": 0.002691675000000028
    },
    "ErrorMPI": {
        "average": 1.007030903,
        "count": 1,
        "total": 1.007030903
    },
    "InitPrediction": {
        "average": 0.0003275389326728863,
        "count": 10397,
        "total": 3.4054222829999987
    },
    "Predict": {
        "average": 0.4396458499483498,
        "count": 10397,
        "total": 4570.997901912993
    },
    "RenderingDatabase": {
        "average": 5.8868224487833016e-06,
        "count": 10397,
        "total": 0.06120529299999999
    },
    "RenderingProperty": {
        "average": 6.225516687506033e-06,
        "count": 10397,
        "total": 0.06472669700000022
    },
    "comput-rank-59": {
        "average": 0.440202012183514,
        "count": 10397,
        "total": 4576.7803206719955
    },
    "recv-rank-59": {
        "average": 0.08585061823975826,
        "count": 10398,
        "total": 892.6747284570064
    },
    "send-rank-59": {
        "average": 1.7198208136962662e-06,
        "count": 10397,
        "total": 0.01788097700000008
    }
}
