{
    "CalculatingResidual": {
        "average": 0.00014718195555974003,
        "count": 10621,
        "total": 1.5632195499999988
    },
    "CreatePrediction": {
        "average": 2.446364749081959e-07,
        "count": 10621,
        "total": 0.0025982839999999486
    },
    "ErrorMPI": {
        "average": 1.011644676,
        "count": 1,
        "total": 1.011644676
    },
    "InitPrediction": {
        "average": 0.0003235786259297623,
        "count": 10621,
        "total": 3.4367285860000054
    },
    "Predict": {
        "average": 0.4314212791164671,
        "count": 10621,
        "total": 4582.125405495997
    },
    "RenderingDatabase": {
        "average": 5.908735147349567e-06,
        "count": 10621,
        "total": 0.06275667599999975
    },
    "RenderingProperty": {
        "average": 6.1341198568872775e-06,
        "count": 10621,
        "total": 0.06515048699999977
    },
    "comput-rank-310": {
        "average": 0.4319658329452977,
        "count": 10621,
        "total": 4587.909111712007
    },
    "kLEOa6": {
        "average": null,
        "count": 0,
        "total": 0.0
    },
    "recv-rank-310": {
        "average": 0.08299435871069473,
        "count": 10622,
        "total": 881.5660782249994
    },
    "send-rank-310": {
        "average": 2.3739245833725647e-06,
        "count": 10621,
        "total": 0.02521345300000001
    }
}
