{
    "CalculatingResidual": {
        "average": 0.0001516270216184629,
        "count": 10269,
        "total": 1.5570578849999954
    },
    "CreatePrediction": {
        "average": 2.494114324666491e-07,
        "count": 10269,
        "total": 0.0025612060000000194
    },
    "ErrorMPI": {
        "average": 1.009358009,
        "count": 1,
        "total": 1.009358009
    },
    "InitPrediction": {
        "average": 0.0003263675237121437,
        "count": 10269,
        "total": 3.3514681010000036
    },
    "Predict": {
        "average": 0.44690172520771065,
        "count": 10269,
        "total": 4589.233816157981
    },
    "RenderingDatabase": {
        "average": 6.230167202259188e-06,
        "count": 10269,
        "total": 0.0639775869999996
    },
    "RenderingProperty": {
        "average": 6.453584964456117e-06,
        "count": 10269,
        "total": 0.06627186399999986
    },
    "comput-rank-41": {
        "average": 0.4474603859621193,
        "count": 10269,
        "total": 4594.970703445003
    },
    "eLzrhd": {
        "average": null,
        "count": 0,
        "total": 0.0
    },
    "recv-rank-41": {
        "average": 0.08514902087663138,
        "count": 10270,
        "total": 874.4804444030043
    },
    "send-rank-41": {
        "average": 1.7822645827247052e-06,
        "count": 10269,
        "total": 0.018302074999999998
    }
}
