{
    "4thCgO": {
        "average": null,
        "count": 0,
        "total": 0.0
    },
    "CalculatingResidual": {
        "average": 0.00014779024615968104,
        "count": 10546,
        "total": 1.5585959359999961
    },
    "CreatePrediction": {
        "average": 2.630396358809091e-07,
        "count": 10546,
        "total": 0.002774016000000067
    },
    "ErrorMPI": {
        "average": 1.019169435,
        "count": 1,
        "total": 1.019169435
    },
    "InitPrediction": {
        "average": 0.00031868683538782564,
        "count": 10546,
        "total": 3.360871366000009
    },
    "Predict": {
        "average": 0.4337613154829361,
        "count": 10546,
        "total": 4574.446833083044
    },
    "RenderingDatabase": {
        "average": 6.5852654086857386e-06,
        "count": 10546,
        "total": 0.0694482089999998
    },
    "RenderingProperty": {
        "average": 6.444460079651036e-06,
        "count": 10546,
        "total": 0.06796327599999982
    },
    "comput-rank-258": {
        "average": 0.43431120619827496,
        "count": 10546,
        "total": 4580.245980567008
    },
    "recv-rank-258": {
        "average": 0.08430896582222422,
        "count": 10547,
        "total": 889.2066625269988
    },
    "send-rank-258": {
        "average": 2.674808742651225e-06,
        "count": 10546,
        "total": 0.02820853299999982
    }
}
