{
    "5evuu7": {
        "average": null,
        "count": 0,
        "total": 0.0
    },
    "CalculatingResidual": {
        "average": 0.00014913535008665482,
        "count": 10386,
        "total": 1.548919745999997
    },
    "CreatePrediction": {
        "average": 2.44621124590796e-07,
        "count": 10386,
        "total": 0.0025406350000000072
    },
    "ErrorMPI": {
        "average": 1.022827178,
        "count": 1,
        "total": 1.022827178
    },
    "InitPrediction": {
        "average": 0.0003207663736761018,
        "count": 10386,
        "total": 3.331479556999993
    },
    "Predict": {
        "average": 0.44020619430107766,
        "count": 10386,
        "total": 4571.981534010993
    },
    "RenderingDatabase": {
        "average": 6.5667374350087055e-06,
        "count": 10386,
        "total": 0.06820213500000041
    },
    "RenderingProperty": {
        "average": 6.236060851145797e-06,
        "count": 10386,
        "total": 0.06476772800000025
    },
    "comput-rank-217": {
        "average": 0.4407546280439058,
        "count": 10386,
        "total": 4577.677566864006
    },
    "recv-rank-217": {
        "average": 0.08587060024617328,
        "count": 10387,
        "total": 891.9379247570018
    },
    "send-rank-217": {
        "average": 2.309959849797798e-06,
        "count": 10386,
        "total": 0.02399124299999993
    }
}
