{
    "CalculatingResidual": {
        "average": 0.00014839087903472154,
        "count": 9821,
        "total": 1.4573468230000002
    },
    "CreatePrediction": {
        "average": 2.5341451990632126e-07,
        "count": 9821,
        "total": 0.002488783999999981
    },
    "ErrorMPI": {
        "average": 0.994974931,
        "count": 1,
        "total": 0.994974931
    },
    "InitPrediction": {
        "average": 0.0003259033527135721,
        "count": 9821,
        "total": 3.200696826999992
    },
    "Predict": {
        "average": 0.46619652592190225,
        "count": 9821,
        "total": 4578.516081079002
    },
    "RenderingDatabase": {
        "average": 6.381582323592322e-06,
        "count": 9821,
        "total": 0.06267352000000019
    },
    "RenderingProperty": {
        "average": 6.1997461561959054e-06,
        "count": 9821,
        "total": 0.060887706999999985
    },
    "comput-rank-130": {
        "average": 0.46675158978586717,
        "count": 9821,
        "total": 4583.967363287002
    },
    "recv-rank-130": {
        "average": 0.09016137392954597,
        "count": 9822,
        "total": 885.5650147360005
    },
    "send-rank-130": {
        "average": 2.486096731493734e-06,
        "count": 9821,
        "total": 0.024415955999999964
    },
    "wsEd9v": {
        "average": null,
        "count": 0,
        "total": 0.0
    }
}
