{
    "CalculatingResidual": {
        "average": 0.00014628769798971466,
        "count": 10695,
        "total": 1.5645469299999983
    },
    "CreatePrediction": {
        "average": 2.3836933146329776e-07,
        "count": 10695,
        "total": 0.0025493599999999697
    },
    "ErrorMPI": {
        "average": 1.023192853,
        "count": 1,
        "total": 1.023192853
    },
    "InitPrediction": {
        "average": 0.0003206334067321171,
        "count": 10695,
        "total": 3.429174284999992
    },
    "Predict": {
        "average": 0.428097707158952,
        "count": 10695,
        "total": 4578.5049780649915
    },
    "RenderingDatabase": {
        "average": 5.8516006545114606e-06,
        "count": 10695,
        "total": 0.06258286900000007
    },
    "RenderingProperty": {
        "average": 6.224130247779362e-06,
        "count": 10695,
        "total": 0.06656707300000028
    },
    "comput-rank-170": {
        "average": 0.4286392010767654,
        "count": 10695,
        "total": 4584.296255516006
    },
    "gboeij": {
        "average": null,
        "count": 0,
        "total": 0.0
    },
    "recv-rank-170": {
        "average": 0.08276019013322736,
        "count": 10696,
        "total": 885.2029936649998
    },
    "send-rank-170": {
        "average": 2.5454285179990557e-06,
        "count": 10695,
        "total": 0.027223357999999902
    }
}
