{
    "CalculatingResidual": {
        "average": 0.00015394734736206078,
        "count": 9932,
        "total": 1.5290050539999878
    },
    "CreatePrediction": {
        "average": 2.566299838904536e-07,
        "count": 9932,
        "total": 0.002548848999999985
    },
    "ErrorMPI": {
        "average": 1.019336793,
        "count": 1,
        "total": 1.019336793
    },
    "InitPrediction": {
        "average": 0.00032872681131695545,
        "count": 9932,
        "total": 3.2649146900000017
    },
    "Predict": {
        "average": 0.460169733129178,
        "count": 9932,
        "total": 4570.405789438996
    },
    "RenderingDatabase": {
        "average": 6.672518123237986e-06,
        "count": 9932,
        "total": 0.06627144999999968
    },
    "RenderingProperty": {
        "average": 6.559009766411611e-06,
        "count": 9932,
        "total": 0.06514408500000012
    },
    "VORuzU": {
        "average": null,
        "count": 0,
        "total": 0.0
    },
    "comput-rank-135": {
        "average": 0.4607350589873137,
        "count": 9932,
        "total": 4576.020605862
    },
    "recv-rank-135": {
        "average": 0.08995119831480888,
        "count": 9933,
        "total": 893.4852528609966
    },
    "send-rank-135": {
        "average": 2.4128426298832093e-06,
        "count": 9932,
        "total": 0.023964353000000035
    }
}
