{
    "2u6ADi": {
        "average": null,
        "count": 0,
        "total": 0.0
    },
    "CalculatingResidual": {
        "average": 0.00015022523787686583,
        "count": 10249,
        "total": 1.5396584629999979
    },
    "CreatePrediction": {
        "average": 2.4551331837252096e-07,
        "count": 10249,
        "total": 0.0025162659999999675
    },
    "ErrorMPI": {
        "average": 1.023233485,
        "count": 1,
        "total": 1.023233485
    },
    "InitPrediction": {
        "average": 0.0003243074691189383,
        "count": 10249,
        "total": 3.3238272509999987
    },
    "Predict": {
        "average": 0.44623093454697954,
        "count": 10249,
        "total": 4573.420848171993
    },
    "RenderingDatabase": {
        "average": 5.812272319250632e-06,
        "count": 10249,
        "total": 0.05956997899999973
    },
    "RenderingProperty": {
        "average": 6.297170650795174e-06,
        "count": 10249,
        "total": 0.06453970199999974
    },
    "comput-rank-35": {
        "average": 0.4467836136445518,
        "count": 10249,
        "total": 4579.085256243012
    },
    "recv-rank-35": {
        "average": 0.08686392914380561,
        "count": 10250,
        "total": 890.3552737240075
    },
    "send-rank-35": {
        "average": 1.6308647672943712e-06,
        "count": 10249,
        "total": 0.01671473300000001
    }
}
