{
    "CalculatingResidual": {
        "average": 0.00015271615133531102,
        "count": 10110,
        "total": 1.5439602899999942
    },
    "CreatePrediction": {
        "average": 2.480754698318512e-07,
        "count": 10110,
        "total": 0.0025080430000000158
    },
    "ErrorMPI": {
        "average": 1.019506643,
        "count": 1,
        "total": 1.019506643
    },
    "InitPrediction": {
        "average": 0.0003248602726013851,
        "count": 10110,
        "total": 3.284337356000003
    },
    "Predict": {
        "average": 0.45317602322235745,
        "count": 10110,
        "total": 4581.609594778034
    },
    "RenderingDatabase": {
        "average": 6.71421305637981e-06,
        "count": 10110,
        "total": 0.06788069399999988
    },
    "RenderingProperty": {
        "average": 6.474047378832839e-06,
        "count": 10110,
        "total": 0.065452619
    },
    "comput-rank-219": {
        "average": 0.4537331867101873,
        "count": 10110,
        "total": 4587.242517639994
    },
    "gb3dI3": {
        "average": null,
        "count": 0,
        "total": 0.0
    },
    "recv-rank-219": {
        "average": 0.08726943165423816,
        "count": 10111,
        "total": 882.381223456002
    },
    "send-rank-219": {
        "average": 2.2984861523244143e-06,
        "count": 10110,
        "total": 0.02323769499999983
    }
}
