{
    "3cNCF6": {
        "average": null,
        "count": 0,
        "total": 0.0
    },
    "CalculatingResidual": {
        "average": 0.00015131514728381916,
        "count": 10327,
        "total": 1.5626315260000005
    },
    "CreatePrediction": {
        "average": 2.5635382976662925e-07,
        "count": 10327,
        "total": 0.0026473659999999804
    },
    "ErrorMPI": {
        "average": 0.998563063,
        "count": 1,
        "total": 0.998563063
    },
    "InitPrediction": {
        "average": 0.0003237838014912361,
        "count": 10327,
        "total": 3.343715317999995
    },
    "Predict": {
        "average": 0.4445073334225804,
        "count": 10327,
        "total": 4590.427232254988
    },
    "RenderingDatabase": {
        "average": 5.830370388302477e-06,
        "count": 10327,
        "total": 0.06021023499999968
    },
    "RenderingProperty": {
        "average": 6.2539423840418044e-06,
        "count": 10327,
        "total": 0.06458446299999972
    },
    "comput-rank-61": {
        "average": 0.4450612820336004,
        "count": 10327,
        "total": 4596.1478595609915
    },
    "recv-rank-61": {
        "average": 0.08455815965530628,
        "count": 10328,
        "total": 873.3166729200032
    },
    "send-rank-61": {
        "average": 1.759996320325366e-06,
        "count": 10327,
        "total": 0.018175482000000055
    }
}
