{
    "CalculatingResidual": {
        "average": 0.00015053516206728375,
        "count": 10255,
        "total": 1.543738086999995
    },
    "CreatePrediction": {
        "average": 2.2920741101901666e-07,
        "count": 10255,
        "total": 0.002350522000000016
    },
    "ErrorMPI": {
        "average": 1.043125254,
        "count": 1,
        "total": 1.043125254
    },
    "InitPrediction": {
        "average": 0.00032540117035592344,
        "count": 10255,
        "total": 3.336989001999995
    },
    "OXOuc5": {
        "average": null,
        "count": 0,
        "total": 0.0
    },
    "Predict": {
        "average": 0.4464780400742091,
        "count": 10255,
        "total": 4578.632300961014
    },
    "RenderingDatabase": {
        "average": 5.872741784495345e-06,
        "count": 10255,
        "total": 0.06022496699999977
    },
    "RenderingProperty": {
        "average": 6.1370039980497185e-06,
        "count": 10255,
        "total": 0.06293497599999986
    },
    "comput-rank-40": {
        "average": 0.44703239472891315,
        "count": 10255,
        "total": 4584.317207945004
    },
    "recv-rank-40": {
        "average": 0.08630149599336992,
        "count": 10256,
        "total": 885.1081429080019
    },
    "send-rank-40": {
        "average": 1.5005655777669382e-06,
        "count": 10255,
        "total": 0.01538829999999995
    }
}
