{
    "8qJC0n": {
        "average": null,
        "count": 0,
        "total": 0.0
    },
    "CalculatingResidual": {
        "average": 0.00014559796310312302,
        "count": 10570,
        "total": 1.5389704700000102
    },
    "CreatePrediction": {
        "average": 2.5391428571428706e-07,
        "count": 10570,
        "total": 0.002683874000000014
    },
    "ErrorMPI": {
        "average": 1.006813952,
        "count": 1,
        "total": 1.006813952
    },
    "InitPrediction": {
        "average": 0.000318875982403027,
        "count": 10570,
        "total": 3.3705191339999954
    },
    "Predict": {
        "average": 0.4329849002560098,
        "count": 10570,
        "total": 4576.650395706023
    },
    "RenderingDatabase": {
        "average": 6.348530179754059e-06,
        "count": 10570,
        "total": 0.0671039640000004
    },
    "RenderingProperty": {
        "average": 6.081416367076621e-06,
        "count": 10570,
        "total": 0.06428057099999988
    },
    "comput-rank-202": {
        "average": 0.4335270165575207,
        "count": 10570,
        "total": 4582.380565012993
    },
    "recv-rank-202": {
        "average": 0.08393314078686957,
        "count": 10571,
        "total": 887.2572312579982
    },
    "send-rank-202": {
        "average": 2.402817786187315e-06,
        "count": 10570,
        "total": 0.02539778399999992
    }
}
