{
    "6yTdkp": {
        "average": null,
        "count": 0,
        "total": 0.0
    },
    "CalculatingResidual": {
        "average": 0.0001476896024225847,
        "count": 10237,
        "total": 1.5118984599999994
    },
    "CreatePrediction": {
        "average": 2.732236983491262e-07,
        "count": 10237,
        "total": 0.0027969910000000047
    },
    "ErrorMPI": {
        "average": 1.012090651,
        "count": 1,
        "total": 1.012090651
    },
    "InitPrediction": {
        "average": 0.00031867806828172335,
        "count": 10237,
        "total": 3.262307385000002
    },
    "Predict": {
        "average": 0.447106993848491,
        "count": 10237,
        "total": 4577.034296027003
    },
    "RenderingDatabase": {
        "average": 6.433745237862642e-06,
        "count": 10237,
        "total": 0.06586224999999986
    },
    "RenderingProperty": {
        "average": 6.528320406369058e-06,
        "count": 10237,
        "total": 0.06683041600000005
    },
    "comput-rank-214": {
        "average": 0.4476535716495083,
        "count": 10237,
        "total": 4582.629612976017
    },
    "recv-rank-214": {
        "average": 0.08663753900869335,
        "count": 10238,
        "total": 886.9951243710025
    },
    "send-rank-214": {
        "average": 2.652698251440851e-06,
        "count": 10237,
        "total": 0.027155671999999995
    }
}
