{
    "CalculatingResidual": {
        "average": 0.00015003922444908847,
        "count": 10528,
        "total": 1.5796129550000033
    },
    "CreatePrediction": {
        "average": 2.6843427051672314e-07,
        "count": 10528,
        "total": 0.0028260760000000614
    },
    "ErrorMPI": {
        "average": 1.013799059,
        "count": 1,
        "total": 1.013799059
    },
    "InitPrediction": {
        "average": 0.00032481483966565286,
        "count": 10528,
        "total": 3.4196506319999935
    },
    "Predict": {
        "average": 0.43587327184507973,
        "count": 10528,
        "total": 4588.873805984999
    },
    "RenderingDatabase": {
        "average": 6.111707921732532e-06,
        "count": 10528,
        "total": 0.0643440610000001
    },
    "RenderingProperty": {
        "average": 6.684203552431586e-06,
        "count": 10528,
        "total": 0.07037129499999974
    },
    "comput-rank-21": {
        "average": 0.4364304179658071,
        "count": 10528,
        "total": 4594.739440344018
    },
    "ovPNB1": {
        "average": null,
        "count": 0,
        "total": 0.0
    },
    "recv-rank-21": {
        "average": 0.08307546004188433,
        "count": 10529,
        "total": 874.7015187810001
    },
    "send-rank-21": {
        "average": 1.911599354103338e-06,
        "count": 10528,
        "total": 0.020125317999999944
    }
}
