{
    "0QtPlD": {
        "average": null,
        "count": 0,
        "total": 0.0
    },
    "CalculatingResidual": {
        "average": 0.00015279420334448073,
        "count": 10465,
        "total": 1.5989913379999907
    },
    "CreatePrediction": {
        "average": 2.6675785953177274e-07,
        "count": 10465,
        "total": 0.002791621000000002
    },
    "ErrorMPI": {
        "average": 0.999763005,
        "count": 1,
        "total": 0.999763005
    },
    "InitPrediction": {
        "average": 0.00032927091973244287,
        "count": 10465,
        "total": 3.445820175000015
    },
    "Predict": {
        "average": 0.43790077617524953,
        "count": 10465,
        "total": 4582.631622673986
    },
    "RenderingDatabase": {
        "average": 6.091639751552793e-06,
        "count": 10465,
        "total": 0.06374900999999998
    },
    "RenderingProperty": {
        "average": 6.8074624940277185e-06,
        "count": 10465,
        "total": 0.07124009500000007
    },
    "comput-rank-68": {
        "average": 0.43846660839493623,
        "count": 10465,
        "total": 4588.553056853008
    },
    "recv-rank-68": {
        "average": 0.08420431136900439,
        "count": 10466,
        "total": 881.2823227879999
    },
    "send-rank-68": {
        "average": 2.524779359770668e-06,
        "count": 10465,
        "total": 0.026421816000000042
    }
}
