{
    "CalculatingResidual": {
        "average": 0.00015166777267315001,
        "count": 10078,
        "total": 1.5285078130000058
    },
    "CreatePrediction": {
        "average": 2.726032943044269e-07,
        "count": 10078,
        "total": 0.0027472960000000145
    },
    "ErrorMPI": {
        "average": 1.012714233,
        "count": 1,
        "total": 1.012714233
    },
    "InitPrediction": {
        "average": 0.0003267532165112132,
        "count": 10078,
        "total": 3.2930189160000065
    },
    "Predict": {
        "average": 0.45479868424677594,
        "count": 10078,
        "total": 4583.461139839008
    },
    "RenderingDatabase": {
        "average": 6.712700932724771e-06,
        "count": 10078,
        "total": 0.06765060000000024
    },
    "RenderingProperty": {
        "average": 6.56051091486407e-06,
        "count": 10078,
        "total": 0.0661168290000001
    },
    "comput-rank-256": {
        "average": 0.45536193589541457,
        "count": 10078,
        "total": 4589.137589953988
    },
    "oxjWDB": {
        "average": null,
        "count": 0,
        "total": 0.0
    },
    "recv-rank-256": {
        "average": 0.08734307555154269,
        "count": 10079,
        "total": 880.3308584839988
    },
    "send-rank-256": {
        "average": 2.464933320103196e-06,
        "count": 10078,
        "total": 0.024841598000000013
    }
}
