{
    "CalculatingResidual": {
        "average": 0.00014769181654574525,
        "count": 10613,
        "total": 1.5674532489999944
    },
    "CreatePrediction": {
        "average": 2.465938000565319e-07,
        "count": 10613,
        "total": 0.002617099999999973
    },
    "ErrorMPI": {
        "average": 1.012529456,
        "count": 1,
        "total": 1.012529456
    },
    "InitPrediction": {
        "average": 0.00032341667266559947,
        "count": 10613,
        "total": 3.4324211470000074
    },
    "Predict": {
        "average": 0.4327290038268146,
        "count": 10613,
        "total": 4592.5529176139835
    },
    "RenderingDatabase": {
        "average": 5.924008762838028e-06,
        "count": 10613,
        "total": 0.062871505
    },
    "RenderingProperty": {
        "average": 6.3070541788372655e-06,
        "count": 10613,
        "total": 0.0669367659999999
    },
    "comput-rank-169": {
        "average": 0.43327554390332634,
        "count": 10613,
        "total": 4598.353347446003
    },
    "dsfpJb": {
        "average": null,
        "count": 0,
        "total": 0.0
    },
    "recv-rank-169": {
        "average": 0.08207644068739357,
        "count": 10614,
        "total": 871.1593414559954
    },
    "send-rank-169": {
        "average": 2.405967775369831e-06,
        "count": 10613,
        "total": 0.025534536000000017
    }
}
