{
    "CalculatingResidual": {
        "average": 0.00015120323157384998,
        "count": 10325,
        "total": 1.561173366000001
    },
    "CreatePrediction": {
        "average": 2.4783186440677953e-07,
        "count": 10325,
        "total": 0.0025588639999999984
    },
    "ErrorMPI": {
        "average": 1.025171885,
        "count": 1,
        "total": 1.025171885
    },
    "InitPrediction": {
        "average": 0.0003228051929297814,
        "count": 10325,
        "total": 3.3329636169999928
    },
    "Predict": {
        "average": 0.4436132129231964,
        "count": 10325,
        "total": 4580.306423432003
    },
    "RenderingDatabase": {
        "average": 6.595211525423739e-06,
        "count": 10325,
        "total": 0.06809555900000011
    },
    "RenderingProperty": {
        "average": 6.517241259079904e-06,
        "count": 10325,
        "total": 0.06729051600000001
    },
    "comput-rank-207": {
        "average": 0.44416794270614907,
        "count": 10325,
        "total": 4586.034008440989
    },
    "eyRoP9": {
        "average": null,
        "count": 0,
        "total": 0.0
    },
    "recv-rank-207": {
        "average": 0.08556884583004062,
        "count": 10326,
        "total": 883.5839020409995
    },
    "send-rank-207": {
        "average": 2.3016807748184073e-06,
        "count": 10325,
        "total": 0.023764854000000057
    }
}
