{
    "CalculatingResidual": {
        "average": 0.0001551061814550049,
        "count": 9512,
        "total": 1.4753699980000066
    },
    "CreatePrediction": {
        "average": 2.814117956265892e-07,
        "count": 9512,
        "total": 0.002676789000000117
    },
    "ErrorMPI": {
        "average": 0.986509748,
        "count": 1,
        "total": 0.986509748
    },
    "InitPrediction": {
        "average": 0.00033060469259882293,
        "count": 9512,
        "total": 3.144711836000004
    },
    "Predict": {
        "average": 0.4813153151778806,
        "count": 9512,
        "total": 4578.2712779720005
    },
    "RenderingDatabase": {
        "average": 6.147717724978996e-06,
        "count": 9512,
        "total": 0.05847709100000021
    },
    "RenderingProperty": {
        "average": 6.75373380992429e-06,
        "count": 9512,
        "total": 0.06424151599999985
    },
    "comput-rank-99": {
        "average": 0.4818814506875545,
        "count": 9512,
        "total": 4583.656358940018
    },
    "qun3Aa": {
        "average": null,
        "count": 0,
        "total": 0.0
    },
    "recv-rank-99": {
        "average": 0.09315636653390127,
        "count": 9513,
        "total": 886.1965148370028
    },
    "send-rank-99": {
        "average": 2.768843566021873e-06,
        "count": 9512,
        "total": 0.026337240000000053
    }
}
