{
    "5eV5JO": {
        "average": null,
        "count": 0,
        "total": 0.0
    },
    "CalculatingResidual": {
        "average": 0.00014678745874337608,
        "count": 10568,
        "total": 1.5512498639999983
    },
    "CreatePrediction": {
        "average": 2.646170514761617e-07,
        "count": 10568,
        "total": 0.0027964730000000766
    },
    "ErrorMPI": {
        "average": 1.025135978,
        "count": 1,
        "total": 1.025135978
    },
    "InitPrediction": {
        "average": 0.00031758990007570116,
        "count": 10568,
        "total": 3.3562900640000097
    },
    "Predict": {
        "average": 0.4326787226776116,
        "count": 10568,
        "total": 4572.548741256999
    },
    "RenderingDatabase": {
        "average": 6.2806312452687045e-06,
        "count": 10568,
        "total": 0.06637371099999967
    },
    "RenderingProperty": {
        "average": 6.567801760030286e-06,
        "count": 10568,
        "total": 0.06940852900000007
    },
    "comput-rank-156": {
        "average": 0.4332210674688688,
        "count": 10568,
        "total": 4578.280241011005
    },
    "recv-rank-156": {
        "average": 0.0843228605699694,
        "count": 10569,
        "total": 891.2083133640066
    },
    "send-rank-156": {
        "average": 2.771720571536719e-06,
        "count": 10568,
        "total": 0.029291543000000045
    }
}
