{
    "C3gH55": {
        "average": null,
        "count": 0,
        "total": 0.0
    },
    "CalculatingResidual": {
        "average": 0.00014980029315589293,
        "count": 10520,
        "total": 1.5758990839999938
    },
    "CreatePrediction": {
        "average": 2.646048479087446e-07,
        "count": 10520,
        "total": 0.0027836429999999936
    },
    "ErrorMPI": {
        "average": 1.006831175,
        "count": 1,
        "total": 1.006831175
    },
    "InitPrediction": {
        "average": 0.00032342151340304334,
        "count": 10520,
        "total": 3.402394321000016
    },
    "Predict": {
        "average": 0.43572377473127394,
        "count": 10520,
        "total": 4583.814110173002
    },
    "RenderingDatabase": {
        "average": 5.87496444866919e-06,
        "count": 10520,
        "total": 0.06180462599999988
    },
    "RenderingProperty": {
        "average": 6.350648288973365e-06,
        "count": 10520,
        "total": 0.0668088199999998
    },
    "comput-rank-163": {
        "average": 0.4362725738283277,
        "count": 10520,
        "total": 4589.587476674007
    },
    "recv-rank-163": {
        "average": 0.08363578681285054,
        "count": 10521,
        "total": 879.9321130580005
    },
    "send-rank-163": {
        "average": 2.2475143536121735e-06,
        "count": 10520,
        "total": 0.023643851000000066
    }
}
