{
    "CalculatingResidual": {
        "average": 0.0001496578079969463,
        "count": 10479,
        "total": 1.5682641700000002
    },
    "CreatePrediction": {
        "average": 2.4842399083881934e-07,
        "count": 10479,
        "total": 0.002603234999999988
    },
    "ErrorMPI": {
        "average": 1.009963303,
        "count": 1,
        "total": 1.009963303
    },
    "InitPrediction": {
        "average": 0.0003207746452905812,
        "count": 10479,
        "total": 3.3613975080000005
    },
    "Predict": {
        "average": 0.4369691857370947,
        "count": 10479,
        "total": 4579.000097339015
    },
    "RenderingDatabase": {
        "average": 5.922578013169201e-06,
        "count": 10479,
        "total": 0.062062695000000064
    },
    "RenderingProperty": {
        "average": 6.233092470655586e-06,
        "count": 10479,
        "total": 0.06531657599999989
    },
    "comput-rank-311": {
        "average": 0.43751457096784274,
        "count": 10479,
        "total": 4584.715189172024
    },
    "p2dZeQ": {
        "average": null,
        "count": 0,
        "total": 0.0
    },
    "recv-rank-311": {
        "average": 0.0844238144675569,
        "count": 10480,
        "total": 884.7615756199963
    },
    "send-rank-311": {
        "average": 2.410273976524471e-06,
        "count": 10479,
        "total": 0.02525726099999993
    }
}
