{
    "4zXx9o": {
        "average": null,
        "count": 0,
        "total": 0.0
    },
    "CalculatingResidual": {
        "average": 0.00015129113058702314,
        "count": 9710,
        "total": 1.4690368779999947
    },
    "CreatePrediction": {
        "average": 2.6441483007209057e-07,
        "count": 9710,
        "total": 0.0025674679999999994
    },
    "ErrorMPI": {
        "average": 1.014909256,
        "count": 1,
        "total": 1.014909256
    },
    "InitPrediction": {
        "average": 0.000329932395056642,
        "count": 9710,
        "total": 3.2036435559999936
    },
    "Predict": {
        "average": 0.47230339248527586,
        "count": 9710,
        "total": 4586.065941032029
    },
    "RenderingDatabase": {
        "average": 5.8623561277033785e-06,
        "count": 9710,
        "total": 0.056923477999999805
    },
    "RenderingProperty": {
        "average": 6.232332646755897e-06,
        "count": 9710,
        "total": 0.06051594999999976
    },
    "comput-rank-233": {
        "average": 0.47286003124685566,
        "count": 9710,
        "total": 4591.470903406968
    },
    "recv-rank-233": {
        "average": 0.09042956522386977,
        "count": 9711,
        "total": 878.1615078889994
    },
    "send-rank-233": {
        "average": 2.28813048403708e-06,
        "count": 9710,
        "total": 0.022217747000000045
    }
}
