{
    "CalculatingResidual": {
        "average": 0.0001470526525924507,
        "count": 10492,
        "total": 1.5428764309999927
    },
    "CreatePrediction": {
        "average": 2.3137895539458624e-07,
        "count": 10492,
        "total": 0.002427627999999999
    },
    "ErrorMPI": {
        "average": 1.02803358,
        "count": 1,
        "total": 1.02803358
    },
    "InitPrediction": {
        "average": 0.00031925592108272784,
        "count": 10492,
        "total": 3.3496331239999804
    },
    "Predict": {
        "average": 0.43660376622502906,
        "count": 10492,
        "total": 4580.846715233005
    },
    "RenderingDatabase": {
        "average": 5.8624084064048735e-06,
        "count": 10492,
        "total": 0.061508388999999934
    },
    "RenderingProperty": {
        "average": 6.064440907357991e-06,
        "count": 10492,
        "total": 0.06362811400000004
    },
    "ckFHN4": {
        "average": null,
        "count": 0,
        "total": 0.0
    },
    "comput-rank-301": {
        "average": 0.4371443490689113,
        "count": 10492,
        "total": 4586.518510431018
    },
    "recv-rank-301": {
        "average": 0.08414555776679689,
        "count": 10493,
        "total": 882.9393376469998
    },
    "send-rank-301": {
        "average": 2.409217022493333e-06,
        "count": 10492,
        "total": 0.02527750500000005
    }
}
