{
    "CalculatingResidual": {
        "average": 0.00014894662553105396,
        "count": 9886,
        "total": 1.4724863399999994
    },
    "CreatePrediction": {
        "average": 2.3448776046934917e-07,
        "count": 9886,
        "total": 0.002318145999999986
    },
    "ErrorMPI": {
        "average": 1.030264872,
        "count": 1,
        "total": 1.030264872
    },
    "InitPrediction": {
        "average": 0.0003199706286668007,
        "count": 9886,
        "total": 3.1632296349999915
    },
    "Predict": {
        "average": 0.4633201384823969,
        "count": 9886,
        "total": 4580.382889036976
    },
    "RenderingDatabase": {
        "average": 5.744164677321494e-06,
        "count": 9886,
        "total": 0.05678681200000029
    },
    "RenderingProperty": {
        "average": 6.081437588508969e-06,
        "count": 9886,
        "total": 0.06012109199999967
    },
    "comput-rank-230": {
        "average": 0.46386220227088687,
        "count": 9886,
        "total": 4585.741731649988
    },
    "n6YGOQ": {
        "average": null,
        "count": 0,
        "total": 0.0
    },
    "recv-rank-230": {
        "average": 0.08939731379872552,
        "count": 9887,
        "total": 883.8712415279992
    },
    "send-rank-230": {
        "average": 2.472891563827645e-06,
        "count": 9886,
        "total": 0.024447006000000097
    }
}
