{
    "CalculatingResidual": {
        "average": 0.00015203995688416205,
        "count": 10437,
        "total": 1.5868410299999993
    },
    "CreatePrediction": {
        "average": 2.591262814985134e-07,
        "count": 10437,
        "total": 0.002704500999999984
    },
    "ErrorMPI": {
        "average": 0.971645977,
        "count": 1,
        "total": 0.971645977
    },
    "InitPrediction": {
        "average": 0.0003287818693111035,
        "count": 10437,
        "total": 3.431496369999987
    },
    "Predict": {
        "average": 0.4396144671094199,
        "count": 10437,
        "total": 4588.256193221016
    },
    "RenderingDatabase": {
        "average": 5.890061416115711e-06,
        "count": 10437,
        "total": 0.06147457099999967
    },
    "RenderingProperty": {
        "average": 6.756744850052687e-06,
        "count": 10437,
        "total": 0.0705201459999999
    },
    "comput-rank-64": {
        "average": 0.4401798110056518,
        "count": 10437,
        "total": 4594.1566874659875
    },
    "recv-rank-64": {
        "average": 0.08389601140342935,
        "count": 10438,
        "total": 875.7065670289956
    },
    "send-rank-64": {
        "average": 2.665125323368782e-06,
        "count": 10437,
        "total": 0.027815912999999977
    },
    "zCOBeJ": {
        "average": null,
        "count": 0,
        "total": 0.0
    }
}
