{
    "couples": {
        "chen1": 0.00397614691697603,
        "chen2": 0.012213660286555664,
        "chen3": 0.023784225920395526,
        "chen4": 0.006234968247058042,
        "dabrowa10a": 0.003361530722077878,
        "dabrowa10b": 0.00270799301986284,
        "dabrowa10c": 0.0018395941827337931,
        "dabrowa10d": 0.003933429004724077,
        "dabrowa10e": 0.015220314644651046,
        "dabrowa10f": 0.0008301631203671319,
        "dabrowa10g": 0.0031161103642049926,
        "dabrowa10h": 0.003934862052198278,
        "dabrowa11a": 0.0057282757333847086,
        "dabrowa11b": 0.0034382559990658113,
        "dabrowa11c": 0.003724164548465751,
        "dabrowa11d": 0.0035704022593454872,
        "dabrowa11e": 0.003479421112056964,
        "dabrowa11f": 0.0004437967329560445,
        "dabrowa11g": 0.003602343713028939,
        "dabrowa11h": 0.004475425792970456,
        "dabrowa12a": 0.0027450953689508784,
        "dabrowa12b": 0.0030483478252588993,
        "dabrowa12c": 0.0017926777049174741,
        "dabrowa12d": 0.0041109139358072085,
        "dabrowa12e": 0.0021503889105321614,
        "dabrowa12g": 0.0020454372268480375,
        "dabrowa12h": 0.0045859486495237875,
        "dabrowa13a": 0.019862690925458375,
        "dabrowa13b": 0.001908231268821309,
        "dabrowa13c": 0.0031103953742072877,
        "dabrowa13d": 0.003986913183625618,
        "dabrowa13e": 0.008392259904747273,
        "dabrowa13f": 0.005379777273473299,
        "dabrowa13g": 0.0017497652985900849,
        "dabrowa13h": 0.003289619803207437,
        "dabrowa14a": 0.001362063665070925,
        "dabrowa14b": 0.002918831351981663,
        "dabrowa14c": 0.01042649641801062,
        "dabrowa14d": 0.003587204798319274,
        "dabrowa14e": 0.001020159458316789,
        "dabrowa14f": 0.002490934226573316,
        "dabrowa14g": 0.009290987049267185,
        "dabrowa15b": 0.08458021206059359,
        "dabrowa15e": 0.021496197737030247,
        "dabrowa15f": 0.018224162484577804,
        "dabrowa15g": 0.009394798485111096,
        "dabrowa15h": 0.007715801533874932,
        "dabrowa16c": 0.01746468814851835,
        "dabrowa16d": 0.016276878102898653,
        "dabrowa16e": 0.014158041022441238,
        "dabrowa16f": 0.010759118941346301,
        "dabrowa16g": 0.006338107722215007,
        "dabrowa16h": 0.009311685012368853,
        "dabrowa17b": 0.06982635067571931,
        "dabrowa17c": 0.010516219780969407,
        "dabrowa17d": 0.0155089919684089,
        "dabrowa17e": 0.011332136761513543,
        "dabrowa17f": 0.01045478297776355,
        "dabrowa17g": 0.009801914053840729,
        "dabrowa17h": 0.007460283764987544,
        "dabrowa18a": 0.04223218126324247,
        "dabrowa18b": 0.044090141207336654,
        "dabrowa18c": 0.0041789490285380005,
        "dabrowa18d": 0.008670696441014699,
        "dabrowa18e": 0.009878517375653324,
        "dabrowa18f": 0.005555755537651378,
        "dabrowa18g": 0.017639481398056565,
        "dabrowa18h": 0.008309417004484256,
        "dabrowa19a": 0.010921585526796737,
        "dabrowa19b": 0.005979529204521324,
        "dabrowa19c": 0.004246233052199989,
        "dabrowa19d": 0.0047707575547930375,
        "dabrowa19e": 0.009920300063520501,
        "dabrowa19f": 0.005666161385722722,
        "dabrowa19h": 0.003928726545217193,
        "dabrowa20a": 0.018055753711632122,
        "dabrowa20b": 0.022543208968785162,
        "dabrowa20c": 0.006123155269647514,
        "dabrowa20d": 0.009055232353715865,
        "dabrowa20e": 0.00347206856652565,
        "dabrowa20f": 0.002466766199369231,
        "dabrowa20g": 0.0057668307673852115,
        "dabrowa20h": 0.0034207703678000357,
        "dabrowa21a": 0.0013425032283666454,
        "dabrowa21b": 0.02794367212664841,
        "dabrowa21c": 0.022704049687728073,
        "dabrowa21d": 0.00954964260523102,
        "dabrowa21e": 0.008208882217391985,
        "dabrowa21f": 0.0019624786899200284,
        "dabrowa21g": 0.003462862567838949,
        "dabrowa21h": 0.009772295782911406,
        "dabrowa22a": 0.004992253257474496,
        "dabrowa22b": 0.003302555149289013,
        "dabrowa22c": 0.004257019012429028,
        "dabrowa22d": 0.011022560352164817,
        "dabrowa22f": 0.006127634168805396,
        "dabrowa22g": 0.006992810646472024,
        "dabrowa22h": 0.007939358770052979,
        "dabrowa23a": 0.06603905972661504,
        "dabrowa23b": 0.0005671502341569551,
        "dabrowa23c": 0.0010238546971758403,
        "dabrowa6a": 0.004074007124896123,
        "dabrowa6b": 0.005436862705558838,
        "dabrowa6c": 0.021052810639286882,
        "dabrowa6e": 0.03469441168212075,
        "dabrowa6f": 0.027453756761029978,
        "dabrowa6h": 0.01335069441291683,
        "dabrowa7a": 0.001537825116321558,
        "dabrowa7b": 0.002575901064172938,
        "dabrowa7c": 0.0052239154487360015,
        "dabrowa7d": 0.006204572313497398,
        "dabrowa7e": 0.026120758101972095,
        "dabrowa7f": 0.04989797312592285,
        "dabrowa7g": 0.007330301173757661,
        "dabrowa7h": 0.015956738710908615,
        "dabrowa8a": 0.0049379736001962365,
        "dabrowa8b": 0.003961700860314559,
        "dabrowa8c": 0.006752001492683947,
        "dabrowa8d": 0.0048202248286193725,
        "dabrowa8e": 0.012253477929955143,
        "dabrowa8g": 0.03684250805541096,
        "dabrowa8h": 0.015331115828007183,
        "dabrowa9a": 0.006499568954094408,
        "dabrowa9b": 0.008894678361172335,
        "dabrowa9d": 0.006153708536306498,
        "dabrowa9e": 0.00581462038574563,
        "dabrowa9f": 0.012007345506723385,
        "dabrowa9g": 0.0046524680959448665,
        "dabrowa9h": 0.004241818923428932,
        "kucza2a": 0.00522559430528121,
        "kucza2b": 0.0032023758786567723,
        "kucza2c": 0.003821086811964977,
        "kucza2d": 0.005589448754596275,
        "kucza2e": 0.0030842392893671283,
        "kucza2f": 0.003631353949372083,
        "kucza2g": 0.00642416900354544,
        "kucza2h": 0.0021107446948631413,
        "kucza3a": 0.005434427047132963,
        "kucza3b": 0.046996676281602735,
        "kucza3d": 0.05162029601447134,
        "kucza3e": 0.016147440685873128,
        "kucza3f": 0.02266905287809149,
        "kucza3g": 0.014910377780059072,
        "kucza3h": 0.02211961634905885,
        "kucza4a": 0.04703062431223213,
        "kucza4b": 0.025858606753907006,
        "kucza4c": 0.034560432764049485,
        "kucza4d": 0.03764919629886449,
        "kucza4e": 0.004578980812122094,
        "kucza4f": 0.006363827046006409,
        "kucza4g": 0.017136791336694976,
        "kucza4h": 0.010301594391518808,
        "kulkarni1": 0.010989575410271743,
        "tsai1": 0.008875165913634818,
        "tsai11": 0.014911265118064749,
        "tsai2": 0.003541155653523225,
        "tsai3": 0.009433639203572222,
        "tsai4": 0.0040750882997812885,
        "tsai5": 0.008239087662041324,
        "tsai6": 0.016254955388269845,
        "tsai7": 0.010851804548476998,
        "tsai8": 0.017334773799164867,
        "tsai9": 0.03198160857362236,
        "verma1": 0.0706449386275499,
        "verma2": 0.055697519317107286,
        "wangcp1": 0.003756821709758016,
        "wangcp2": 0.010906997338205021,
        "wangcp3": 0.005141791813312856,
        "wangcp4": 0.009648135216932387,
        "wangcp5": 0.013323864298757324
    },
    "rss": 2.069742338014129
}
