{
    "couples": {
        "chen1": 0.003697709886237445,
        "chen2": 0.01081287405761031,
        "chen3": 0.02339356916478739,
        "chen4": 0.0061718776275830525,
        "dabrowa10a": 0.004195483532051653,
        "dabrowa10b": 0.0030599812030307964,
        "dabrowa10c": 0.0017912668927969112,
        "dabrowa10d": 0.004515448701122471,
        "dabrowa10e": 0.015490776618333863,
        "dabrowa10f": 0.0004964818489088004,
        "dabrowa10g": 0.004395883527495507,
        "dabrowa10h": 0.004378374363539261,
        "dabrowa11a": 0.0059765069310882355,
        "dabrowa11b": 0.003768899508019926,
        "dabrowa11c": 0.003952440054166982,
        "dabrowa11d": 0.004256625382551303,
        "dabrowa11e": 0.0033599216814042487,
        "dabrowa11f": 0.000636304226693246,
        "dabrowa11g": 0.0031040532280036904,
        "dabrowa11h": 0.004217730254667723,
        "dabrowa12a": 0.0031700564166256117,
        "dabrowa12b": 0.003651268192220436,
        "dabrowa12c": 0.001900709936896537,
        "dabrowa12d": 0.004387740019317557,
        "dabrowa12e": 0.00241251863511152,
        "dabrowa12g": 0.002151013961055619,
        "dabrowa12h": 0.004579091655838349,
        "dabrowa13a": 0.021484244378048054,
        "dabrowa13b": 0.0018378174025495153,
        "dabrowa13c": 0.0033545542891847396,
        "dabrowa13d": 0.003953160565868123,
        "dabrowa13e": 0.00865288305703844,
        "dabrowa13f": 0.00563225512083944,
        "dabrowa13g": 0.001921029766853699,
        "dabrowa13h": 0.003936137691142502,
        "dabrowa14a": 0.0016935885807692211,
        "dabrowa14b": 0.0026775837248200693,
        "dabrowa14c": 0.009881625257770064,
        "dabrowa14d": 0.0031147218314086494,
        "dabrowa14e": 0.00149665870793217,
        "dabrowa14f": 0.002977385904380311,
        "dabrowa14g": 0.009801829548194523,
        "dabrowa15b": 0.08543172632871954,
        "dabrowa15e": 0.023919969581322635,
        "dabrowa15f": 0.019437587205919184,
        "dabrowa15g": 0.006737344154962788,
        "dabrowa15h": 0.00663090905166362,
        "dabrowa16c": 0.015659237155740233,
        "dabrowa16d": 0.014456849287085113,
        "dabrowa16e": 0.015155948200629507,
        "dabrowa16f": 0.011844328032165629,
        "dabrowa16g": 0.0037876809788887755,
        "dabrowa16h": 0.00626284797599267,
        "dabrowa17b": 0.07133577861140035,
        "dabrowa17c": 0.00989183927735492,
        "dabrowa17d": 0.014575667917591822,
        "dabrowa17e": 0.011476950271426268,
        "dabrowa17f": 0.010909203297468447,
        "dabrowa17g": 0.00874046198707258,
        "dabrowa17h": 0.005669315477613856,
        "dabrowa18a": 0.04262066910907819,
        "dabrowa18b": 0.0449487768629976,
        "dabrowa18c": 0.0034277513030426376,
        "dabrowa18d": 0.008075288427942862,
        "dabrowa18e": 0.010673383941530203,
        "dabrowa18f": 0.005740141806461336,
        "dabrowa18g": 0.01565036691005961,
        "dabrowa18h": 0.006329585355307114,
        "dabrowa19a": 0.011712311119194685,
        "dabrowa19b": 0.006424007784307749,
        "dabrowa19c": 0.004586605041119896,
        "dabrowa19d": 0.004592650061097262,
        "dabrowa19e": 0.009284478086550202,
        "dabrowa19f": 0.0057849343188413685,
        "dabrowa19h": 0.003600726729252931,
        "dabrowa20a": 0.01895039983534825,
        "dabrowa20b": 0.02428714733699641,
        "dabrowa20c": 0.0071365720725066525,
        "dabrowa20d": 0.009552920124189481,
        "dabrowa20e": 0.0035050256695168948,
        "dabrowa20f": 0.0026141214104886436,
        "dabrowa20g": 0.006379134772807556,
        "dabrowa20h": 0.0034700873927826894,
        "dabrowa21a": 0.0014495075570666333,
        "dabrowa21b": 0.027690773180365235,
        "dabrowa21c": 0.024971633524797955,
        "dabrowa21d": 0.010017882720492295,
        "dabrowa21e": 0.008255272234977098,
        "dabrowa21f": 0.0021850159697987034,
        "dabrowa21g": 0.0038833357700989793,
        "dabrowa21h": 0.00913111159838947,
        "dabrowa22a": 0.00488113684270708,
        "dabrowa22b": 0.003413000248830944,
        "dabrowa22c": 0.004049151231647225,
        "dabrowa22d": 0.011063000633918355,
        "dabrowa22f": 0.006339413932784406,
        "dabrowa22g": 0.007342249942769998,
        "dabrowa22h": 0.006803755596569601,
        "dabrowa23a": 0.05872932705579993,
        "dabrowa23b": 0.0005774194622764619,
        "dabrowa23c": 0.0009381278597129472,
        "dabrowa6a": 0.004440332381420032,
        "dabrowa6b": 0.005509935949478177,
        "dabrowa6c": 0.021816352748439745,
        "dabrowa6e": 0.03381569115909427,
        "dabrowa6f": 0.027179379414326035,
        "dabrowa6h": 0.011097162505253569,
        "dabrowa7a": 0.0015414223749593914,
        "dabrowa7b": 0.0026279937708405055,
        "dabrowa7c": 0.005597416380597477,
        "dabrowa7d": 0.0068452391792970975,
        "dabrowa7e": 0.025629748402898063,
        "dabrowa7f": 0.048511888739493046,
        "dabrowa7g": 0.005924926612057082,
        "dabrowa7h": 0.014267773094756322,
        "dabrowa8a": 0.00535934190082773,
        "dabrowa8b": 0.004476615264284111,
        "dabrowa8c": 0.00773490765507953,
        "dabrowa8d": 0.005292397194482946,
        "dabrowa8e": 0.012482056576721821,
        "dabrowa8g": 0.036340814574581035,
        "dabrowa8h": 0.015580199896068488,
        "dabrowa9a": 0.0066349984792853445,
        "dabrowa9b": 0.009205180207154173,
        "dabrowa9d": 0.0069103901066043345,
        "dabrowa9e": 0.006006022369243453,
        "dabrowa9f": 0.012319826031942087,
        "dabrowa9g": 0.004902320158188472,
        "dabrowa9h": 0.004586341845467932,
        "kucza2a": 0.005989144554107007,
        "kucza2b": 0.004477438784299428,
        "kucza2c": 0.004515755689579644,
        "kucza2d": 0.006630737850415964,
        "kucza2e": 0.003175947577340863,
        "kucza2f": 0.0047573340863693485,
        "kucza2g": 0.006766677170510989,
        "kucza2h": 0.0011186916547945892,
        "kucza3a": 0.004079628966186019,
        "kucza3b": 0.06161150614288947,
        "kucza3d": 0.052834023558115915,
        "kucza3e": 0.01449477086144962,
        "kucza3f": 0.020596550998350997,
        "kucza3g": 0.01613163094829113,
        "kucza3h": 0.024037396231128175,
        "kucza4a": 0.045070005304571385,
        "kucza4b": 0.025604500649589572,
        "kucza4c": 0.03500470783281882,
        "kucza4d": 0.036819243475191436,
        "kucza4e": 0.004708610105721984,
        "kucza4f": 0.006675880043313483,
        "kucza4g": 0.019523108712421362,
        "kucza4h": 0.01260492510061646,
        "kulkarni1": 0.013409370794479642,
        "tsai1": 0.008539683660257901,
        "tsai11": 0.013369427205946267,
        "tsai2": 0.002936577295990361,
        "tsai3": 0.009416816824426416,
        "tsai4": 0.004288440856181688,
        "tsai5": 0.0077508030384622105,
        "tsai6": 0.01700154683393991,
        "tsai7": 0.009645969990058408,
        "tsai8": 0.016438950937371397,
        "tsai9": 0.030266907960624735,
        "verma1": 0.07640396102708176,
        "verma2": 0.05445535336461708,
        "wangcp1": 0.00325772567718317,
        "wangcp2": 0.010624893294105502,
        "wangcp3": 0.005437286103951036,
        "wangcp4": 0.009201428948705414,
        "wangcp5": 0.012764143428444483
    },
    "rss": 2.084406107474143
}
